Localization-QA,,,,,,
English,Comment,Importance,Danish,German,Chinese,Chinese (Traditional)
%d conflicted entries,"repository status, %d is number of conflicted files",5.0,%d poster med conflict,%d Einträge mit Konflikten,%d 个冲突条目,%d 個衝突項目
%d days left,trial button title showing remaining days; %d is the number of days left,5.0,%d dage tilbage,%d Tage übrig,剩余 %d 天,剩餘 %d 天
%d files to be committed,"repository status, %d is number of uncommitted files",5.0,%d filer klar til commit,%d Dateien zum Committen,%d 个文件待提交,%d 個檔案待提交
1 conflicted entry,repository status with exactly one file in conflict,5.0,1 post med conflict,1 Eintrag mit Konflikt,1 个冲突条目,1 個衝突項目
1 day left,trial button title when one day remains in the trial,5.0,1 dag tilbage,1 Tag übrig,剩余 1 天,剩餘 1 天
1 file to be committed,repository status with exactly one uncommitted file,5.0,1 fil klar til commit,1 Datei bereit zum Committen,1 个文件待提交,1 個檔案待提交
All,button title to stage all files for commit,5.0,Alle,Alle,全部,全部
All Pro features in Working Copy are available.,intro text when user has full pro unlock,5.0,Alle Pro-funktioner i Working Copy er tilgængelige.,Alle Pro-Funktionen in Working Copy sind verfügbar.,Working Copy 中的所有专业版功能均可使用。,Working Copy 中的所有專業版功能均可使用。
Download a remote repository,,5.0,Download et remote repository,Ein Remote-Repository herunterladen,下载远程仓库,下載遠端版本庫
Expired,trial button title when the trial period has ended,5.0,Udløbet,Abgelaufen,已过期,已過期
Fetch from remote,Repositories,5.0,Fetch fra remote,Vom Remote fetchen,从远程获取,從遠端抓取
Free,trial button title when a free trial can be started,5.0,Gratis,Kostenlos,免费,免費
Identities,Settings cell title for Git author identity configuration,5.0,Identiteter,Identitäten,身份,身分
Name & Email addresses for commits,Settings cell subtitle describing identity settings,5.0,Navn & e-mailadresser for commits,Name & E-Mail-Adressen für Commits,用于提交的姓名和电子邮件地址,用於提交的姓名和電子郵件地址
None,button title to unstage all files when all are currently staged,5.0,Ingen,Keine,无,無
One-time trial unlock for %d days,trial button label when already unlocked; %d is the number of trial days,5.0,Engangs prøveoplåsning i %d dage,Einmalige Testfreischaltung für %d Tage,一次性试用解锁 %d 天,一次性試用解鎖 %d 天
"One-time trial unlock for %d days
no automatic purchase when done","trial button label; %d is the number of trial days, second line reassures no auto-charge",5.0,"Engangs prøveoplåsning i %d dage
intet automatisk køb bagefter","Einmalige Testfreischaltung für %d Tage
kein automatischer Kauf danach","一次性试用解锁 %d 天
结束后不会自动购买","一次性試用解鎖 %d 天
結束後不會自動購買"
One-time trial upgrade for %d days,trial button label when upgrade is available; %d is the number of trial days,5.0,Engangs prøveopgradering i %d dage,Einmaliges Test-Upgrade für %d Tage,一次性试用升级 %d 天,一次性試用升級 %d 天
Pro Capabilities Unlocked,headline on unlock screen when all pro features are already available,5.0,Pro-funktioner låst op,Pro-Funktionen freigeschaltet,专业版功能已解锁,專業版功能已解鎖
Pull from remote,Repositories,5.0,Pull fra remote,Pull vom Remote,从远程拉取,從遠端拉取
Purchased,button title shown when pro unlock has already been purchased,5.0,Købt,Gekauft,已购买,已購買
Resolve,toolbar item title for merge conflict resolution,5.0,Resolve,Beheben,解决,解決
Revert,button to discard uncommitted file changes,5.0,Revert,Zurücksetzen,还原,還原
Since 2014 Working Copy has pushed the limits of developer tools on iOS which is possible because the Pro Unlock pays my salary.,thank-you message shown when user has already purchased pro unlock,5.0,"Siden 2014 har Working Copy skubbet grænserne for udviklerværktøjer på iOS, hvilket er muligt fordi Pro-oplåsningen betaler min løn.","Seit 2014 hat Working Copy die Grenzen von Entwicklertools auf iOS verschoben, was möglich ist, weil die Pro-Freischaltung mein Gehalt bezahlt.",自 2014 年以来，Working Copy 一直在突破 iOS 开发者工具的极限；这之所以可行，是因为专业版解锁的收入支付了我的薪水。,自 2014 年以來，Working Copy 一直突破 iOS 開發者工具的極限；這之所以可行，是因為專業版解鎖的收入支付了我的薪水。
Starting trial will not grant any additional pro features.,message when user already has all pro features and trial would add nothing,5.0,Start af prøveperiode giver ikke yderligere pro-funktioner.,Das Starten der Testversion gewährt keine zusätzlichen Pro-Funktionen.,开始试用不会授予任何额外的专业版功能。,開始試用不會提供任何額外的專業版功能。
Status,section header for repository status information,5.0,Status,Status,状态,狀態
"Thank you for supporting this effort.

Anders Borum",closing text with developer name when user has pro unlock,5.0,"Tak for din støtte til dette arbejde.

Anders Borum","Vielen Dank für deine Unterstützung.

Anders Borum","谢谢你支持这个项目。

Anders Borum","謝謝你支援這個專案。

Anders Borum"
"Thank you.
Anders Borum",closing text with developer name on the unlock screen,5.0,"Tak.
Anders Borum","Danke.
Anders Borum","谢谢。
Anders Borum","謝謝。
Anders Borum"
"To make Working Copy fully useful you can unlock unlimited repositories, the ability to push commits and other pro features.",intro text explaining what the pro unlock provides,5.0,"For at gøre Working Copy fuldt brugbar kan du låse op for ubegrænsede repositories, muligheden for at pushe commits og andre pro-funktioner.","Um Working Copy voll nutzen zu können, kannst du unbegrenzte Repositories, die Möglichkeit Commits zu pushen und andere Pro-Funktionen freischalten.",要充分利用 Working Copy，你可以解锁不限数量的仓库、推送提交功能以及其他专业版功能。,要充分利用 Working Copy，你可以解鎖不限數量的版本庫、推送提交功能以及其他專業版功能。
Trial is no longer available.,message when the free trial has expired and cannot be restarted,5.0,Prøveperiode er ikke længere tilgængelig.,Testphase ist nicht mehr verfügbar.,试用期已不再可用。,試用期已不再可用。
Unlock Pro Capabilities,headline on unlock screen when pro purchase is available,5.0,Lås Pro-funktioner op,Pro-Funktionen freischalten,解锁专业版功能,解鎖專業版功能
"Unlock already purchased. All pro features are available.

Thank you for supporting Working Copy.",message when user already owns the full unlock and all features are available,5.0,"Unlock allerede købt. Alle pro-funktioner er tilgængelige.

Tak fordi du støtter Working Copy.","Freischaltung bereits gekauft. Alle Pro-Funktionen sind verfügbar.

Vielen Dank, dass du Working Copy unterstützt.","已购买解锁。所有专业版功能均可使用。

感谢你支持 Working Copy。","已購買解鎖。所有專業版功能均可使用。

感謝你支持 Working Copy。"
"Unlock for all your devices
unlocked features are permanent","label for the permanent unlock button, second line explains permanence",5.0,"Unlock for alle dine enheder
oplåste funktioner er permanente","Freischaltung für alle deine Geräte
freigeschaltete Funktionen sind permanent","为你的所有设备解锁
已解锁的功能永久有效","為你的所有裝置解鎖
已解鎖的功能永久有效"
"Unlock gives you access to all Pro features currently in Working Copy and new ones added the next year. All features remain permanently available while pro features added after 12 months require a new purchase.

Since 2014 Working Copy has pushed the limits of developer tools on iOS which is possible because the Pro Unlock pays my salary.",detailed explanation of how the pro unlock purchase works,5.0,"Unlock giver dig adgang til alle Pro-funktioner i Working Copy og nye der tilføjes det næste år. Alle funktioner forbliver permanent tilgængelige mens pro-funktioner tilføjet efter 12 måneder kræver et nyt køb.

Siden 2014 har Working Copy skubbet grænserne for udviklerværktøjer på iOS hvilket er muligt fordi Pro Unlock betaler min løn.","Die Freischaltung gibt dir Zugang zu allen Pro-Funktionen in Working Copy und neuen, die im nächsten Jahr hinzugefügt werden. Alle Funktionen bleiben dauerhaft verfügbar, während Pro-Funktionen, die nach 12 Monaten hinzugefügt werden, einen neuen Kauf erfordern.

Seit 2014 hat Working Copy die Grenzen von Entwicklerwerkzeugen auf iOS verschoben, was möglich ist, weil die Pro-Freischaltung mein Gehalt bezahlt.","解锁可让你使用 Working Copy 中当前所有专业版功能以及未来一年内新增的功能。所有功能永久可用，而 12 个月后新增的专业版功能需要重新购买。

自 2014 年以来，Working Copy 不断突破 iOS 开发者工具的极限，这之所以可行，是因为专业版解锁的收入支付了我的薪水。","解鎖可讓你使用 Working Copy 中目前所有專業版功能以及未來一年內新增的功能。所有功能永久可用，而 12 個月後新增的專業版功能需要重新購買。

自 2014 年以來，Working Copy 不斷突破 iOS 開發者工具的極限，這之所以可行，是因為專業版解鎖的收入支付了我的薪水。"
Upgrade Pro Capabilities,headline on unlock screen when an upgrade purchase is available,5.0,Opgrader Pro-funktioner,Pro-Funktionen upgraden,升级专业版功能,升級專業版功能
Upgrade all your devices,label for the permanent upgrade purchase button,5.0,Opgrader alle dine enheder,Alle deine Geräte upgraden,升级你的所有设备,升級你的所有裝置
"Upgrade already purchased. All pro features are available.

Thank you for supporting Working Copy.",message when user already owns the upgrade and all features are unlocked,5.0,"Opgradering allerede købt. Alle pro-funktioner er tilgængelige.

Tak fordi du støtter Working Copy.","Upgrade bereits gekauft. Alle Pro-Funktionen sind verfügbar.

Vielen Dank, dass du Working Copy unterstützt.","已购买升级。所有专业版功能均可使用。

感谢你支持 Working Copy。","已購買升級。所有專業版功能均可使用。

感謝你支援 Working Copy。"
"Upgrade gives you access to all Pro features currently in Working Copy and new ones added the next year.

All features remain permanently available while pro features added after 12 months will require a new upgrade.",explanation of how the upgrade purchase works on the unlock screen,5.0,"Opgradering giver dig adgang til alle Pro-funktioner i Working Copy og nye der tilføjes det næste år.

Alle funktioner forbliver permanent tilgængelige mens pro-funktioner tilføjet efter 12 måneder kræver en ny opgradering.","Das Upgrade gibt dir Zugang zu allen Pro-Funktionen in Working Copy und neuen, die im nächsten Jahr hinzugefügt werden.

Alle Funktionen bleiben dauerhaft verfügbar, während Pro-Funktionen, die nach 12 Monaten hinzugefügt werden, ein neues Upgrade erfordern.","升级可让你使用 Working Copy 中当前所有专业版功能以及未来一年内新增的功能。

所有功能永久可用，而 12 个月后新增的专业版功能将需要重新升级。","升級可讓你使用 Working Copy 中目前所有專業版功能以及未來一年內新增的功能。

所有功能永久可用，而 12 個月後新增的專業版功能將需要重新升級。"
ahead of %@ by %@ commits,"repository status, first %@ is remote/remotes noun, second %@ is commit count",5.0,foran %@ med %@ commits,%2$@ Commits vor %1$@,领先 %@ %@ 个提交,領先 %@ %@ 個提交
ahead of remote by 1 commit,repository status when local branch is exactly 1 commit ahead of remote,5.0,foran remote med 1 commit,1 Commit vor Remote,领先远程 1 个提交,領先遠端 1 個提交
behind %@ by %@ commits,"repository status, first %@ is remote/remotes noun, second %@ is commit count",5.0,bagud i forhold til %@ med %@ commits,%2$@ Commits hinter %1$@,落后 %@ %@ 个提交,落後 %@ %@ 個提交
behind remote by 1 commit,repository status when local branch is exactly 1 commit behind remote,5.0,bagud i forhold til remote med 1 commit,1 Commit hinter Remote,落后远程 1 个提交,落後遠端 1 個提交
branch never pushed,repository status when branch has not been pushed to any remote,5.0,branch aldrig pushet,Branch nie gepusht,分支从未推送,分支從未推送
merged,segment title for the merged result in a merge conflict,5.0,merget,gemergt,已合并,已合併
our,segment title for our side of a merge conflict,5.0,vores,unsere,我方,我方
their,segment title for their side of a merge conflict,5.0,deres,deren,对方,對方
unpushed annotations,repository status when there are git notes/annotations not yet pushed to remote,5.0,ikke-pushede annotationer,nicht gepushte Annotationen,未推送的注解,未推送的註解
unpushed tags,repository status when there are tags not yet pushed to remote,5.0,ikke-pushede tags,nicht gepushte Tags,未推送的标签,未推送的標籤
"

To access repositories without unlocking you collapse the folder by swiping left.",Repositories,4.9,"

For at tilgå repositories uden oplåsning kan du skjule mappen ved at swipe til venstre.","

Um auf Repositories ohne Freischaltung zuzugreifen, kannst du den Ordner durch Wischen nach links zuklappen.","

如需在未解锁的情况下访问仓库，可以向左滑动来折叠文件夹。","

如需在未解鎖的情況下存取版本庫，可以向左滑動來摺疊資料夾。"
%@ requires the Pro unlock.,"shown when feature needs purchase, %@ is the feature name",4.9,%@ kræver pro-oplåsning.,%@ erfordert die Pro-Freischaltung.,%@ 需要专业版解锁。,%@ 需要專業版解鎖。
%@ requires updating your Pro unlock.,"shown when feature needs upgrade, %@ is the feature name",4.9,%@ kræver opdatering af din pro-oplåsning.,%@ erfordert eine Aktualisierung deiner Pro-Freischaltung.,%@ 需要更新你的专业版解锁。,%@ 需要更新你的專業版解鎖。
All Pro features available,settings detail text when all Pro features are unlocked,4.9,Alle Pro-funktioner tilgængelige,Alle Pro-Funktionen verfügbar,所有专业版功能可用,所有專業版功能可用
How and why you should unlock,settings detail text encouraging user to learn about Pro unlock,4.9,Hvordan og hvorfor du bør låse op,Wie und warum du freischalten solltest,为什么要解锁以及如何解锁,如何解鎖以及為什麼要解鎖
"No purchases restored.

Tap to learn more.","shown after restore purchases finds nothing, tapping opens help page",4.9,"Ingen køb gendannet.

Tryk for at lære mere.","Keine Käufe wiederhergestellt.

Tippe, um mehr zu erfahren.","未恢复任何购买。

轻触了解更多。","未恢復任何購買。

點一下瞭解更多。"
Pro Capability upgrade possible,settings detail text when user can upgrade their Pro unlock,4.9,Pro-opgradering mulig,Pro-Upgrade möglich,可升级专业版功能,可升級專業版功能
Repository name,placeholder in text field when renaming a repository,4.9,Repository-navn,Repository-Name,仓库名称,版本庫名稱
"You have reached the maximum number of repositories.

Pro unlock is required for unlimited repositories.",shown on unlock screen when user tries to add more than 4 repositories,4.9,"Du har nået det maksimale antal repositories.

Pro-oplåsning er påkrævet for ubegrænsede repositories.","Du hast die maximale Anzahl an Repositories erreicht.

Pro-Freischaltung ist für unbegrenzte Repositories erforderlich.","你已达到仓库数量上限。

需要专业版解锁才能使用不限数量的仓库。","你已達到版本庫數量上限。

需要專業版解鎖才能使用不限數量的版本庫。"
trial expired,trial status when trial period has ended,4.9,prøveperiode udløbet,Testphase abgelaufen,试用已过期,試用已過期
trial never started,trial status when user has not started a trial,4.9,prøveperiode aldrig startet,Testphase nie gestartet,试用从未开始,試用從未開始
AI Settings,Settings cell title for AI text completion and agent configuration,4.8,AI-indstillinger,AI-Einstellungen,AI 设置,AI 設定
Analytics,Settings cell title for analytics toggle and privacy policy link,4.8,Analyse,Analyse,分析,分析
Ask questions or make suggestions,Settings cell subtitle for feedback email,4.8,Stil spørgsmål eller kom med forslag,Fragen stellen oder Vorschläge machen,提出问题或建议,提出問題或建議
Changes,section header for list of changed files in repository status,4.8,Ændringer,Änderungen,更改,變更
Clone,button to start cloning a repository,4.8,Clone,Clone,克隆,拓製
Completion services,Settings cell subtitle describing AI settings when only text completion is available,4.8,Fuldførelsestjenester,Vervollständigungsdienste,补全服务,補全服務
Continue app switch,Settings cell title during enterprise migration,4.8,Fortsæt app-skift,App-Wechsel fortsetzen,继续切换应用,繼續切換 App
Credentials not accepted: %@,Clone,4.8,Legitimationsoplysninger ikke accepteret: %@,Anmeldedaten nicht akzeptiert: %@,凭据未被接受：%@,憑證未被接受：%@
Current,default section header for repository status when no status title is set,4.8,Aktuel,Aktuell,当前,目前
Custom cookies and headers for http transfers,Settings cell subtitle for HTTP customization,4.8,Brugerdefinerede cookies og headers til http-overførsler,Benutzerdefinierte Cookies und Header für HTTP-Übertragungen,用于 HTTP 传输的自定义 cookies 和标头,用於 HTTP 傳輸的自訂 cookies 和標頭
Done,button title to finish amending a commit,4.8,Færdig,Fertig,完成,完成
FTP Files,Settings cell title promoting FTP Files companion app,4.8,FTP Files,FTP Files,FTP Files,FTP Files
FTP client from same developer,Settings cell subtitle for FTP Files app promotion,4.8,FTP-klient fra samme udvikler,FTP-Client vom selben Entwickler,来自同一开发者的 FTP 客户端,來自同一開發者的 FTP 用戶端
Files committed,table header shown when viewing files in an amended commit,4.8,Filer committet,Dateien committet,已提交的文件,已提交的檔案
Gists,section header for GitHub gists in repository list,4.8,Gists,Gists,Gists,Gists
Git API client from same developer,Settings cell subtitle for Source Files app promotion,4.8,Git API-klient fra samme udvikler,Git-API-Client vom selben Entwickler,来自同一开发者的 Git API 客户端,來自同一開發者的 Git API 用戶端
HTTP Customization,Settings cell title for managing cookies and extra HTTP headers,4.8,HTTP-tilpasning,HTTP-Anpassung,HTTP 自定义,自訂 HTTP
Hosting Providers,"Settings cell title for GitHub, GitLab, Bitbucket etc.",4.8,Hosting-udbydere,Hosting-Anbieter,托管服务商,代管服務商
Learn to master Working Copy,Settings cell subtitle for users guide,4.8,Lær at mestre Working Copy,Lerne Working Copy zu meistern,学习掌握 Working Copy,學習掌握 Working Copy
Libraries & Fonts,Settings cell subtitle listing types of licensed components,4.8,Biblioteker og skrifttyper,Bibliotheken & Schriftarten,库和字体,庫和字型
Licenses,Settings cell title for open source license information,4.8,Licenser,Lizenzen,许可证,授權條款
Message for annotated tags,placeholder in description field when creating a Git tag,4.8,Besked til annoterede tags,Nachricht für annotierte Tags,附注标签说明,附註標籤說明
Newsletter,Settings cell title for email newsletter signup,4.8,Nyhedsbrev,Newsletter,新闻通讯,電子報
No repositories,empty state headline when repository list is empty,4.8,Ingen repositories,Keine Repositories,没有仓库,沒有版本庫
Nothing to commit,shown when there are no changed files to commit,4.8,Intet at committe,Nichts zu committen,无内容可提交,無內容可提交
Occasional announcements,Settings cell subtitle describing newsletter frequency,4.8,Lejlighedsvise meddelelser,Gelegentliche Ankündigungen,不定期公告,不定期公告
Previous repositories,Settings cell title for restoring deleted repositories,4.8,Tidligere repositories,Frühere Repositories,先前的仓库,先前的版本庫
Rate Working Copy,Settings cell title to open App Store review page,4.8,Bedøm Working Copy,Working Copy bewerten,为 Working Copy 评分,為 Working Copy 評分
Read about recent changes,Settings cell subtitle for release notes,4.8,Læs om seneste ændringer,Über aktuelle Änderungen lesen,了解近期更改,瞭解近期變更
Reddit,Settings cell title linking to Reddit community,4.8,Reddit,Reddit,Reddit,Reddit
Release Notes,Settings cell title for app changelog,4.8,Udgivelsesnoter,Versionshinweise,版本说明,版本資訊
Repository,cell label identifying a repository in the list,4.8,Repository,Repository,仓库,版本庫
Repository status,multi-back button title for returning to repository summary,4.8,Repository-status,Repository-Status,仓库状态,版本庫狀態
S3 Files,Settings cell title promoting S3 Files companion app,4.8,S3 Files,S3 Files,S3 Files,S3 Files
S3 client from same developer,Settings cell subtitle for S3 Files app promotion,4.8,S3-klient fra samme udvikler,S3-Client vom selben Entwickler,同一开发者的 S3 客户端,同一開發者的 S3 用戶端
SSH client from same developer,Settings cell subtitle for Secure ShellFish app promotion,4.8,SSH-klient fra samme udvikler,SSH-Client vom selben Entwickler,同一开发者的 SSH 客户端,同一開發者的 SSH 用戶端
Secure ShellFish,Settings cell title promoting Secure ShellFish companion app,4.8,Secure ShellFish,Secure ShellFish,Secure ShellFish,Secure ShellFish
Settings,Repositories,4.8,Indstillinger,Einstellungen,设置,設定
Source Files,Settings cell title promoting Source Files companion app,4.8,Source Files,Source Files,Source Files,Source Files
Status and Configuration,section header for repository status and settings,4.8,Status og konfiguration,Status und Konfiguration,状态与配置,狀態與設定
Tag,button title to create a Git tag (named label on a commit),4.8,Tag,Tag,标签,標籤
Tag name,placeholder for Git tag name input field,4.8,Tag-navn,Tag-Name,标签名称,標籤名稱
"Tips, Support & Community",Settings cell subtitle for Reddit link,4.8,"Tips, support og fællesskab","Tipps, Support & Community",提示、支持和社区,提示、支援與社群
Transfer data to other app,Settings cell subtitle during enterprise migration,4.8,Overfør data til anden app,Daten an andere App übertragen,将数据传输到其他应用,將資料傳輸到其他 App
Users Guide,Settings cell title for built-in help documentation,4.8,Brugervejledning,Benutzerhandbuch,用户指南,使用者指南
Working Copy,default file storage location label showing the app name,4.8,Working Copy,Working Copy,Working Copy,Working Copy
Working Copy privacy policy ⤴️,Settings cell subtitle linking to privacy policy website,4.8,Working Copy privatlivspolitik ⤴️,Working Copy Datenschutzrichtlinie ⤴️,Working Copy 隐私政策 ⤴️,Working Copy 隱私政策 ⤴️
Write feedback,Settings cell title to compose support email,4.8,Skriv feedback,Feedback schreiben,撰写反馈,撰寫回饋
directory name,placeholder text in directory name input field,4.8,mappenavn,Verzeichnisname,目录名称,目錄名稱
filename,placeholder text in filename input field,4.8,filnavn,Dateiname,文件名,檔名
⭐️ Starred,section header for starred repositories in repository list,4.8,⭐️ Stjernemarkerede,⭐️ Favoriten,⭐️ 已加星标,⭐️ 已加星號標記
Conflicted,filter option for files with merge conflicts,4.7,I konflikt,In Konflikt,有冲突,有衝突
Content,button to navigate to the repository file contents from status view,4.7,Indhold,Inhalt,内容,內容
Modified,filter option for files with uncommitted changes,4.7,Ændret,Geändert,已修改,已修改
 Tap to merge %@.,Repositories,4.6, Tryk for at merge %@.," Tippe, um %@ zu mergen.", 轻触以合并 %@。, 點一下以合併 %@。
 Tap to merge repositories.,Repositories,4.6, Tryk for at merge repositories.," Tippe, um Repositories zu mergen.", 轻触以合并仓库。, 點一下以合併版本庫。
"%@ directory does not look like a folder of repositories.

Tap to convert to repository.",Repositories,4.6,"%@-mappen ligner ikke en mappe med repositories.

Tryk for at konvertere til repository.","%@-Verzeichnis sieht nicht wie ein Ordner mit Repositories aus.

Tippe, um in ein Repository umzuwandeln.","%@ 目录看起来不像仓库文件夹。

轻触以转换为仓库。","%@ 目錄看起來不像版本庫資料夾。

點一下以轉換為版本庫。"
"%@ imported as a copy.

Drag from the Playgrounds folder in the Files app to configure a linked repository that tracks changes inside the Playgrounds app.",Repositories,4.6,"%@ importeret som kopi.

Træk fra Playgrounds-mappen i Arkiver-appen for at konfigurere et linket repository, der sporer ændringer i Playgrounds-appen.","%@ als Kopie importiert.

Ziehe aus dem Playgrounds-Ordner in der Dateien-App, um ein verknüpftes Repository zu konfigurieren, das Änderungen in der Playgrounds-App verfolgt.","%@ 已作为副本导入。

从“文件”App 的 Playgrounds 文件夹中拖放，以配置一个链接仓库来跟踪 Playgrounds App 中的更改。","%@ 已作為副本匯入。

從「檔案」App 的 Playgrounds 資料夾中拖放，以設定一個連結版本庫來追蹤 Playgrounds App 中的變更。"
Add folder,,4.6,Tilføj mappe,Ordner hinzufügen,添加文件夹,新增資料夾
Clone repository,,4.6,Clone repository,Clone Repository,克隆仓库,拓製版本庫
Create a new commit that undoes changes,subtitle for disabled revert action when no commit is selected,4.6,Opret en ny commit der fortryder ændringer,"Erstelle einen neuen Commit, der Änderungen rückgängig macht",创建一个撤销更改的新提交,建立一個撤銷變更的新提交
Create a new empty repository,,4.6,Opret et nyt tomt repository,Ein neues leeres Repository erstellen,创建一个新的空仓库,建立一個新的空版本庫
Directory,,4.6,Mappe,Verzeichnis,目录,目錄
Document Package,,4.6,Dokumentpakke,Dokumentpaket,文稿包,文件套件
Fast-forward merge only,Repositories,4.6,Kun fast-forward merge,Nur Fast-Forward-Merge,仅快进合并,僅快轉合併
Fetch All,Repositories,4.6,Fetch alle,Alle fetchen,获取全部,抓取全部
Folder,Repositories,4.6,Mappe,Ordner,文件夹,資料夾
Initialize new repository,,4.6,Initialisér nyt repository,Neues Repository initialisieren,初始化新仓库,初始化新版本庫
Link external repository,,4.6,Forbind eksternt repository,Externes Repository verknüpfen,链接外部仓库,連結外部版本庫
Link to an existing folder on device,,4.6,Link til eksisterende mappe på enhed,Verknüpfung zu einem vorhandenen Ordner auf dem Gerät,链接到设备上的现有文件夹,連結到裝置上的現有資料夾
Manage repository outside Working Copy,,4.6,Administrér repository uden for Working Copy,Repository außerhalb von Working Copy verwalten,在 Working Copy 外管理仓库,在 Working Copy 外管理版本庫
New commit that undoes %@,"subtitle explaining revert action, %@ is a short commit hash",4.6,Ny commit der fortryder %@,"Neuer Commit, der %@ rückgängig macht",撤销 %@ 的新提交,撤銷 %@ 的新提交
Organize repositories into groups,,4.6,Organisér repositories i grupper,Repositories in Gruppen organisieren,将仓库整理到分组中,將版本庫整理到分組中
Pick All,Repositories,4.6,Vælg alle,Alle auswählen,全选,全選
Pro users can manage repository outside app,,4.6,Pro-brugere kan administrere repository uden for app,Pro-Benutzer können Repository außerhalb der App verwalten,Pro 用户可以在应用外管理仓库,Pro 使用者可以在 App 外管理版本庫
Pro users can organize repositories into groups,,4.6,Pro-brugere kan organisere repositories i grupper,Pro-Benutzer können Repositories in Gruppen organisieren,Pro 用户可以将仓库整理到分组中,Pro 使用者可以將版本庫整理到分組中
Pull All,Repositories,4.6,Pull alle,Alle pullen,全部拉取,全部拉取
Pull to fetch for all repositories.,Repositories,4.6,Træk ned for at fetche alle repositories.,"Herunterziehen, um alle Repositories zu fetchen.",下拉以获取所有仓库的更新。,下拉以抓取所有版本庫。
There is already an entry %@. Pick another name.,Repositories,4.6,Der er allerede en post %@. Vælg et andet navn.,Es gibt bereits einen Eintrag %@. Wähle einen anderen Namen.,已存在条目 %@。请选择其他名称。,已存在項目 %@。請選擇其他名稱。
Unknown status,settings detail text when payment status cannot be determined,4.6,Ukendt status,Unbekannter Status,未知状态,未知狀態
Update all repositories,Repositories,4.6,Opdater alle repositories,Alle Repositories aktualisieren,更新所有仓库,更新所有版本庫
Welcome repository,,4.6,Velkomst-repository,Willkommens-Repository,欢迎仓库,歡迎版本庫
You imported %@ as a log file. Use 'Save in Working Copy' to write file to repository.,Repositories,4.6,Du importerede %@ som en logfil. Brug 'Save in Working Copy' for at skrive fil til repository.,"Du hast %@ als Logdatei importiert. Verwende 'Save in Working Copy', um die Datei ins Repository zu schreiben.",你已将 %@ 导入为日志文件。使用“Save in Working Copy”将文件写入仓库。,你已將 %@ 匯入為日誌檔案。使用「Save in Working Copy」將檔案寫入版本庫。
You imported %@ as a log file. Use 'Working Copy' from the top row of the share sheet to store files in repository.,Repositories,4.6,Du importerede %@ som en logfil. Brug 'Working Copy' fra øverste række i delearket for at gemme filer i repository.,"Du hast %@ als Logdatei importiert. Verwende 'Working Copy' aus der oberen Reihe des Teilen-Menüs, um Dateien im Repository zu speichern.",你已将 %@ 导入为日志文件。使用共享菜单顶行的“Working Copy”将文件存储到仓库。,你已將 %@ 匯入為日誌檔案。使用分享選單最上方一列的「Working Copy」將檔案儲存到版本庫。
You need to clone repository to view %@ branch.,Repositories,4.6,Du skal clone repositoriet for at se %@ branch.,"Du musst das Repository clonen, um den %@ Branch zu sehen.",你需要克隆仓库才能查看 %@ 分支。,你需要拓製版本庫才能檢視 %@ 分支。
You need to clone repository to view %@.,Repositories,4.6,Du skal clone repositoriet for at se %@.,"Du musst das Repository clonen, um %@ zu sehen.",你需要克隆仓库才能查看 %@。,你需要拓製版本庫才能檢視 %@。
You need to clone repository to view commit %@.,Repositories,4.6,Du skal clone repositoriet for at se commit %@.,"Du musst das Repository clonen, um Commit %@ zu sehen.",你需要克隆仓库才能查看提交 %@。,你需要拓製版本庫才能檢視提交 %@。
You need to clone repository to view pull request #%d,Repositories,4.6,Du skal clone repositoriet for at se pull request #%d,"Du musst das Repository clonen, um Pull Request #%d zu sehen",你需要克隆仓库才能查看拉取请求 #%d,你需要拓製版本庫才能檢視 Pull Request #%d
ongoing rebase with  %d conflicts,"repository status during rebase, %d is number of conflicts",4.6,igangværende rebase med %d konflikter,laufender Rebase mit %d Konflikten,变基进行中，有 %d 个冲突,重定基底進行中，有 %d 個衝突
ongoing rebase with 1 conflict,repository status during rebase with exactly one conflict,4.6,igangværende rebase med 1 konflikt,laufender Rebase mit 1 Konflikt,变基进行中，有 1 个冲突,重定基底進行中，有 1 個衝突
such as Codea or Swift Playground,,4.6,som f.eks. Codea eller Swift Playground,wie z. B. Codea oder Swift Playground,例如 Codea 或 Swift Playground,例如 Codea 或 Swift Playground
"

Clone again to retry without LFS support.",Clone,4.5,"

Clone igen for at prøve uden LFS-understøttelse.","

Erneut clonen, um es ohne LFS-Unterstützung zu versuchen.","

再次克隆以尝试不使用 LFS 支持。","

再次拓製以嘗試不使用 LFS 支援。"
"%@

The certificate for %@ is not valid. Trusting this certificate might put your sourcecode at risk.",Clone,4.5,"%@

Certifikatet for %@ er ikke gyldigt. At stole på dette certifikat kan sætte din kildekode i fare.","%@

Das Zertifikat für %@ ist nicht gültig. Diesem Zertifikat zu vertrauen könnte deinen Quellcode gefährden.","%@

%@ 的证书无效。信任此证书可能会使你的源代码面临风险。","%@

%@ 的憑證無效。信任此憑證可能會使你的原始碼面臨風險。"
%@ branch,branch label showing current branch name. %@ is branch name,4.5,%@ branch,%@ Branch,%@ 分支,%@ 分支
%d directories and %d files,folder detail text showing count of directories and files,4.5,%d mapper og %d filer,%d Verzeichnisse und %d Dateien,%d 个目录和 %d 个文件,%d 個目錄和 %d 個檔案
%d repositories,folder detail text showing repository count,4.5,%d repositories,%d Repositories,%d 个仓库,%d 個版本庫
%ld files ,"plural file count prefix in repository status summary, %ld is the number of files",4.5,%ld filer ,%ld Dateien ,%ld 个文件 ,%ld 個檔案 
%ld matching files,plural search result count in directory listing. %ld is count,4.5,%ld matchende filer,%ld passende Dateien,%ld 个匹配文件,%ld 個相符檔案
%ld+ matching files,search result count when there are more matches than shown. %ld is count,4.5,%ld+ matchende filer,%ld+ passende Dateien,%ld+ 个匹配文件,%ld+ 個相符檔案
+,Clone,4.5,+,+,+,+
1 file,singular file count prefix in repository status summary,4.5,1 fil,1 Datei,1 个文件,1 個檔案
1 matching file,singular search result count in directory listing,4.5,1 matchende fil,1 passende Datei,1 个匹配文件,1 個相符檔案
1 repository,folder detail text when folder contains exactly one repository,4.5,1 repository,1 Repository,1 个仓库,1 個版本庫
BitBucket,hosting provider name in onboarding account setup,4.5,BitBucket,BitBucket,BitBucket,BitBucket
Buy,fallback purchase button title when product price is unavailable,4.5,Køb,Kaufen,购买,購買
Cancel,button to cancel ZIP operation,4.5,Annullér,Abbrechen,取消,取消
Detached HEAD,branch label when HEAD is not on any branch,4.5,Detached HEAD,Detached HEAD,分离头指针,分離 HEAD 指標
Document,,4.5,Dokument,Dokument,文稿,文件
Done editing,button title to finish editing a file,4.5,Færdig med redigering,Bearbeitung abgeschlossen,编辑完成,編輯完成
Drag-and-drop reordering of repositories,free feature: rearranging the repository list by dragging,4.5,Træk-og-slip omarrangering af repositories,Drag-and-Drop-Neuordnung von Repositories,拖放排列仓库,拖放排列版本庫
GitHub,hosting provider name in onboarding account setup,4.5,GitHub,GitHub,GitHub,GitHub
GitLab,hosting provider name in onboarding account setup,4.5,GitLab,GitLab,GitLab,GitLab
Gitea,hosting provider name in onboarding account setup,4.5,Gitea,Gitea,Gitea,Gitea
HEAD detached,repository status when HEAD is not attached to a branch,4.5,HEAD afkoblet,HEAD abgetrennt,HEAD 已分离,HEAD 已分離
Insert Symlink,dialog title when creating a symbolic link,4.5,Indsæt symbolsk link,Symbolischen Link einfügen,插入符号链接,插入符號連結
List,toolbar button to return to repository list,4.5,Liste,Liste,列表,清單
New Directory,dialog title when creating a new directory,4.5,Ny mappe,Neues Verzeichnis,新建目录,新建目錄
New Text File,dialog title when creating a new text file,4.5,Ny tekstfil,Neue Textdatei,新建文本文件,新建文字檔案
No branch,branch label when repository has no branches,4.5,Ingen branch,Kein Branch,没有分支,沒有分支
No changes,repository status when working directory is clean,4.5,Ingen ændringer,Keine Änderungen,无更改,無變更
Obsidian,third-party note-taking app name in onboarding,4.5,Obsidian,Obsidian,Obsidian,Obsidian
Override,button to proceed despite file type mismatch,4.5,Tilsidesæt,Überschreiben,仍要保存,仍要儲存
Paste Directory,dialog title when pasting a directory from clipboard,4.5,Sæt mappe ind,Verzeichnis einsetzen,粘贴目录,貼上目錄
Paste File,dialog title when pasting a file from clipboard,4.5,Sæt fil ind,Datei einsetzen,粘贴文件,貼上檔案
Reject,Clone,4.5,Afvis,Ablehnen,拒绝,拒絕
Repository status not ready.,reason checkout is not possible before status has been determined,4.5,Repository-status ikke klar.,Repository-Status nicht bereit.,仓库状态未就绪。,版本庫狀態未就緒。
Runestone,third-party code editor app name in onboarding,4.5,Runestone,Runestone,Runestone,Runestone
"Screen Lock provides superficial protection when other people use this %@.

Having a strong device password and keeping your device locked is safer as Working Copy uses built-in iOS Data Protection making passwords, authentication tokens, SSH keys and repository files unavailable while %@ is locked.",footer explaining screen lock limitations; both %@ are the device type like iPad or iPhone,4.5,"Skærmlås giver overfladisk beskyttelse når andre bruger denne %@.

At have en stærk enhedsadgangskode og holde din enhed låst er sikrere, da Working Copy bruger den indbyggede iOS-databeskyttelse, som gør adgangskoder, godkendelsestokens, SSH-nøgler og repository-filer utilgængelige mens %@ er låst.","Bildschirmsperre bietet oberflächlichen Schutz, wenn andere Personen dieses %@ benutzen.

Ein starkes Gerätepasswort und ein gesperrtes Gerät sind sicherer, da Working Copy den integrierten iOS-Datenschutz nutzt, der Passwörter, Authentifizierungs-Tokens, SSH-Schlüssel und Repository-Dateien unzugänglich macht, solange %@ gesperrt ist.","屏幕锁定在他人使用此 %@ 时只提供有限保护。

设置强设备密码并保持设备锁定更安全，因为 Working Copy 使用 iOS 内置数据保护功能，在 %@ 锁定时密码、认证令牌、SSH 密钥和仓库文件将不可访问。","螢幕鎖定在他人使用此 %@ 時只提供有限保護。

設定強裝置密碼並保持裝置鎖定更安全，因為 Working Copy 使用 iOS 內建資料保護功能，在 %@ 鎖定時密碼、驗證權杖、SSH 金鑰和版本庫檔案將無法存取。"
Share,preview action button to share file content,4.5,Del,Teilen,共享,分享
Switch branch,button label to switch to a different branch,4.5,Skift branch,Branch wechseln,切换分支,切換分支
Tap to clone from %@,Clone,4.5,Tryk for at clone fra %@,Tippe zum Clonen von %@,轻触以从 %@ 克隆,點一下以從 %@ 拓製
Textastic,third-party code editor app name in onboarding,4.5,Textastic,Textastic,Textastic,Textastic
"The '%@' button lets you switch between branches and Commit, Push & Pull repository.",onboarding tip explaining the branch button. %@ is button name,4.5,"'%@'-knappen lader dig skifte mellem branches og committe, pushe og pulle repository.","Die '%@'-Taste ermöglicht dir, zwischen Branches zu wechseln und das Repository zu committen, pushen und pullen.",“%@”按钮可让你在分支之间切换，以及对仓库进行提交、推送和拉取操作。,「%@」按鈕可讓你在分支之間切換，以及對版本庫進行提交、推送和拉取操作。
Trust,Clone,4.5,Stol på,Vertrauen,信任,信任
URL,Clone,4.5,URL,URL,URL,URL
You moved %@%@. Tap to Undo.,"undo banner after moving an item. first %@ is item name, second %@ is additional context",4.5,Du flyttede %@%@. Tryk for at fortryde.,Du hast %@%@ verschoben. Tippe zum Widerrufen.,你移动了 %@%@。轻触以撤销。,你移動了 %@%@。點一下以撤銷。
You moved %d %@%@. Tap to Undo.,"undo banner after moving multiple items. %d is count, first %@ is item type, second %@ is additional context",4.5,Du flyttede %d %@%@. Tryk for at fortryde.,Du hast %d %@%@ verschoben. Tippe zum Widerrufen.,你移动了 %d 个 %@%@。轻触以撤销。,你移動了 %d 個 %@%@。點一下以撤銷。
You stepped in %d directory levels. Long tap the back button to step back multiple levels.,tip shown after navigating deep into directory hierarchy. %d is number of levels,4.5,Du gik %d mappeniveauer ind. Hold tilbage-knappen nede for at gå flere niveauer tilbage.,"Du bist %d Verzeichnisebenen hineingegangen. Halte die Zurück-Taste gedrückt, um mehrere Ebenen zurückzugehen.",你已进入 %d 级目录。长按返回按钮可返回多个级别。,你已進入 %d 層目錄。長按返回按鈕可一次返回多層。
directories,plural item type for moved directories,4.5,mapper,Verzeichnisse,目录,目錄
directory,item type for a single moved directory,4.5,mappe,Verzeichnis,目录,目錄
file,item type for a single moved file,4.5,fil,Datei,文件,檔案
files,plural item type for moved files,4.5,filer,Dateien,文件,檔案
iA Writer,third-party writing app name in onboarding,4.5,iA Writer,iA Writer,iA Writer,iA Writer
items,plural item type for mixed moved files and directories,4.5,emner,Elemente,项目,項目
merge in progress,repository status when a merge operation is ongoing,4.5,merge i gang,Merge läuft,合并进行中,合併進行中
other apps,generic label for other compatible apps in onboarding,4.5,andre apps,andere Apps,其他应用,其他 App
photo,default filename prefix when importing a photo,4.5,foto,Foto,照片,照片
ssh server,generic SSH server option in onboarding account setup,4.5,ssh-server,SSH-Server,SSH 服务器,SSH 伺服器
%@ %@,"Settings footer showing app name and version, e.g. 'Working Copy 1.2.3'",4.4,%@ %@,%@ %@,%@ %@,%@ %@
%@ did not shutdown gracefully. You can power off to force a shutdown.,"message when server stop times out, %@ is server name",4.4,%@ lukkede ikke ned korrekt. Du kan slukke for at gennemtvinge nedlukning.,"%@ wurde nicht ordnungsgemäß heruntergefahren. Du kannst ausschalten, um das Herunterfahren zu erzwingen.",%@ 未正常关闭。你可以使用“关机”以强制关机。,%@ 未正常關閉。你可以使用「關機」以強制關機。
App Integrations,Settings cell title for URL callback and app integration settings,4.4,App-integrationer,App-Integrationen,应用集成,App 整合
Authorizes secure shell transfers,Settings cell subtitle for SSH keys,4.4,Autoriserer sikre shell-overførsler,Autorisiert sichere Shell-Übertragungen,授权安全 Shell 传输,授權安全 Shell 傳輸
Clone and reclaim changed files,settings action description,4.4,Clone og genskab ændrede filer,Repository und geänderte Dateien wiederherstellen,克隆并恢复已更改的文件,拓製並恢復已變更的檔案
Color Scheme,Settings cell title for light/dark mode selection,4.4,Farveskema,Farbschema,配色方案,配色方案
Completion and agent services,Settings cell subtitle describing AI settings when Repository Agent is available,4.4,Fuldførelses- og agenttjenester,Vervollständigungs- und Agentendienste,补全和助理服务,補全和助理服務
Destroy,destructive button to permanently delete a cloud server,4.4,Destruér,Zerstören,销毁,銷毀
Face ID,label for Face ID unlock option in screen lock settings,4.4,Face ID,Face ID,Face ID,Face ID
Holiday Activity,Settings cell title for GitHub contribution activity animation,4.4,Ferieaktivitet,Feiertagsaktivität,假日活动,假日活動
Integration with Git & Cloud providers,Hosting providers cell subtitle when cloud providers are available,4.4,Integration med Git- og cloud-udbydere,Integration mit Git- und Cloud-Anbietern,与 Git 和云服务商的集成,與 Git 和雲服務商的整合
Integration with Git hosting providers,Hosting providers cell subtitle without cloud providers,4.4,Integration med Git hosting-udbydere,Integration mit Git-Hosting-Anbietern,与 Git 托管服务商的集成,與 Git 代管服務商的整合
Logged in as %@,"status, arg: username",4.4,Logget ind som %@,Angemeldet als %@,已登录为 %@,已登入為 %@
Overwrite,button to confirm overwriting file with uncommitted changes,4.4,Overskriv,Überschreiben,覆盖,覆蓋
Password,title for change password dialog,4.4,Adgangskode,Passwort,密码,密碼
Please wait while checking your status.,header text while verifying cloud provider login status,4.4,Vent venligst mens din status kontrolleres.,"Bitte warte, während dein Status überprüft wird.",正在检查你的状态，请稍候。,正在檢查你的狀態，請稍候。
Power Off,destructive button to force shutdown a cloud server,4.4,Sluk,Ausschalten,关机,關機
Protect your repositories,Settings cell subtitle for screen lock,4.4,Beskyt dine repositories,Schütze deine Repositories,保护你的仓库,保護你的版本庫
SSH Keys,Settings cell title for SSH key management,4.4,SSH-nøgler,SSH-Schlüssel,SSH 密钥,SSH 金鑰
Screen Lock,Settings cell title for biometric/passcode lock feature,4.4,Skærmlås,Bildschirmsperre,屏幕锁定,螢幕鎖定
Sign into,tappable link text to sign into existing cloud provider account,4.4,Log ind på,Anmelden bei,登录,登入
Sign out,tappable link text to sign out from cloud provider,4.4,Log ud,Abmelden,退出登录,登出
Sign up,tappable link text to open cloud provider sign-up page,4.4,Tilmeld dig,Registrieren,注册,註冊
Sign up for or Sign into your %@ account.,"header text when logged out, %@ is cloud provider name e.g. DigitalOcean",4.4,Tilmeld dig eller log ind på din %@-konto.,Registriere dich oder melde dich bei deinem %@-Konto an.,注册或登录你的 %@ 账户。,註冊或登入你的 %@ 帳戶。
Stage,menu action to add file changes to the next commit,4.4,Stage,Stage,暂存,暫存
Stop,button to stop a running cloud server,4.4,Stop,Stopp,停止,停止
Touch ID,label for Touch ID unlock option in screen lock settings,4.4,Touch ID,Touch ID,Touch ID,Touch ID
WebDAV Server,Settings cell title for built-in WebDAV file server,4.4,WebDAV-server,WebDAV-Server,WebDAV 服务器,WebDAV 伺服器
libgit2,"Library name label in settings, shown in release builds",4.4,libgit2,libgit2,libgit2,libgit2
libgit2 %@,"Library version label in settings footer, %@ is version string",4.4,libgit2 %@,libgit2 %@,libgit2 %@,libgit2 %@
%@ problem: %@,Clone,4.3,%@ problem: %@,%@ Problem: %@,%@ 问题：%@,%@ 問題：%@
Configure,Clone,4.3,Konfigurér,Konfigurieren,配置,設定
Help,Clone,4.3,Hjælp,Hilfe,帮助,幫助
Logged into %@ as %@.,Clone,4.3,Logget ind på %@ som %@.,Angemeldet bei %@ als %@.,已登录 %@，用户名 %@。,已登入 %@，使用者名稱 %@。
Logged into %@.,Clone,4.3,Logget ind på %@.,Angemeldet bei %@.,已登录 %@。,已登入 %@。
No matches,Clone,4.3,Ingen resultater,Keine Treffer,无匹配结果,沒有相符結果
Reading repositories,Clone,4.3,Læser repositories,Lese Repositories,正在读取仓库,正在讀取版本庫
Reading repositories for %@.,Clone,4.3,Læser repositories for %@.,Lese Repositories für %@.,正在读取 %@ 的仓库。,正在讀取 %@ 的版本庫。
Working Copy can be restricted from accessing organization data.,Clone,4.3,Working Copy kan være begrænset fra at tilgå organisationsdata.,Working Copy kann vom Zugriff auf Organisationsdaten ausgeschlossen sein.,Working Copy 可能被限制访问组织数据。,Working Copy 可能被限制存取組織資料。
Your repositories,Clone,4.3,Dine repositories,Deine Repositories,你的仓库,你的版本庫
authentication token,placeholder text for password field when authenticating with Overleaf,4.3,godkendelsestoken,Authentifizierungstoken,认证令牌,驗證權杖
.dotfiles,filter menu option to show files starting with dot,4.2,.dotfiler,.dotfiles,.dotfiles,.dotfiles
Action,undo action name for share sheet activity that modified file content,4.2,Handling,Aktion,操作,操作
Automatic,default SSH key selection label when no specific key is chosen,4.2,Automatisk,Automatisch,自动,自動
Connect to WebDAV server at %@,Repositories,4.2,Forbind til WebDAV-server på %@,Mit WebDAV-Server auf %@ verbinden,连接到 %@ 的 WebDAV 服务器,連線到 %@ 的 WebDAV 伺服器
Date,sort option for file modification date,4.2,Dato,Datum,日期,日期
Extract content,button to extract contents of a ZIP archive,4.2,Udpak indhold,Inhalt entpacken,解压内容,解壓內容
Ignored,filter option for files ignored by git,4.2,Ignoreret,Ignoriert,已忽略,已忽略
Kind,sort option for file type,4.2,Type,Art,类型,型別
Logged in user,fallback label when username is unknown,4.2,Indlogget bruger,Angemeldeter Benutzer,已登录用户,已登入使用者
Name,sort option for filename,4.2,Navn,Name,名称,名稱
"Repository has %d submodules that you can clone individually from the directory listing.

Tap to clone all these now.",Clone,4.2,"Repository har %d submodules som du kan clone individuelt fra mappeoversigten.

Tryk for at clone dem alle nu.","Repository hat %d Submodules, die du einzeln aus der Verzeichnisliste clonen kannst.

Tippe, um alle jetzt zu clonen.","仓库有 %d 个子模组，你可以从目录列表中逐个克隆。

轻触以立即克隆所有子模组。","版本庫有 %d 個子模組，你可以從目錄清單中逐個拓製。

點一下以立即拓製所有子模組。"
"Repository has a submodule that you can clone from the directory listing.

Tap to clone submodule now.",Clone,4.2,"Repository har et submodule som du kan clone fra mappeoversigten.

Tryk for at clone submodule nu.","Repository hat ein Submodule, das du aus der Verzeichnisliste clonen kannst.

Tippe, um das Submodule jetzt zu clonen.","仓库有一个子模组，你可以从目录列表中克隆。

轻触以立即克隆子模组。","版本庫有一個子模組，你可以從目錄清單中拓製。

點一下以立即拓製子模組。"
Setup synced directory,,4.2,Opsæt synkroniseret mappe,Synchronisierten Ordner einrichten,设置同步目录,設定同步目錄
"Show only:
%@","filter label format, %@ is the filter type name",4.2,"Vis kun:
%@","Nur anzeigen:
%@","仅显示：
%@","僅顯示：
%@"
Size,sort option for file size,4.2,Størrelse,Größe,大小,大小
Submodule,cell label identifying a submodule in the list,4.2,Submodule,Submodule,子模组,子模組
Submodules cloned.,Clone,4.2,Submodules klonet.,Submodules geklont.,子模组已克隆。,子模組已拓製。
Toggle Preview,,4.2,Skift forhåndsvisning,Vorschau umschalten,切换预览,切換預覽
Two-way sync with folder outside Working Copy,,4.2,Tovejs-synkronisering med mappe uden for Working Copy,Zweiwege-Synchronisierung mit Ordner außerhalb von Working Copy,与 Working Copy 外部文件夹双向同步,與 Working Copy 外部資料夾雙向同步
WebDAV server stopped,Repositories,4.2,WebDAV-server stoppet,WebDAV-Server gestoppt,WebDAV 服务器已停止,WebDAV 伺服器已停止
Write ZIP,button to save a directory as a ZIP archive,4.2,Skriv ZIP,ZIP schreiben,写入 ZIP,寫入 ZIP
"You are using the 'Edit in Textastic' action to send a copy of %@ to Textastic. This is no longer supported.

Use 'Open in Textastic' or 'Copy to Textastic' from the sharesheet that lets Textastic edit directly on %@ inside the repository.","deprecation message for old Textastic integration, both %@ are the filename",4.2,"Du bruger handlingen 'Edit in Textastic' til at sende en kopi af %@ til Textastic. Dette understøttes ikke længere.

Brug 'Open in Textastic' eller 'Copy to Textastic' fra delearket som lader Textastic redigere direkte i %@ inde i repositoriet.","Du verwendest die Aktion 'Edit in Textastic', um eine Kopie von %@ an Textastic zu senden. Dies wird nicht mehr unterstützt.

Verwende 'Open in Textastic' oder 'Copy to Textastic' aus dem Teilen-Menü, das Textastic direkt auf %@ im Repository bearbeiten lässt.","你正在使用“Edit in Textastic”操作将 %@ 的副本发送到 Textastic。此功能已不再支持。

请使用共享菜单中的“Open in Textastic”或“Copy to Textastic”，以便 Textastic 直接编辑仓库中的 %@。","你正在使用「Edit in Textastic」操作將 %@ 的副本傳送到 Textastic。此功能已不再支援。

請使用分享選單中的「Open in Textastic」或「Copy to Textastic」，以便 Textastic 直接編輯版本庫中的 %@。"
You have a SSH key for authenticating with %@. Tap to change the clone URL to a SSH variant.,Clone,4.2,Du har en SSH-nøgle til godkendelse med %@. Tryk for at ændre clone-URL til en SSH-variant.,"Du hast einen SSH-Schlüssel zur Authentifizierung bei %@. Tippe, um die Clone-URL auf eine SSH-Variante zu ändern.",你有一个可用于在 %@ 进行认证的 SSH 密钥。轻触以将克隆 URL 改为 SSH 格式。,你有一個可用於在 %@ 驗證身分的 SSH 金鑰。點一下以將拓製 URL 改為 SSH 格式。
You have filtering enabled to only see '%@' files. Tap to disable filtering.,"tip shown when file filtering is active, %@ is the filter type name",4.2,Du har filtrering aktiveret til kun at vise '%@'-filer. Tryk for at deaktivere filtrering.,"Du hast Filterung aktiviert, um nur '%@'-Dateien zu sehen. Tippe, um die Filterung zu deaktivieren.",你已启用筛选，仅显示“%@”文件。轻触以禁用筛选。,你已啟用篩選，僅顯示「%@」檔案。點一下以停用篩選。
unapplied stash,repository status when there is a stash that has not been applied,4.2,uanvendt stash,nicht angewendeter Stash,未应用的储藏,未應用的貯存
Add Key,tappable link text to add an SSH key to cloud provider,4.1,Tilføj nøgle,Schlüssel hinzufügen,添加密钥,新增金鑰
Available at %@,"WebDAV server status, %@ is the URL where server is accessible",4.1,Tilgængelig ved %@,Verfügbar unter %@,可通过 %@ 访问,可在 %@ 使用
Enable ScreenLock,title for dialog when first enabling screen lock,4.1,Aktiver skærmlås,Bildschirmsperre aktivieren,启用屏幕锁定,啟用螢幕鎖定
Enabled,label for screen lock on/off toggle,4.1,Aktiveret,Aktiviert,已启用,已啟用
For security reasons the WebDAV server stops after 15 minutes of inactivity.,footer explaining WebDAV auto-stop behavior when server is running,4.1,Af sikkerhedshensyn stopper WebDAV-serveren efter 15 minutters inaktivitet.,Aus Sicherheitsgründen stoppt der WebDAV-Server nach 15 Minuten Inaktivität.,出于安全原因，WebDAV 服务器在 15 分钟无活动后会自动停止。,出於安全原因，WebDAV 伺服器在 15 分鐘無活動後會自動停止。
Keep track of your location while using the WebDAV server even as Working Copy runs in the background.,footer explaining server persistence feature using background location,4.1,"Hold styr på din placering, mens du bruger WebDAV-serveren, selv mens Working Copy kører i baggrunden.","Behalte deinen Standort im Blick, während du den WebDAV-Server verwendest, auch wenn Working Copy im Hintergrund läuft.",在使用 WebDAV 服务器时跟踪你的位置，即使 Working Copy 在后台运行。,在使用 WebDAV 伺服器時追蹤你的位置，即使 Working Copy 在背景執行。
Not currently running,WebDAV server status when stopped,4.1,Kører ikke i øjeblikket,Läuft derzeit nicht,当前未运行,目前未執行
Remove Key,tappable link text to remove a single SSH key from cloud provider,4.1,Fjern nøgle,Schlüssel entfernen,移除密钥,移除金鑰
Remove Keys,tappable link text to remove multiple SSH keys from cloud provider,4.1,Fjern nøgler,Schlüssel entfernen,移除密钥,移除金鑰
Server Persistence,label for WebDAV server persistence setting,4.1,Server Persistence,Server Persistence,服务器持续运行,伺服器持續執行
"Turn on WebDAV Server to read and write files in your repositories with apps on iOS, Mac or PC.",footer explaining what the WebDAV server does when it is off,4.1,"Slå WebDAV-server til for at læse og skrive filer i dine repositories med apps på iOS, Mac eller PC.","Schalte den WebDAV-Server ein, um Dateien in deinen Repositories mit Apps auf iOS, Mac oder PC zu lesen und zu schreiben.",开启 WebDAV 服务器，以便在 iOS、Mac 或 PC 上使用应用读写仓库中的文件。,開啟 WebDAV 伺服器，以便在 iOS、Mac 或 PC 上使用 App 讀寫版本庫中的檔案。
after %d minutes,screen lock duration option; %d is the number of minutes before locking,4.1,efter %d minutter,nach %d Minuten,%d 分钟后,%d 分鐘後
after 1 minute,screen lock duration option for 1 minute delay,4.1,efter 1 minut,nach 1 Minute,1 分钟后,1 分鐘後
when leaving app,screen lock duration option for immediate lock on app exit,4.1,når app forlades,beim Verlassen der App,离开应用时,離開 App 時
x-callback-url disabled,App integrations cell subtitle when URL callbacks are off,4.1,x-callback-url deaktiveret,x-callback-url deaktiviert,x-callback-url 已禁用,x-callback-url 已停用
x-callback-url enabled,App integrations cell subtitle when URL callbacks are on,4.1,x-callback-url aktiveret,x-callback-url aktiviert,x-callback-url 已启用,x-callback-url 已啟用
"

This requires a new pro unlock.",appended to squash confirmation when pro unlock is needed,4.0,"

Dette kræver en ny pro-oplåsning.","

Dies erfordert eine neue Pro-Freischaltung.","

这需要新的专业版解锁。","

這需要新的專業版解鎖。"
 Folders require the pro unlock ,folder picker placeholder when pro unlock is needed,4.0, Mapper kræver pro-oplåsning , Ordner erfordern die Pro-Freischaltung , 文件夹需要专业版解锁 ," 資料夾需要專業版解鎖 "
 locked,Appended to app name in support email subject when push is not unlocked,4.0, låst, gesperrt, 锁定, 鎖定
 trial,Appended to app name in support email subject during trial period,4.0, prøveperiode, Testversion, 试用, 試用
"%@

Upgrade for %@ which is %d%% off.

Existing pro features do not require the upgrade.","upgrade discount notification, first %@ is upgrade reason, second %@ is localized price, %d is discount percentage",4.0,"%@

Opgradér for %@, hvilket er %d%% rabat.

Eksisterende pro-funktioner kræver ikke opgraderingen.","%@

Upgrade für %@, das sind %d%% Rabatt.

Bestehende Pro-Funktionen erfordern das Upgrade nicht.","%@

以 %@ 升级，享受 %d%% 折扣。

现有专业版功能无需升级。","%@

以 %@ 升級，享受 %d%% 折扣。

現有專業版功能無需升級。"
%@ and %@ features have,beginning of upgrade message when exactly 2 locked features; both %@ are feature names,4.0,%@ og %@ funktioner er,%@ und %@ Funktionen wurden,%@ 和 %@ 功能已,%@ 和 %@ 功能已
%@ and %d other pro features have,"beginning of upgrade message when 3+ locked features; %@ is a feature name, %d is count of remaining features",4.0,%@ og %d andre pro-funktioner er,%@ und %d weitere Pro-Funktionen wurden,%@ 和其他 %d 项专业版功能已,%@ 和其他 %d 項專業版功能已
%@ been added to Working Copy that %@ not covered by your purchase %d months ago.,"upgrade message with months since purchase; first %@ is feature phrase, second %@ is 'is' or 'are', %d is number of months",4.0,"%@ blevet tilføjet til Working Copy, som %@ ikke dækket af dit køb for %d måneder siden.","%@ zu Working Copy hinzugefügt, die %@ nicht von deinem Kauf vor %d Monaten abgedeckt sind.",%@被添加到 Working Copy，%@不在你 %d 个月前的购买范围内。,%@新增至 Working Copy，%@不在你 %d 個月前的購買範圍內。
%@ been added to Working Copy that %@ not covered by your purchase %d years ago.,"upgrade message with years since purchase; first %@ is feature phrase, second %@ is 'is' or 'are', %d is number of years",4.0,"%@ blevet tilføjet til Working Copy, som %@ ikke dækket af dit køb for %d år siden.","%@ zu Working Copy hinzugefügt, die %@ nicht von deinem Kauf vor %d Jahren abgedeckt sind.",%@被添加到 Working Copy，%@不在你 %d 年前的购买范围内。,%@新增至 Working Copy，%@不在你 %d 年前的購買範圍內。
%@ been added to Working Copy.,upgrade message when purchase date is unknown; %@ is a phrase like 'Additional Pro features have',4.0,%@ blevet tilføjet til Working Copy.,%@ zu Working Copy hinzugefügt.,%@被添加到 Working Copy。,%@新增至 Working Copy。
%@ feature has,beginning of upgrade message when exactly 1 locked feature; %@ is the feature name,4.0,%@ funktion er,%@ Funktion wurde,%@ 功能已,%@ 功能已
"%@ is not registered as a student.

Please allow up to 72 hours for Working Copy to recognize your student status. Thank you for your patience!",message when student status is not found; %@ is the GitHub username,4.0,"%@ er ikke registreret som studerende.

Vent venligst op til 72 timer, før Working Copy genkender din studerende-status. Tak for din tålmodighed!","%@ ist nicht als Student registriert.

Bitte warte bis zu 72 Stunden, bis Working Copy deinen Studenten-Status erkennt. Vielen Dank für deine Geduld!","%@ 未注册为学生。

请等待最多 72 小时让 Working Copy 识别你的学生身份。感谢你的耐心！","%@ 未註冊為學生。

請最多等待 72 小時，讓 Working Copy 確認你的學生身分。感謝你的耐心等候！"
"%@ is registered as a student.

All pro features are available as a student developer.",message confirming student status; %@ is the GitHub username,4.0,"%@ er registreret som studerende.

Alle pro-funktioner er tilgængelige som studerende-udvikler.","%@ ist als Student registriert.

Alle Pro-Funktionen sind als studentischer Entwickler verfügbar.","%@ 已注册为学生。

作为学生开发者，所有专业版功能均可使用。","%@ 已註冊為學生。

作為學生開發者，所有專業版功能均可使用。"
%d purchases restored.,"confirmation shown after restoring multiple purchases, %d is the number of purchases",4.0,%d køb gendannet.,%d Käufe wiederhergestellt.,已恢复 %d 项购买。,已恢復 %d 項購買。
1 purchase restored.,confirmation shown after restoring exactly one purchase,4.0,1 køb gendannet.,1 Kauf wiederhergestellt.,已恢复 1 项购买。,已恢復 1 項購買。
Add,menu title for adding new repositories,4.0,Tilføj,Hinzufügen,添加,新增
Additional Pro features have,beginning of upgrade message when 0 or 3+ locked features; ends with 'been added to Working Copy',4.0,Yderligere Pro-funktioner har,Weitere Pro-Funktionen wurden,额外的专业版功能已,額外的專業版功能已
All Pro features in Working Copy are available through the GitHub Student Developer Pack.,intro text when pro features are unlocked via GitHub Student Developer Pack,4.0,Alle Pro-funktioner i Working Copy er tilgængelige via GitHub Student Developer Pack.,Alle Pro-Funktionen in Working Copy sind über das GitHub Student Developer Pack verfügbar.,Working Copy 中的所有专业版功能可通过 GitHub Student Developer Pack 获得。,Working Copy 中的所有專業版功能可透過 GitHub Student Developer Pack 獲得。
Alternatively you can use the enterprise version that has the same features and includes the unlock.,storyboard string for Alternatively you can use the enterprise version that has the same features and includes the unlock.,4.0,"Alternativt kan du bruge enterprise-versionen, der har de samme funktioner og inkluderer oplåsningen.","Alternativ kannst du die Enterprise-Version verwenden, die die gleichen Funktionen hat und die Freischaltung enthält.",你也可以使用企业版，它拥有相同的功能并包含解锁功能。,你也可以使用企業版，它擁有相同的功能並包含解鎖功能。
Amend latest commit with pro unlock.,upgrade prompt for modifying the most recent commit,4.0,Amend seneste commit med Pro-oplåsning.,Letzten Commit amenden mit Pro-Freischaltung.,通过专业版解锁修订最新提交。,透過專業版解鎖修訂最新提交。
Available at purchase,section header for features included when the app was purchased,4.0,Tilgængelig ved køb,Verfügbar beim Kauf,购买时可用,購買時可用
Change commit author with pro unlock.,upgrade prompt for changing commit author identity,4.0,Skift commit-forfatter med Pro-oplåsning.,Commit-Autor mit Pro-Freischaltung ändern.,通过专业版解锁更改提交作者。,透過專業版解鎖變更提交作者。
Clone New…,menu item to download a copy of a remote repository to this device,4.0,Clone ny…,Neu clonen…,克隆新仓库…,拓製新版本庫…
Commit,keyboard shortcut discoverability title,4.0,Commit,Commit,提交,提交
Configure Submodules with pro unlock.,upgrade prompt for submodule configuration,4.0,Konfigurér submodules med pro-oplåsning.,Konfiguriere Submodules mit Pro-Freischaltung.,通过专业版解锁配置子模组。,透過專業版解鎖設定子模組。
Covered by unlock,section header for pro features included in the user's unlock period,4.0,Dækket af oplåsning,Von Freischaltung abgedeckt,解锁已涵盖,解鎖涵蓋
Create pulls request inside Working Copy.,upgrade prompt for creating pull requests,4.0,Opret pull requests i Working Copy.,Erstelle Pull Requests in Working Copy.,在 Working Copy 中创建拉取请求。,在 Working Copy 中建立 Pull Request。
Customize text editor colors with pro unlock.,upgrade prompt for editor theme customization,4.0,Tilpas tekstredigeringsfarver med pro-oplåsning.,Passe Texteditor-Farben mit Pro-Freischaltung an.,通过专业版解锁自定义文本编辑器颜色。,透過專業版解鎖自訂文字編輯器顏色。
Customize the home screen icon with pro unlock.,upgrade prompt for alternate app icons,4.0,Tilpas hjemmeskærmsikonet med pro-oplåsning.,Passe das Startbildschirm-Symbol mit Pro-Freischaltung an.,通过专业版解锁自定义主屏幕图标。,透過專業版解鎖自訂主畫面圖示。
Edit commit history with pro unlock.,upgrade prompt for interactive rebase,4.0,Redigér commit-historik med pro-oplåsning.,Commit-Verlauf bearbeiten mit Pro-Freischaltung.,通过专业版解锁编辑提交历史。,透過專業版解鎖編輯提交歷史。
Enter a filename that is not in use or tap here to overwrite %@,hint when entered filename conflicts with existing file. %@ is existing filename,4.0,Indtast et filnavn der ikke er i brug eller tryk her for at overskrive %@,"Gib einen Dateinamen ein, der nicht in Verwendung ist, oder tippe hier, um %@ zu überschreiben",输入一个未被使用的文件名，或轻触此处覆盖 %@,輸入一個未被使用的檔名，或點一下此處覆蓋 %@
Fetch,keyboard shortcut menu item to download new data from a remote server without modifying local files,4.0,Fetch,Fetch,获取,抓取
Generate commit messages with AI.,upgrade prompt for AI-generated commit messages,4.0,Generer commit-beskeder med AI.,Commit-Nachrichten mit AI generieren.,使用 AI 生成提交消息。,使用 AI 產生提交訊息。
How and why you should unlock,storyboard string for How and why you should unlock,4.0,Hvordan og hvorfor du bør låse op,Wie und warum du freischalten solltest,为什么要解锁以及如何解锁,為什麼以及如何解鎖
"In-app purchase not allowed.

Enter the System Settings app and check Screen Time ▸ Content & Privacy Restrictions ▸ iTunes & App Store Purchases.",error message when in-app purchases are restricted by device settings,4.0,"Køb i app er ikke tilladt.

Åbn appen Indstillinger og kontrollér Skærmtid ▸ Indholds- & privatlivsbegrænsninger ▸ iTunes- & App Store-køb.","In-App-Kauf nicht erlaubt.

Öffne die Einstellungen-App und überprüfe Bildschirmzeit ▸ Inhalts- & Datenschutzbeschränkungen ▸ iTunes- & App Store-Käufe.","不允许 App 内购买。

请打开“设置”App，检查屏幕使用时间 ▸ 内容与隐私限制 ▸ iTunes Store 与 App Store 购买项目。","不允許 App 內購買。

請開啟「設定」App，檢查螢幕使用時間 ▸ 內容與隱私權限制 ▸ iTunes 與 App Store 購買項目。"
Manage repositories outside app with pro unlock.,upgrade prompt for external repositories,4.0,Administrér repositories uden for appen med pro-opgradering.,Repositories außerhalb der App verwalten mit Pro-Upgrade.,通过专业版解锁在应用外管理仓库。,透過專業版解鎖在 App 外管理版本庫。
"One-time trial unlock for 10 days
with no automatic purchase","storyboard string for One-time trial unlock for 10 days
with no automatic purchase",4.0,"Engangs-prøveoplåsning i 10 dage
uden automatisk køb","Einmalige Testfreischaltung für 10 Tage
ohne automatischen Kauf","一次性试用解锁 10 天
无自动购买","一次性試用解鎖 10 天
無自動購買"
Organize repositories into folders with pro unlock.,upgrade prompt for organizing repositories into folders,4.0,Organiser repositories i mapper med pro-oplåsning.,Organisiere Repositories in Ordnern mit Pro-Freischaltung.,通过专业版解锁将仓库整理到文件夹中。,透過專業版解鎖將版本庫整理到資料夾中。
Pro features not covered,section header for pro features added after the user's unlock expired,4.0,Pro-funktioner ikke dækket,Pro-Funktionen nicht abgedeckt,未涵盖的专业版功能,未涵蓋的專業版功能
Protect Working Copy with screen lock as part of pro unlock.,upgrade prompt for app screen lock,4.0,Beskyt Working Copy med skærmlås som del af pro-oplåsning.,Schütze Working Copy mit Bildschirmsperre als Teil der Pro-Freischaltung.,通过专业版解锁来使用屏幕锁定保护 Working Copy。,透過專業版解鎖使用螢幕鎖定保護 Working Copy。
Pull,keyboard shortcut menu item to download and integrate remote changes in one step,4.0,Pull,Pull,拉取,拉取
Pull Request creation is a pro feature.,upgrade prompt,4.0,Oprettelse af pull request er en pro-funktion.,Pull-Request-Erstellung ist eine Pro-Funktion.,创建 Pull Request 是专业版功能。,建立 Pull Request 是專業版功能。
Pull to fetch from remote.,pull-to-refresh hint when repository has one remote,4.0,Træk ned for at fetche fra remote.,"Herunterziehen, um vom Remote zu fetchen.",下拉以从远程获取。,下拉以從遠端抓取。
Pull to fetch from remotes.,pull-to-refresh hint when repository has multiple remotes,4.0,Træk ned for at fetche fra remotes.,"Herunterziehen, um von Remotes zu fetchen.",下拉以从远程获取。,下拉以從遠端抓取。
Purchase,,4.0,Køb,Kaufen,购买,購買
Purchase is already being made. Wait for this to complete before trying again.,error when user tries to purchase while another purchase is in progress,4.0,Et køb er allerede i gang. Vent til det er fuldført før du prøver igen.,"Ein Kauf wird bereits durchgeführt. Warte, bis er abgeschlossen ist, bevor du es erneut versuchst.",购买正在进行中。请等待完成后再试。,購買正在進行中。請等待完成後再試。
Purchases restored.,confirmation shown after successfully restoring purchases,4.0,Køb gendannet.,Käufe wiederhergestellt.,购买已恢复。,購買已恢復。
Push,keyboard shortcut menu item to upload local changes to a remote server,4.0,Push,Push,推送,推送
"Push commits from local repository to remote.

This action requires the pro unlock.",,4.0,"Push commits fra lokalt repository til remote.

Denne handling kræver pro-oplåsning.","Pushe Commits vom lokalen Repository zum Remote.

Diese Aktion erfordert die Pro-Freischaltung.","将提交从本地仓库推送到远程。

此操作需要专业版解锁。","將提交從本機版本庫推送到遠端。

此操作需要專業版解鎖。"
Push to remotes with pro unlock.,upgrade prompt for uploading commits to remote servers,4.0,Push til remotes med pro-oplåsning.,Pushe zu Remotes mit Pro-Freischaltung.,通过专业版解锁来推送到远程。,透過專業版解鎖推送到遠端。
Push to…,keyboard shortcut menu item to choose which remote server to upload changes to,4.0,Push til…,Push zu…,推送到…,推送到…
Pushing from Shortcuts requires the Pro unlock.,upgrade prompt,4.0,Push fra Genveje kræver Pro-oplåsning.,Pushen über Kurzbefehle erfordert die Pro-Freischaltung.,从快捷指令推送需要专业版解锁。,從捷徑推送需要專業版解鎖。
Redeem %d day trial,"button to start free trial, %d is the number of trial days",4.0,Indløs %d dages prøveperiode,%d-Tage-Testversion einlösen,兑换 %d 天试用,兌換 %d 天試用
"Refusing to checkout file from commit, when current file has changes that can be lost. Either Revert or commit file.",error message when trying to checkout a file that has uncommitted changes,4.0,"Afviser at checke fil ud fra commit, når aktuel fil har ændringer der kan gå tabt. Enten reverte eller committe filen.","Auschecken einer Datei aus einem Commit abgelehnt, wenn die aktuelle Datei Änderungen hat, die verloren gehen können. Entweder reverten oder Datei committen.",当前文件包含可能会丢失的更改，因此拒绝从提交中检出文件。请还原或提交文件。,目前檔案包含可能會遺失的變更，因此拒絕從提交中簽出檔案。請還原或提交檔案。
Rename,button to confirm renaming a repository,4.0,Omdøb,Umbenennen,重命名,重新命名
Revert…,keyboard shortcut menu item to discard uncommitted changes in the working directory,4.0,Revert…,Revert…,还原…,還原…
Search/Replace All with pro unlock.,upgrade prompt for search and replace across files,4.0,Søg/erstat alle med pro-oplåsning.,Suchen/Alle ersetzen mit Pro-Freischaltung.,通过专业版解锁来使用搜索/全部替换。,透過專業版解鎖使用搜尋/全部替換。
Sign commits with SSH keys.,upgrade prompt for SSH commit signing,4.0,Signér commits med SSH-nøgler.,Commits mit SSH-Schlüsseln signieren.,使用 SSH 密钥签名提交。,使用 SSH 金鑰簽名提交。
Stash and Unstash changes with pro unlock.,upgrade prompt for temporarily shelving and restoring uncommitted changes,4.0,Stash og unstash ændringer med pro-oplåsning.,Stash und Unstash von Änderungen mit Pro-Freischaltung.,通过专业版解锁储藏和恢复储藏的更改。,透過專業版解鎖貯存變更，以及恢復已貯存的變更。
Stash…,menu item to temporarily save uncommitted changes aside so you can work on something else,4.0,Stash…,Stash…,储藏…,貯存…
"Support
",tip purchase button title on release notes screen,4.0,"Support
","Support
","支持
","支援
"
"Thank your for supporting Working Copy development.

This helps improve the app.",celebration message shown after user completes a tip purchase,4.0,"Tak for din støtte til udviklingen af Working Copy.

Det hjælper med at forbedre appen.","Vielen Dank für deine Unterstützung der Working Copy-Entwicklung.

Das hilft, die App zu verbessern.","感谢你支持 Working Copy 的开发。

这有助于改进应用。","感謝你支援 Working Copy 的開發。

這有助於改進 App。"
The existing %@ has uncommitted changes that will be lost beyond recovery.,warning when overwriting a file with uncommitted changes. %@ is filename,4.0,"Den eksisterende %@ har ikke-committede ændringer, der vil gå uigenkaldeligt tabt.","Das vorhandene %@ hat nicht-committete Änderungen, die unwiderruflich verloren gehen.",现有的 %@ 有未提交的更改，这些更改将永久丢失且无法恢复。,現有的 %@ 有未提交的變更，這些變更將永久遺失且無法恢復。
There are uncommitted changes that will be lost beyond recovery.,warning shown before deleting a file with uncommitted changes,4.0,Der er ikke-committede ændringer der vil gå uigenkaldeligt tabt.,"Es gibt nicht-committete Änderungen, die unwiderruflich verloren gehen.",有未提交的更改将永久丢失且无法恢复。,有未提交的變更將永久遺失且無法恢復。
There is already a entry %@. Pick another name.,error when filename already exists in directory. %@ is the conflicting name,4.0,Der er allerede en post %@. Vælg et andet navn.,Es gibt bereits einen Eintrag %@. Wähle einen anderen Namen.,已存在条目 %@。请选择其他名称。,已存在項目 %@。請選擇其他名稱。
To make Working Copy fully useful you can unlock the ability to push commits to remote servers and other pro features.,storyboard string for To make Working Copy fully useful you can unlock the ability to push commits to remote servers and other pro features.,4.0,For at gøre Working Copy fuldt brugbar kan du låse op for muligheden for at pushe commits til remote-servere og andre pro-funktioner.,"Um Working Copy vollständig zu nutzen, kannst du die Möglichkeit freischalten, Commits auf Remote-Server zu pushen und andere Pro-Funktionen zu nutzen.",要充分发挥 Working Copy 的功能，你可以解锁向远程服务器推送提交以及其他专业版功能。,要充分發揮 Working Copy 的功能，你可以解鎖將提交推送到遠端伺服器的能力，以及其他專業版功能。
Trial+Payment,,4.0,Prøveperiode+Betaling,Testphase+Zahlung,试用+付款,試用+付款
Unable to lookup remote %@ in %@.,"error when remote cannot be found, first %@ is remote name, second %@ is repository name",4.0,Kan ikke finde remote %@ i %@.,Remote %@ kann nicht in %@ gefunden werden.,无法在 %2$@ 中查找远程 %1$@。,無法在 %2$@ 中查詢遠端 %1$@。
Unlock,button to unlock the app with password,4.0,Unlock,Freischalten,解锁,解鎖
Unlock,storyboard string for Unlock,4.0,Lås op,Freischalten,解锁,解鎖
"Unlock
",pro unlock purchase button title on release notes screen,4.0,"Unlock
","Freischalten
","解锁
","解鎖
"
Unlock Private key,biometric/passcode prompt reason when exporting private SSH key,4.0,Lås privat nøgle op,Privaten Schlüssel entsperren,解锁私钥,解鎖私鑰
Unlock Pro Capability,storyboard string for Unlock Pro Capability,4.0,Lås Pro-funktion op,Pro-Funktion freischalten,解锁专业版功能,解鎖專業版功能
Unlock Pro Capability,storyboard string for Unlock Pro Capability,4.0,Lås Pro-funktion op,Pro-Funktion freischalten,解锁专业版功能,解鎖專業版功能
Unlock Screen.,biometric authentication prompt reason,4.0,Lås skærmen op.,Bildschirm entsperren.,解锁屏幕。,解鎖螢幕。
Unlock all features for %@ which is %d%% off.,"discount notification, %@ is localized price, %d is discount percentage",4.0,Lås alle funktioner op for %@ som er %d%% rabat.,"Alle Funktionen freischalten für %@, das sind %d%% Rabatt.",以 %@ 解锁所有功能，享受 %d%% 折扣。,以 %@ 解鎖所有功能，享受 %d%% 折扣。
Unlock and Disable,button to unlock and permanently disable screen lock,4.0,Lås op og deaktiver,Entsperren und deaktivieren,解锁并停用,解鎖並停用
Unlock and disable Screen Lock.,biometric prompt reason when disabling screen lock,4.0,Lås op og deaktiver skærmlås.,Bildschirmsperre entsperren und deaktivieren.,解锁并停用屏幕锁定。,解鎖並停用螢幕鎖定。
Unlock expiration %@,section header showing when pro unlock expires; %@ is the expiration date,4.0,Unlock udløber %@,Freischaltung läuft ab %@,解锁有效期至 %@,解鎖有效期至 %@
"Unlock for all your devices
where unlocked features are permanent","storyboard string for Unlock for all your devices
where unlocked features are permanent",4.0,"Lås op for alle dine enheder,
hvor oplåste funktioner er permanente","Für alle deine Geräte freischalten,
freigeschaltete Funktionen sind dauerhaft","为你的所有设备解锁，
已解锁的功能永久有效","為你的所有裝置解鎖，
已解鎖的功能永久有效"
"Unlock successful.

Pinch out when using the editor to outline your document.",,4.0,"Unlock gennemført.

Knib ud i editoren for at se dokumentoversigt.","Freischaltung erfolgreich.

Spreize im Editor die Finger auseinander, um die Dokumentübersicht anzuzeigen.","解锁成功。

在编辑器中双指向外张开可查看文档大纲。","解鎖成功。

在編輯器中雙指向外張開可檢視文件大綱。"
Use biometrically protected Secure Enclave keys with pro unlock.,upgrade prompt for Secure Enclave SSH keys,4.0,Brug biometrisk beskyttede Secure Enclave-nøgler med pro-oplåsning.,Verwende biometrisch geschützte Secure Enclave-Schlüssel mit Pro-Freischaltung.,通过专业版解锁使用受生物识别保护的 Secure Enclave 密钥。,透過專業版解鎖使用受生物辨識保護的 Secure Enclave 金鑰。
"You are about to commit without any files.

Tap to commit anyway.",warning when creating an empty commit with no staged files,4.0,"Du er ved at committe uden nogen filer.

Tryk for at committe alligevel.","Du bist dabei, ohne Dateien zu committen.

Tippe, um trotzdem zu committen.","你即将在没有任何文件的情况下提交。

轻触以继续提交。","你即將在沒有任何檔案的情況下提交。

點一下以繼續提交。"
"You have used Working Copy for %d weeks.
Please support development.","toolbar message encouraging support purchase, %d is the number of weeks the app has been used",4.0,"Du har brugt Working Copy i %d uger.
Støt venligst udviklingen.","Du benutzt Working Copy seit %d Wochen.
Bitte unterstütze die Entwicklung.","你已使用 Working Copy %d 周。
请支持开发。","你已使用 Working Copy %d 週。
請支援開發。"
"You have used Working Copy for %d years.
Please support development.","toolbar message encouraging support purchase, %d is the number of years the app has been used",4.0,"Du har brugt Working Copy i %d år.
Støt venligst udviklingen.","Du benutzt Working Copy seit %d Jahren.
Bitte unterstütze die Entwicklung.","你已使用 Working Copy %d 年。
请支持开发。","你已使用 Working Copy %d 年。
請支援開發。"
You need to stage at least one file to commit. Tap box to the left of files to stage.,instruction when user tries to commit with no staged files,4.0,Du skal stage mindst én fil for at committe. Tryk på boksen til venstre for filer for at stage.,"Du musst mindestens eine Datei stagen, um zu committen. Tippe auf das Kästchen links neben den Dateien zum Stagen.",你需要至少暂存一个文件才能提交。轻触文件左侧的方框以暂存。,你需要至少暫存一個檔案才能提交。點一下檔案左側的方框以暫存。
remote,generic fallback name for a remote when its name starts with @,4.0,remote,Remote,远程,遠端
unlock,short log kind identifier for app unlock,4.0,lås op,entsperren,解锁,解鎖
x-callback-url/%@ is only available if you have Pro Capability unlocked.,"error when callback requires Pro unlock, arg: command name",4.0,x-callback-url/%@ er kun tilgængelig hvis du har Pro-funktionalitet låst op.,"x-callback-url/%@ ist nur verfügbar, wenn du die Pro-Funktionalität freigeschaltet hast.",x-callback-url/%@ 仅在你解锁了专业版功能后可用。,x-callback-url/%@ 僅在你解鎖了專業版功能後可用。
Amend Last Commit…,"menu item to modify the most recent commit, e.g. to fix a mistake",3.9,Amend sidste commit…,Letzten Commit amenden…,修订最新提交…,修訂最新提交…
Branches,"menu title for listing branches, which are parallel lines of development in a repository",3.9,Branches,Branches,分支,分支
Check out branch,submenu title for switching to a different branch,3.9,Check out branch,Branch auschecken,检出分支,簽出分支
Commit…,keyboard shortcut menu item to save staged changes as a new snapshot in the repository,3.9,Commit…,Commit…,提交…,提交…
Configuration,menu item to open repository settings,3.9,Konfiguration,Konfiguration,配置,設定
Current Commit,submenu title for actions on the currently selected commit,3.9,Aktuel Commit,Aktueller Commit,当前提交,目前提交
Delete,button to confirm file deletion,3.9,Slet,Löschen,删除,刪除
Merge,keyboard shortcut menu item to combine changes from another branch into the current branch,3.9,Merge,Merge,合并,合併
Repeat,placeholder for password confirmation field,3.9,Gentag,Wiederholen,重复,重複
Reset to %@,"menu item to move the branch pointer back to a specific commit, %@ is the short commit identifier",3.9,Reset til %@,Reset auf %@,重置到 %@,重設到 %@
Unable to list remote directory: ,"error prefix when remote directory listing fails, followed by the error description",3.9,Kan ikke vise indhold af ekstern mappe: ,Inhalt des Remote-Verzeichnisses kann nicht aufgelistet werden: ,无法列出远程目录内容：,無法列出遠端目錄內容：
Your SSH Key has been transferred to %@ allowing SSH transfers. Tap to configure this.,Clone,3.9,Din SSH-nøgle er blevet overført til %@ hvilket muliggør SSH-overførsler. Tryk for at konfigurere dette.,"Dein SSH-Schlüssel wurde an %@ übertragen, was SSH-Übertragungen ermöglicht. Tippe, um dies zu konfigurieren.",你的 SSH 密钥已传输到 %@，允许 SSH 传输。轻触以配置此项。,你的 SSH 金鑰已傳輸到 %@，允許 SSH 傳輸。點一下以設定此項。
Connecting...,status text shown while establishing connection to remote server,3.8,Forbinder…,Verbinde…,正在连接…,正在連線…
Copy Path,menu command to copy the file path to clipboard,3.8,Kopiér sti,Pfad kopieren,复制路径,複製路徑
Create Directory,menu item to create a new directory,3.8,Opret mappe,Verzeichnis erstellen,创建目录,建立目錄
Create Text File,menu item to create a new text file,3.8,Opret tekstfil,Textdatei erstellen,创建文本文件,建立文字檔案
Directory from clipboard,menu item to paste a directory from clipboard,3.8,Mappe fra udklipsholder,Verzeichnis aus Zwischenablage,从剪贴板粘贴目录,從剪貼簿貼上目錄
Dismiss,keyboard shortcut label to dismiss repository status modal,3.8,Luk,Schließen,关闭,關閉
Duplicate,menu command to duplicate the selected file,3.8,Dupliker,Duplizieren,复制,複製
File from clipboard,menu item to paste a file from clipboard,3.8,Fil fra udklipsholder,Datei aus Zwischenablage,从剪贴板粘贴文件,從剪貼簿貼上檔案
Import files,menu item to import files from the document picker,3.8,Importér filer,Dateien importieren,导入文件,匯入檔案
Import images,menu item to import images from the photo library,3.8,Importér billeder,Bilder importieren,导入图片,匯入圖片
Indent,menu command to increase text indentation,3.8,Indrykning,Einrückung,缩进,縮排
Larger Text,menu command to increase editor font size,3.8,Større tekst,Größerer Text,更大文字,更大文字
Link Repository to,menu title for linking repository to external directory or document,3.8,Forbind repository til,Repository verknüpfen mit,将仓库链接到,將版本庫連結到
Link from clipboard,menu item to create a symbolic link from clipboard,3.8,Link fra udklipsholder,Link aus Zwischenablage,从剪贴板创建链接,從剪貼簿建立連結
Navigate,menu title for navigation commands,3.8,Naviger,Navigieren,导航,導航
New file content would overwrite uncommitted changes. You need to revert or commit your current changes if you want new file content.,warning when external file update conflicts with uncommitted changes,3.8,Nyt filindhold vil overskrive ikke-committede ændringer. Du skal reverte eller committe dine aktuelle ændringer hvis du ønsker nyt filindhold.,"Neuer Dateiinhalt würde nicht committete Änderungen überschreiben. Du musst deine aktuellen Änderungen reverten oder committen, wenn du neuen Dateiinhalt möchtest.",新文件内容将覆盖未提交的更改。如果你想要新文件内容，需要先还原或提交当前更改。,新檔案內容將覆蓋未提交的變更。如果你想要新檔案內容，需要先還原或提交目前變更。
Next Edit Point,keyboard shortcut title to jump to next edit location,3.8,Næste redigeringspunkt,Nächster Bearbeitungspunkt,下一个编辑点,下一個編輯點
Next Page,keyboard shortcut title to navigate to next file,3.8,Næste side,Nächste Seite,下一页,下一頁
Open Quickly…,keyboard shortcut title for quick file open dialog,3.8,Åbn hurtigt…,Schnell öffnen…,快速打开…,快速開啟…
Open at %@,"menu command to open file on hosting provider website, arg: provider name like GitHub",3.8,Åbn på %@,Öffnen auf %@,在 %@ 上打开,在 %@ 上開啟
Open in Default app,menu command to open the file in its default application,3.8,Åbn i standardapp,In Standard-App öffnen,在默认应用中打开,在預設 App 中開啟
Paste Link,menu command to paste a symlink from clipboard,3.8,Sæt link ind,Link einsetzen,粘贴链接,貼上連結
Previous Edit Point,keyboard shortcut title to jump to previous edit location,3.8,Forrige redigeringsposition,Vorheriger Bearbeitungspunkt,上一个编辑点,上一個編輯點
Previous Page,keyboard shortcut title to navigate to previous file,3.8,Forrige side,Vorherige Seite,上一页,上一頁
Pushing to %@,"progress message when uploading commits to a remote, arg is remote name",3.8,Pusher til %@,Pushe zu %@,正在推送到 %@,正在推送到 %@
Repository List,keyboard shortcut menu item to show the repository list,3.8,Repository-liste,Repository-Liste,仓库列表,版本庫清單
SSH Command,menu command to run an SSH command,3.8,SSH-kommando,SSH-Befehl,SSH 命令,SSH 指令
Search Files,menu command to search within repository files,3.8,Søg i filer,Dateien durchsuchen,搜索文件,搜尋檔案
Search Text…,menu command to open text search in editor,3.8,Søg tekst…,Text suchen…,搜索文本…,搜尋文字…
Share…,menu command to share the selected file,3.8,Del…,Teilen…,共享…,分享…
Show Preview,keyboard shortcut title to toggle file preview,3.8,Vis forhåndsvisning,Vorschau anzeigen,显示预览,顯示預覽
Show in Files App,menu command to reveal the file in the iOS Files app,3.8,Vis i Arkiver-app,In Dateien-App anzeigen,在“文件”App 中显示,在「檔案」App 中顯示
Smaller Text,menu command to decrease editor font size,3.8,Mindre tekst,Kleinerer Text,更小文字,更小文字
Start Editing,menu command to enter file editing mode,3.8,Begynd redigering,Bearbeitung starten,开始编辑,開始編輯
Stop Editing,menu command to exit file editing mode,3.8,Stop redigering,Bearbeitung beenden,停止编辑,停止編輯
Stop Preview,menu command to hide file preview,3.8,Stop forhåndsvisning,Vorschau beenden,停止预览,停止預覽
There are still conflict markers in file. Consider fixing this before marking file as resolved.,warning when user tries to resolve a file that still contains conflict markers,3.8,Der er stadig conflict-markører i filen. Overvej at rette dette før du markerer filen som løst.,"Es gibt noch Konflikt-Markierungen in der Datei. Erwäge, dies zu beheben, bevor du die Datei als gelöst markierst.",文件中仍有冲突标记。请考虑在将文件标记为已解决之前修复此问题。,檔案中仍有衝突標記。請考慮在將檔案標記為已解決之前修復此問題。
Unindent,menu command to decrease text indentation,3.8,Ryk ud,Einzug verringern,减少缩进,減少縮排
repository,submenu item for sharing zip of the full repository,3.8,repository,Repository,仓库,版本庫
Clear,floating menu action to clear the file selection,3.7,Ryd,Löschen,清除,清除
Clear Selection,keyboard shortcut to deselect all files in commit view,3.7,Ryd markering,Auswahl aufheben,清除选择,清除選擇
Copy IP,context menu action to copy server IP address to clipboard,3.7,Kopiér IP,IP kopieren,复制 IP,複製 IP
Discard,floating menu action to discard selected file changes,3.7,Kassér,Verwerfen,丢弃,丟棄
Fetching %lu repositories,"progress title when downloading updates for multiple repositories, %lu is the count",3.7,Fetcher %lu repositories,Fetche %lu Repositories,正在获取 %lu 个仓库,正在抓取 %lu 個版本庫
Pick a new repository name.,prompt shown in alert when renaming a repository,3.7,Vælg et nyt repository-navn.,Wähle einen neuen Repository-Namen.,选取新的仓库名称。,選取新的版本庫名稱。
Recent,menu title for recent commit messages history,3.7,Seneste,Kürzlich,最近,最近
Secure ShellFish Folder,context menu action to open server in Secure ShellFish file browser,3.7,Secure ShellFish-mappe,Secure ShellFish-Ordner,Secure ShellFish 文件夹,Secure ShellFish 資料夾
Secure ShellFish Terminal,context menu action to open server terminal in Secure ShellFish app,3.7,Secure ShellFish Terminal,Secure ShellFish Terminal,Secure ShellFish 终端,Secure ShellFish 終端
Stage Selection,keyboard shortcut to add selected changes to the next commit,3.7,Stage markering,Auswahl stagen,暂存所选,暫存所選
Toggle All,keyboard shortcut to stage or unstage all files,3.7,Skift alle,Alle umschalten,切换全部文件的暂存状态,切換全部檔案的暫存狀態
Toggle File,keyboard shortcut to stage or unstage the selected file,3.7,Skift fil,Datei umschalten,切换文件暂存状态,切換檔案的暫存狀態
Toggle Push,keyboard shortcut to toggle pushing after commit,3.7,Skift push,Push umschalten,切换推送,切換推送
Unstage,floating menu action to remove files from the staging area,3.7,Unstage,Unstagen,取消暂存,取消暫存
Unstage Selection,keyboard shortcut to unstage selected files,3.7,Unstage markering,Auswahl unstagen,取消暂存所选,取消暫存所選
ongoing rebase,repository status when rebase is in progress without conflicts,3.7,igangværende rebase,laufender Rebase,变基进行中,重定基底進行中
 Tap to merge.,hint appended to status when merge pull is configured,3.6, Tryk for at merge., Tippe zum Mergen., 轻触以合并。, 點一下以合併。
%@ is saved. Consider committing right away.,notification after saving a file. %@ is filename,3.6,%@ er gemt. Overvej at committe med det samme.,"%@ ist gespeichert. Erwäge, sofort zu committen.",%@ 已保存。建议立即提交。,%@ 已儲存。建議立即提交。
Cloning %@,progress title while cloning; %@ is the repository URL,3.6,Cloner %@,Clone %@,正在克隆 %@,正在拓製 %@
Overwrite…,action sheet button to overwrite with confirmation,3.6,Overskriv…,Überschreiben…,覆盖…,覆蓋…
Pick,action sheet button to select a file,3.6,Vælg,Auswählen,选取,選取
Save As…,action sheet button to save file with a new name,3.6,Gem som…,Sichern unter…,另存为…,另存為…
Save Here,action sheet button to save file in current directory,3.6,Gem her,Hier sichern,保存到此处,儲存到此處
Syncing %@,"progress message when fetching and pushing with a remote, arg is remote name",3.6,Synkroniserer %@,Synchronisiere %@,正在同步 %@,正在同步 %@
You are trying to save a %@ file into a filename for %@.,"warning about file type mismatch when saving. first %@ is source type, second %@ is target type",3.6,Du forsøger at gemme en %@-fil i et filnavn beregnet til %@.,"Du versuchst, eine %@-Datei unter einem Dateinamen für %@ zu speichern.",你正在尝试将 %@ 文件保存为 %@ 的文件名。,你正在嘗試將 %@ 檔案儲存為 %@ 的檔名。
"You no longer have access to Pro features through the GitHub Student Developer Pack as %@ logged in instead of %@.

Restore access by logging into GitHub inside Working Copy with a student developer account and visiting workingcopy.app/education/","student developer access lost due to account change, first %@ is current username, second %@ is original student username",3.6,"Du har ikke længere adgang til Pro-funktioner via GitHub Student Developer Pack da %@ loggede ind i stedet for %@.

Gendan adgang ved at logge ind på GitHub i Working Copy med en student developer-konto og besøge workingcopy.app/education/","Du hast keinen Zugang mehr zu Pro-Funktionen über das GitHub Student Developer Pack, da %@ sich anstelle von %@ angemeldet hat.

Stelle den Zugang wieder her, indem du dich in Working Copy bei GitHub mit einem Student-Developer-Konto anmeldest und workingcopy.app/education/ besuchst","由于 %@ 登录而非 %@，你不再通过 GitHub Student Developer Pack 访问专业版功能。

请在 Working Copy 中使用学生开发者账户登录 GitHub 并访问 workingcopy.app/education/ 以恢复访问权限","由於 %@ 登入而非 %@，你無法再透過 GitHub Student Developer Pack 使用專業版功能。

請在 Working Copy 中使用學生開發者帳戶登入 GitHub，並前往 workingcopy.app/education/ 以恢復存取權"
"You no longer have access to Pro features through the GitHub Student Developer Pack as %@ logged out.

Restore access by logging into GitHub inside Working Copy with a student developer account and visiting workingcopy.app/education/","student developer access lost because user logged out, %@ is the GitHub username",3.6,"Du har ikke længere adgang til Pro-funktioner via GitHub Student Developer Pack da %@ loggede ud.

Gendan adgang ved at logge ind på GitHub i Working Copy med en student developer-konto og besøge workingcopy.app/education/","Du hast keinen Zugang mehr zu Pro-Funktionen über das GitHub Student Developer Pack, da %@ sich abgemeldet hat.

Stelle den Zugang wieder her, indem du dich in Working Copy bei GitHub mit einem Student-Developer-Konto anmeldest und workingcopy.app/education/ besuchst","由于 %@ 已退出登录，你不再通过 GitHub Student Developer Pack 访问专业版功能。

请在 Working Copy 中使用学生开发者账户登录 GitHub 并访问 workingcopy.app/education/ 以恢复访问权限","由於 %@ 已登出，你無法再透過 GitHub Student Developer Pack 使用專業版功能。

請在 Working Copy 中使用學生開發者帳戶登入 GitHub，並前往 workingcopy.app/education/ 以恢復存取權"
".

Sign out.","appended to login status text, 'Sign out' is a tappable link",3.5,".

Log ud.",".

Abmelden.","。

退出登录。","。

登出。"
Cannot verify app without receipt data.,error when App Store receipt is missing from device,3.5,Kan ikke verificere app uden kvitteringsdata.,App kann nicht ohne Quittungsdaten verifiziert werden.,没有收据数据时无法验证应用。,沒有收據資料時無法驗證 App。
Change,button to confirm changing screen lock password,3.5,Ændr,Ändern,更改,變更
Cherry Pick,menu item to apply changes from a specific commit onto the current branch,3.5,Cherry pick,Cherry-Pick,拣选,揀選
Copy,title for copy submenu in context menu,3.5,Kopiér,Kopieren,复制,複製
Data is retained but you will still be billed for a stopped server.,warning message in stop server confirmation dialog,3.5,"Data bevares, men du faktureres stadig for en stoppet server.","Daten bleiben erhalten, aber du wirst weiterhin für einen gestoppten Server abgerechnet.",数据会保留，但你仍需为已停止的服务器付费。,資料會保留，但你仍需為已停止的伺服器付費。
Destroying this server is permanent.,warning message in destroy server confirmation dialog,3.5,Destruktion af denne server er permanent.,Die Zerstörung dieses Servers ist dauerhaft.,销毁此服务器是永久性的。,銷毀此伺服器是永久性的。
Details,menu item to show full commit details,3.5,Detaljer,Details,详情,詳細資訊
Edit %@,"keyboard shortcut title to open counterpart file, %@ is filename",3.5,Rediger %@,Bearbeite %@,编辑 %@,編輯 %@
Enable,button to confirm enabling screen lock,3.5,Aktiver,Aktivieren,启用,啟用
Filter,accessibility label for directory filter button,3.5,Filter,Filter,筛选,篩選
Lock Working Copy screen,navigation bar prompt when choosing lock duration,3.5,Lås Working Copy-skærmen,Working Copy-Bildschirm sperren,锁定 Working Copy 屏幕,鎖定 Working Copy 螢幕
PDF,menu item to export file as PDF,3.5,PDF,PDF,PDF,PDF
Path,menu item to copy file path to clipboard,3.5,Sti,Pfad,路径,路徑
Search,accessibility label for search button in content toolbar,3.5,Søg,Suchen,搜索,搜尋
Share Message,menu item to share the commit message,3.5,Del besked,Nachricht teilen,共享消息,分享訊息
Show,filter menu title,3.5,Vis,Anzeigen,显示,顯示
Sort,accessibility label for directory sort button,3.5,Sortér,Sortieren,排序,排序
This commit will conclude the current merge.,info message shown when committing will finalize an in-progress merge,3.5,Denne commit vil afslutte den igangværende merge.,Dieser Commit wird den aktuellen Merge abschließen.,此提交将完成当前的合并操作。,此提交將完成目前的合併操作。
Universal Link,menu item to share a universal link to the file,3.5,Universal Link,Universal Link,Universal Link,Universal Link
Unstash,submenu title for restoring previously stashed changes,3.5,Unstash,Unstashen,恢复储藏,恢復貯存
%@ picked outside repository.,error when picked file is outside repository directory. %@ is filename,3.4,%@ valgt uden for repository.,%@ außerhalb des Repository ausgewählt.,所选文件 %@ 位于仓库外部。,所選檔案 %@ 位於版本庫外部。
.git directory,submenu item for sharing zip of the .git directory,3.4,.git-mappe,.git-Verzeichnis,.git 目录,.git 目錄
AI Completion,menu command to toggle AI text completion in editor,3.4,AI-fuldførelse,AI-Vervollständigung,AI 补全,AI 補全
Cannot share directory from this context,error when directory sharing is not available in current context,3.4,Kan ikke dele mappe fra denne kontekst,Verzeichnis kann aus diesem Kontext nicht geteilt werden,无法从此上下文共享目录,無法從此上下文分享目錄
Clipboard content '%@' isn't  valid path.,"error showing invalid clipboard content for symlink, arg: clipboard text",3.4,Udklipsholderindhold '%@' er ikke en gyldig sti.,Inhalt der Zwischenablage '%@' ist kein gültiger Pfad.,剪贴板内容“%@”不是有效路径。,剪貼簿內容「%@」不是有效路徑。
Missing repository name when picking file.,error when file picker cannot determine the target repository,3.4,Manglende repository-navn ved valg af fil.,Fehlender Repository-Name beim Auswählen einer Datei.,选择文件时缺少仓库名称。,選擇檔案時缺少版本庫名稱。
No response when listing repositories,error when SSH repository listing returns no usable output,3.4,Intet svar ved oplistning af repositories,Keine Antwort beim Auflisten der Repositories,列出仓库时无响应,列出版本庫時無回應
No service named %@,error when hosting service is not found; %@ is the service name,3.4,Ingen tjeneste med navnet %@,Kein Dienst mit dem Namen %@,没有名为 %@ 的服务,沒有名為 %@ 的服務
No valid path on clipboard.,error when clipboard does not contain a valid symlink target path,3.4,Ingen gyldig sti på udklipsholder.,Kein gültiger Pfad in der Zwischenablage.,剪贴板上没有有效路径。,剪貼簿上沒有有效路徑。
Pick directory outside Working Copy,error when user picks a directory inside the app's own storage,3.4,Vælg mappe uden for Working Copy,Verzeichnis außerhalb von Working Copy wählen,选择 Working Copy 以外的目录,選擇 Working Copy 以外的目錄
Repository Agent,menu command to open AI repository agent panel,3.4,Repository-agent,Repository-Agent,仓库助理,版本庫助理
Setup Sync for,menu title for setting up Files app sync for repository,3.4,Opsæt synkronisering for,Synchronisierung einrichten für,设置同步,設定同步
Share .git,menu title for sharing the .git folder directly,3.4,Del .git,.git teilen,共享 .git,分享 .git
Share .git Archive,activity title for sharing zip of the .git directory,3.4,Del .git-arkiv,.git-Archiv teilen,共享 .git 归档,分享 .git 歸檔
Share Archive,menu title for sharing repository as zip archive,3.4,Del arkiv,Archiv teilen,共享归档,分享歸檔
Share workdir Archive,activity title for sharing zip of working directory without .git,3.4,Del workdir-arkiv,Workdir-Archiv teilen,共享工作目录归档,分享工作目錄歸檔
Unable to handle photo picker result,error when selected photo/video cannot be imported,3.4,Kan ikke håndtere resultat fra fotovælger,Ergebnis der Fotoauswahl kann nicht verarbeitet werden,无法处理照片选择器结果,無法處理照片選擇器結果
Unable to resolve symbolic link,error when symbolic link target cannot be determined,3.4,Kan ikke følge symbolsk link,Symbolischer Link kann nicht aufgelöst werden,无法解析符号链接,無法解析符號連結
Unable to set mode for %@.,"error when content tab mode cannot be applied, %@ is the controller description",3.4,Kan ikke sætte tilstand for %@.,Modus für %@ kann nicht gesetzt werden.,无法为 %@ 设置模式。,無法為 %@ 設定模式。
working directory,submenu item for sharing zip of working directory without .git,3.4,working directory,Arbeitsverzeichnis,工作目录,工作目錄
%@ has been updated with changes. Tap to revert this change.,"notification after file is updated externally, %@ is file path",3.3,%@ er blevet opdateret med ændringer. Tryk for at fortryde denne ændring.,"%@ wurde mit Änderungen aktualisiert. Tippe, um diese Änderung rückgängig zu machen.",%@ 已更新。轻触以还原此更改。,%@ 已更新。點一下以還原此變更。
Missing Cloud Provider instance,error when cloud provider settings screen is shown without a provider configured,3.3,Manglende cloud-udbyderinstans,Fehlende Cloud-Provider-Instanz,缺少云服务商实例,缺少雲服務商實例
Unable to push amended commit. Original commit has been previously pushed to remote and isn't branch head.,warning when amended commit cannot be pushed because the original was already pushed,3.3,Kan ikke pushe ændret commit. Original commit er tidligere pushet til remote og er ikke branch head.,Geänderter Commit kann nicht gepusht werden. Ursprünglicher Commit wurde bereits zum Remote gepusht und ist nicht der Branch Head.,无法推送修订后的提交。原始提交之前已推送到远程，且不是分支 HEAD。,無法推送修訂後的提交。原始提交先前已推送到遠端，且不是分支 HEAD。
 Tap to rebase.,hint appended to status when rebase pull is configured,3.2, Tryk for at rebase., Tippe zum Rebasen., 轻触以变基。, 點一下以重定基底。
 with %d SSH keys configured. Remove Keys,"appended to login status, %d is number of SSH keys, 'Remove Keys' is a tappable link",3.2, med %d SSH-nøgler konfigureret. Fjern nøgler, mit %d konfigurierten SSH-Schlüsseln. Schlüssel entfernen, 已配置 %d 个 SSH 密钥。移除密钥, 已設定 %d 個 SSH 金鑰。移除金鑰
 with no SSH keys configured. Add Key,"appended to login status when no SSH keys are configured on cloud provider, 'Add Key' is a tappable link",3.2, uden SSH-nøgler konfigureret. Tilføj nøgle, ohne konfigurierte SSH-Schlüssel. Schlüssel hinzufügen, 未配置 SSH 密钥。添加密钥, 未設定 SSH 金鑰。新增金鑰
 with one SSH key configured. Remove Key,"appended to login status when one SSH key is configured, 'Remove Key' is a tappable link",3.2, med én SSH-nøgle konfigureret. Fjern nøgle, mit einem konfigurierten SSH-Schlüssel. Schlüssel entfernen, 已配置一个 SSH 密钥。移除密钥, 已設定一個 SSH 金鑰。移除金鑰
%@ error: %@,Clone,3.2,%@ fejl: %@,%@ Fehler: %@,%@ 错误：%@,%@ 錯誤：%@
%@ is a ZIP archive,alert message when file is a ZIP archive. %@ is filename,3.2,%@ er et ZIP-arkiv,%@ ist ein ZIP-Archiv,%@ 是一个 ZIP 压缩包,%@ 是一個 ZIP 壓縮檔
Cancel,storyboard string for Cancel,3.2,Annuller,Abbrechen,取消,取消
Delete,storyboard string for Delete,3.2,Slet,Löschen,删除,刪除
Delete,storyboard string for Delete,3.2,Slet,Löschen,删除,刪除
Delete,storyboard string for Delete,3.2,Slet,Löschen,删除,刪除
Delete,storyboard string for Delete,3.2,Slet,Löschen,删除,刪除
Done,storyboard string for Done,3.2,Færdig,Fertig,完成,完成
Done,storyboard string for Done,3.2,Færdig,Fertig,完成,完成
Extract,action sheet button to extract a ZIP archive,3.2,Udpak,Entpacken,解压,解壓
Fetch,button: download changes from remote server,3.2,Fetch,Fetch,获取,抓取
Fetch,button: download changes from remote server,3.2,Fetch,Fetch,获取,抓取
Link_identifies_directories_inside_working_copy._Use_x-callback-url/zip_to_convert_to_zip_archive.,help text appended to universal link when shared to Shortcuts,3.2,Link_identifies_directories_inside_working_copy._Use_x-callback-url/zip_to_convert_to_zip_archive.,Link_identifies_directories_inside_working_copy._Use_x-callback-url/zip_to_convert_to_zip_archive.,链接用于标识 Working Copy 内的目录。使用 x-callback-url/zip 可转换为 ZIP 压缩包。,連結用於識別 Working Copy 內的目錄。使用 x-callback-url/zip 可轉換為 ZIP 壓縮檔。
OK,sync operation completed successfully,3.2,OK,OK,好,好
Password copied to clipboard.,confirmation after copying WebDAV password,3.2,Adgangskode kopieret til udklipsholder.,Passwort in die Zwischenablage kopiert.,密码已复制到剪贴板。,密碼已複製到剪貼簿。
Pick key to configure on %@.,"action sheet message when multiple SSH keys exist, %@ is cloud provider name",3.2,Vælg nøgle til konfiguration på %@.,Wähle einen Schlüssel zur Konfiguration auf %@.,选择要在 %@ 上配置的密钥。,選擇要在 %@ 上設定的金鑰。
Push,button: upload local commits to remote server,3.2,Push,Push,推送,推送
Push,button: upload local commits to remote server,3.2,Push,Push,推送,推送
Save,share sheet activity: save/export file to another location,3.2,Gem,Sichern,保存,儲存
"Workflow for transferring files from Working Copy to Editorial and back again.

When called with input, it will pick the filename from the first line and write the other lines into this file, which lets Working Copy create a new file with predefined content. The filename contains a unique identifier for remembering where it belongs. To avoid overwriting files in Editorial by mistake, the previous contents of files are put in WorkingCopy.bak

When this workflow is called without any input the contents of the current file is written back to Working Copy.

Change askcommit variable to 0 if you just want to save and not be asked to commit.

To install a new version of this workflow delete or rename this one and perform Edit in Editorial from Working Copy.",description embedded in the Editorial workflow explaining its purpose,3.2,"Workflow til overførsel af filer fra Working Copy til Editorial og tilbage igen.

Når den kaldes med input, tager den filnavnet fra første linje og skriver de øvrige linjer ind i denne fil, hvilket lader Working Copy oprette en ny fil med foruddefineret indhold. Filnavnet indeholder en unik identifikator til at huske hvor den hører til. For at undgå at overskrive filer i Editorial ved en fejl, lægges det tidligere indhold af filer i WorkingCopy.bak

Når denne workflow kaldes uden input skrives indholdet af den aktuelle fil tilbage til Working Copy.

Ændr askcommit-variablen til 0 hvis du bare vil gemme og ikke blive bedt om at committe.

For at installere en ny version af denne workflow skal du slette eller omdøbe denne og udføre Edit in Editorial fra Working Copy.","Workflow zum Übertragen von Dateien von Working Copy nach Editorial und zurück.

Wenn er mit Eingabe aufgerufen wird, nimmt er den Dateinamen aus der ersten Zeile und schreibt die übrigen Zeilen in diese Datei, wodurch Working Copy eine neue Datei mit vordefiniertem Inhalt erstellen kann. Der Dateiname enthält einen eindeutigen Bezeichner, um sich zu merken, wo er hingehört. Um versehentliches Überschreiben von Dateien in Editorial zu vermeiden, wird der vorherige Inhalt von Dateien in WorkingCopy.bak abgelegt.

Wenn dieser Workflow ohne Eingabe aufgerufen wird, wird der Inhalt der aktuellen Datei zurück nach Working Copy geschrieben.

Ändere die askcommit-Variable auf 0, wenn du nur speichern und nicht zum Committen aufgefordert werden möchtest.

Um eine neue Version dieses Workflows zu installieren, lösche oder benenne diesen um und führe Edit in Editorial aus Working Copy aus.","用于在 Working Copy 和 Editorial 之间传输文件的工作流。

当以输入调用时，它将从第一行获取文件名并将其他行写入此文件，从而让 Working Copy 创建具有预定义内容的新文件。文件名包含一个唯一标识符以记住其归属位置。为避免误覆盖 Editorial 中的文件，文件的先前内容将放入 WorkingCopy.bak

当此工作流在没有任何输入的情况下调用时，当前文件的内容将写回 Working Copy。

如果你只想保存而不被要求提交，请将 askcommit 变量更改为 0。

要安装此工作流的新版本，请删除或重命名此工作流，然后从 Working Copy 执行 Edit in Editorial。","用於在 Working Copy 和 Editorial 之間傳輸檔案的工作流程。

當以輸入呼叫時，它將從第一行取得檔名並將其他行寫入此檔案，從而讓 Working Copy 建立具有預定義內容的新檔案。檔名包含一個唯一識別符號以記住其歸屬位置。為避免誤覆蓋 Editorial 中的檔案，檔案的先前內容將放入 WorkingCopy.bak

當此工作流程在沒有任何輸入的情況下呼叫時，目前檔案的內容將寫回 Working Copy。

如果你只想儲存而不被要求提交，請將 askcommit 變數變更為 0。

要安裝此工作流程的新版本，請刪除或重新命名此工作流程，然後從 Working Copy 執行 Edit in Editorial。"
You will lose access to all repositories and need to reinstall Working Copy if you forget the password.,warning shown when enabling screen lock for the first time,3.2,Du mister adgang til alle repositories og skal geninstallere Working Copy hvis du glemmer adgangskoden.,"Du verlierst den Zugang zu allen Repositories und musst Working Copy neu installieren, wenn du das Passwort vergisst.",如果你忘记密码，将无法访问所有仓库，并需要重新安装 Working Copy。,如果你忘記密碼，將無法存取所有版本庫，並需要重新安裝 Working Copy。
No way to store %@ content.,"error when activity returns unsupported content type, %@ is the file type description",3.1,Ingen måde at gemme %@-indhold.,"Keine Möglichkeit, %@-Inhalt zu speichern.",无法存储 %@ 内容。,無法儲存 %@ 內容。
Unable to restore missing repository %@,"error when restoring state for a deleted repository, %@ is the repository name",3.1,Kan ikke gendanne manglende repository %@,Fehlendes Repository %@ kann nicht wiederhergestellt werden,无法恢复缺失的仓库 %@,無法恢復遺失的版本庫 %@
Unable to write changes back to file in specific commit.,error when trying to save changes while viewing a read-only historical commit,3.1,Kan ikke skrive ændringer tilbage til fil i specifik commit.,Änderungen können nicht in die Datei im bestimmten Commit zurückgeschrieben werden.,无法将更改写回特定提交中的文件。,無法將變更寫回特定提交中的檔案。
Password must be at least 4 characters.,error when screen lock password is too short,3.0,Adgangskode skal være mindst 4 tegn.,Passwort muss mindestens 4 Zeichen lang sein.,密码至少需要 4 个字符。,密碼至少需要 4 個字元。
"In-App purchases from TestFlight version are not charged from your iTunes account and not remembered in App Store version.

If you want to support Working Copy development you need to use the App Store version.

Thank you!",notice shown in TestFlight builds explaining that purchases are sandbox-only,2.9,"Køb i app fra TestFlight-versionen bliver ikke trukket fra din iTunes-konto og huskes ikke i App Store-versionen.

Hvis du vil støtte udviklingen af Working Copy, skal du bruge App Store-versionen.

Tak!","In-App-Käufe aus der TestFlight-Version werden nicht von deinem iTunes-Konto abgebucht und nicht in der App Store-Version gespeichert.

Wenn du die Entwicklung von Working Copy unterstützen möchtest, musst du die App Store-Version verwenden.

Vielen Dank!","TestFlight 版本的 App 内购买不会从你的 iTunes 账户扣费，也不会在 App Store 版本中保留。

如果你想支持 Working Copy 的开发，请使用 App Store 版本。

谢谢！","TestFlight 版本的 App 內購買不會從你的 iTunes 帳戶扣費，也不會在 App Store 版本中保留。

如果你想支援 Working Copy 的開發，請使用 App Store 版本。

謝謝！"
Sync did not complete and you might not be committing the latest version.,warning when fetching from remote failed before committing,2.9,"Sync blev ikke fuldført, og du committer muligvis ikke den nyeste version.",Sync wurde nicht abgeschlossen und du commitest möglicherweise nicht die neueste Version.,同步未完成，你提交的可能不是最新版本。,同步未完成，你提交的可能不是最新版本。
"Unable to push changes, that could not be fast-forwarded. Tap to %@ changes from %@ and retry push.","error with action hint, first %@ is 'merge in' or 'rebase onto', second %@ is remote name",2.9,Kan ikke pushe ændringer der ikke kunne fast-forwardes. Tryk for at %@ ændringer fra %@ og prøv at pushe igen.,"Änderungen können nicht gepusht werden, da kein Fast-Forward möglich war. Tippe, um Änderungen von %2$@ zu %1$@ und den Push erneut zu versuchen.",无法推送，因为这些更改无法快进。轻触以处理来自 %2$@ 的更改（%1$@），然后重试推送。,無法推送，因為這些變更無法快轉。點一下以處理來自 %2$@ 的變更（%1$@），然後重試推送。
"

Restore previous purchase is not supported in TestFlight app. You can purchase the unlock and it will not be charged from your iTunes account.",appended to error message when restore fails in TestFlight builds,2.8,"

Gendannelse af tidligere køb understøttes ikke i TestFlight-appen. Du kan købe oplåsningen, og der vil ikke blive trukket fra din iTunes-konto.","

Wiederherstellung früherer Käufe wird in der TestFlight-App nicht unterstützt. Du kannst die Freischaltung kaufen, und es wird nicht von deinem iTunes-Konto abgebucht.","

在 TestFlight 应用中不支持恢复先前购买。你可以购买解锁，不会从你的 iTunes 账户扣费。","

在 TestFlight App 中不支援恢復先前購買。你可以購買解鎖，不會從你的 iTunes 帳戶扣費。"
 Pick repository for choices ,placeholder shown in branch picker when no repository is selected yet,2.8, Vælg repository for muligheder , Wähle Repository für Optionen , 选择仓库以获取选项 , 選擇版本庫以取得選項 
 Resolve,"short button title to resolve merge conflicts, used when space is tight",2.8, Resolve, Beheben, 解决, 解決
- pick repo -,placeholder title when no repository is selected for the log,2.8,- vælg repo -,- Repo wählen -,- 选择仓库 -,- 選擇版本庫 -
<< Pick repository >>,placeholder in branch picker when no repository is selected,2.8,<< Vælg repository >>,<< Repository wählen >>,<< 选择仓库 >>,<< 選擇版本庫 >>
Active remote branches,section header for recently updated remote branches,2.8,Aktive remote branches,Aktive Remote-Branches,活跃的远程分支,活躍的遠端分支
Alternative way to authorize http transfers,Settings cell subtitle for authentication cookies,2.8,Alternativ måde at autorisere http-overførsler,Alternativer Weg zur Autorisierung von HTTP-Übertragungen,授权 HTTP 传输的替代方式,授權 HTTP 傳輸的替代方式
Authentication Cookies,Settings cell title for managing browser cookies used for HTTP auth,2.8,Autentificerings-cookies,Authentifizierungs-Cookies,认证 Cookie,認證 Cookie
Checking existing in-app purchases...,status message during enterprise to regular migration,2.8,Kontrollerer eksisterende køb i appen...,Vorhandene In-App-Käufe werden geprüft...,正在检查现有的 App 内购买…,正在檢查現有的 App 內購買…
Convert,button to start converting enterprise purchase to in-app purchase,2.8,Konvertér,Konvertieren,转换,轉換
Create repositories by initializing new ones or by cloning from remotes.,empty state description explaining how to get started,2.8,Opret repositories ved at initialisere nye eller ved at clone fra remotes.,Erstelle Repositories durch Initialisierung neuer oder durch Clonen von Remotes.,通过初始化新仓库或从远程克隆来创建仓库。,透過初始化新版本庫或從遠端拓製來建立版本庫。
Edit Widget to pick Repository,placeholder shown when widget has no repository configured,2.8,Rediger widget for at vælge repository,"Widget bearbeiten, um Repository auszuwählen",编辑小组件以选择仓库,編輯小工具以選擇版本庫
Existing or new remote reference,section header for remote reference field in custom push,2.8,Eksisterende eller ny remote-reference,Vorhandene oder neue Remote-Referenz,现有或新的远程引用,現有或新的遠端引用
Identity Details,back button title for identity detail screen,2.8,Identitetsdetaljer,Identitätsdetails,身份详情,身分詳細資訊
Identity Image Sources,section header for avatar image source toggles in settings,2.8,Kilder til identitetsbilleder,Quellen für Identitätsbilder,身份头像来源,身分頭像來源
In-App purchase not allowed. Check Restrictions in General Settings.,error when device restrictions prevent in-app purchases,2.8,Køb i app er ikke tilladt. Kontrollér begrænsninger i Generelle indstillinger.,In-App-Kauf nicht erlaubt. Überprüfe die Einschränkungen in den allgemeinen Einstellungen.,不允许 App 内购买。请检查“通用”设置中的“访问限制”。,不允許 App 內購買。請檢查「一般」設定中的「取用限制」。
Merge with remote,empty state: combine changes downloaded from the server,2.8,Merge med remote,Merge mit Remote,与远程合并,與遠端合併
New Remote,navigation title when adding a new remote to the repository,2.8,Ny remote,Neue Remote,新建远程,新建遠端
No purchases restored. When using the TestFlight version you cannot restore purchases. Fortunately purchases made in the TestFlight version are not charged from your iTunes account.,shown after restore purchases in TestFlight beta build,2.8,Ingen køb gendannet. Når du bruger TestFlight-versionen kan du ikke gendanne køb. Heldigvis bliver køb foretaget i TestFlight-versionen ikke trukket fra din iTunes-konto.,Keine Käufe wiederhergestellt. Bei Verwendung der TestFlight-Version kannst du keine Käufe wiederherstellen. Glücklicherweise werden Käufe in der TestFlight-Version nicht von deinem iTunes-Konto abgebucht.,未恢复任何购买。使用 TestFlight 版本时无法恢复购买。不过好在 TestFlight 版本中的购买不会从你的 iTunes 账户扣费。,未恢復任何購買。使用 TestFlight 版本時無法恢復購買。不過好在 TestFlight 版本中的購買不會從你的 iTunes 帳戶扣費。
No repository selected,empty state headline when no repository is selected in split view,2.8,Intet repository valgt,Kein Repository ausgewählt,未选择仓库,未選擇版本庫
Open at remote,disabled menu command when no hosting provider URL is available,2.8,Åbn på remote,Auf Remote öffnen,在远程打开,在遠端開啟
Personal access token,placeholder text in password field for GitHub authentication,2.8,Personal access token,Personal Access Token,个人访问令牌,個人存取權杖
Pick ,"navigation title prefix before group type name, e.g. 'Pick Organization'",2.8,Vælg ,Auswählen ,选取 ,選取 
Private,section header for private repositories,2.8,Privat,Privat,私有,私有
Public,section header for public repositories,2.8,Offentlig,Öffentlich,公开,公開
Remote,navigation title for remote detail view,2.8,Remote,Remote,远程,遠端
Remote Branch,navigation title for remote branch detail,2.8,Remote branch,Remote-Branch,远程分支,遠端分支
Remote Connections,section header for remote server connection settings,2.8,Remote-forbindelser,Remote-Verbindungen,远程连接,遠端連線
Remote Connections,section header for remote server connection settings,2.8,Remote-forbindelser,Remote-Verbindungen,远程连接,遠端連線
Remote branches,section header for branches that exist on the remote server,2.8,Remote branches,Remote-Branches,远程分支,遠端分支
Remote repository,section header for remote URL,2.8,Remote repository,Remote-Repository,远程仓库,遠端版本庫
Remotes,section header for remote server list,2.8,Remotes,Remotes,远程,遠端
Resolve,navigation bar title for merge conflict resolution screen,2.8,Resolve,Resolve,解决,解決
Restore previous purchase,storyboard string for Restore previous purchase,2.8,Gendan tidligere køb,Früheren Kauf wiederherstellen,恢复之前的购买,恢復之前的購買
Retry,button to retry failed in-app purchase during migration,2.8,Prøv igen,Erneut versuchen,重试,重試
Select Identity,placeholder when no identity is selected,2.8,Vælg identitet,Identität auswählen,选择身份,選擇身分
Split,button title to switch to split view in conflict resolution,2.8,Opdel,Nebeneinander,分栏,分欄
Transferring Unlock,navigation title while converting enterprise purchase to in-app purchase,2.8,Overfører Unlock,Freischaltung wird übertragen,正在转移解锁权益,正在轉移解鎖權益
Transferring paid download to in-app purchase failed. Please try again.,error message when in-app purchase fails during enterprise migration,2.8,Overførsel af betalt download til køb i app mislykkedes. Prøv venligst igen.,Übertragung des bezahlten Downloads zum In-App-Kauf fehlgeschlagen. Bitte versuche es erneut.,将付费下载转换为 App 内购买失败。请重试。,將付費下載轉換為 App 內購買失敗。請重試。
Trying to restore purchase by validating app receipt. TestFlight apps can take longer doing this validation and has a higher failure rate.,status message shown in TestFlight builds during receipt-based purchase restoration,2.8,Forsøger at gendanne køb ved at validere app-kvittering. TestFlight-apps kan bruge længere tid på denne validering og har en højere fejlrate.,Kauf wird durch Validierung der App-Quittung wiederhergestellt. TestFlight-Apps können für diese Validierung länger brauchen und haben eine höhere Fehlerrate.,正在通过验证应用收据来恢复购买。TestFlight 应用执行此验证可能需要更长时间，且失败率更高。,正在透過驗證 App 收據來恢復購買。TestFlight App 執行此驗證可能需要更長時間，且失敗率更高。
Trying to restore purchase through transactions. TestFlight apps can take longer and has a higher failure rate.,status message shown in TestFlight builds during transaction-based purchase restoration,2.8,Forsøger at gendanne køb gennem transaktioner. TestFlight-apps kan bruge længere tid og har en højere fejlrate.,Kauf wird durch Transaktionen wiederhergestellt. TestFlight-Apps können länger brauchen und haben eine höhere Fehlerrate.,正在通过交易记录恢复购买。TestFlight 应用可能需要更长时间，且失败率更高。,正在透過交易記錄恢復購買。TestFlight App 可能需要更長時間，且失敗率更高。
Unable to check existing in-app purchases. Please Retry.,error when App Store receipt validation fails,2.8,Kan ikke tjekke eksisterende køb i app. Prøv venligst igen.,Bestehende In-App-Käufe können nicht überprüft werden. Bitte erneut versuchen.,无法检查现有的 App 内购买。请重试。,無法檢查現有的 App 內購買。請重試。
Unable to determine version of app at purchase time.,error when original app version cannot be read from receipt,2.8,Kan ikke bestemme appversion på købstidspunktet.,App-Version zum Kaufzeitpunkt kann nicht ermittelt werden.,无法确定购买时的应用版本。,無法確定購買時的 App 版本。
Username,placeholder for the username field in authentication dialog,2.8,Brugernavn,Benutzername,用户名,使用者名稱
"Working Copy has unlocked all pro features introduced before %@.

It is ready to move your repositories and settings.","message after in-app purchase succeeds during migration, %@ is the pro feature cutoff date",2.8,"Working Copy har låst op for alle pro-funktioner introduceret før %@.

Den er klar til at flytte dine repositories og indstillinger.","Working Copy hat alle Pro-Funktionen freigeschaltet, die vor %@ eingeführt wurden.

Es ist bereit, deine Repositories und Einstellungen zu übertragen.","Working Copy 已解锁 %@ 之前推出的所有专业版功能。

它已准备好迁移你的仓库和设置。","Working Copy 已解鎖 %@ 之前推出的所有專業版功能。

它已準備好遷移你的版本庫和設定。"
Your %@ can be converted to a unlock of Pro features introduced up to and including %@.,"future migration status: first %@ = purchase description, second %@ = end month/year",2.8,Din %@ kan konverteres til en oplåsning af Pro-funktioner introduceret op til og med %@.,"Dein %@ kann in eine Freischaltung von Pro-Funktionen umgewandelt werden, die bis einschließlich %@ eingeführt wurden.",你的 %@ 可以转换为一项解锁权益，适用于截至 %@（含）推出的专业版功能。,你的 %@ 可以轉換為一項解鎖權益，適用於截至 %@（含）推出的專業版功能。
Your %@ has been converted to a unlock of Pro features introduced up to and including %@.,"migration status: first %@ = purchase description, second %@ = end month/year",2.8,Din %@ er blevet konverteret til en oplåsning af Pro-funktioner introduceret op til og med %@.,"Dein %@ wurde in eine Freischaltung von Pro-Funktionen umgewandelt, die bis einschließlich %@ eingeführt wurden.",你的 %@ 已转换为一项解锁权益，适用于截至 %@（含）推出的专业版功能。,你的 %@ 已轉換為一項解鎖權益，適用於截至 %@（含）推出的專業版功能。
paid download %d months ago,label with %d = number of months since app was purchased,2.8,betalt download for %d måneder siden,bezahlter Download vor %d Monaten,%d 个月前的付费下载,%d 個月前的付費下載
paid download %d%@ years ago,label with %d = number of years and %@ = half-year fraction since app was purchased,2.8,betalt download for %d%@ år siden,bezahlter Download vor %d%@ Jahren,%d%@ 年前的付费下载,%d%@ 年前的付費下載
🤨,emoji shown when purchase is verified and data transfer is ready,2.8,🤨,🤨,🤨,🤨
Clone,button to start downloading a copy of a remote repository,2.7,Clone,Clone,克隆,拓製
Touch Debug Off,Accessibility label for touch debug button when disabled,2.7,Touch-fejlsøgning fra,Touch-Debug aus,触摸调试已关闭,觸控偵錯已關閉
Touch Debug On,Accessibility label for touch debug button when enabled,2.7,Touch-fejlsøgning til,Touch-Debug an,触摸调试已开启,觸控偵錯已開啟
You picked a %@ file where a %@ file was expected.,"warning about unexpected file type. first %@ is picked type, second %@ is expected type",2.6,Du valgte en %@-fil hvor en %@-fil var forventet.,"Du hast eine %@-Datei ausgewählt, wo eine %@-Datei erwartet wurde.",你选择了一个 %@ 文件，但期望的是 %@ 文件。,你選擇了一個 %@ 檔案，但預期的是 %@ 檔案。
"

Consider using a Personal access tokens configured at Developer settings on GitHub.com",suggestion appended to OTP authentication error for github.com users,2.5,"

Overvej at bruge Personal access tokens konfigureret under Developer settings på GitHub.com","

Erwäge die Verwendung von Personal access tokens, konfiguriert unter Developer settings auf GitHub.com","

建议使用在 GitHub.com 的 Developer settings 中配置的个人访问令牌","

建議使用在 GitHub.com 的 Developer settings 中設定的個人存取權杖"
"

Consider using a Personal access tokens configured at Developer settings on the GitHub website.",suggestion appended to OTP authentication error for GitHub Enterprise users,2.5,"

Overvej at bruge Personal access tokens konfigureret under Developer settings på GitHub-websiden.","

Erwäge die Verwendung von Personal access tokens, konfiguriert unter Developer settings auf der GitHub-Website.","

建议使用在 GitHub 网站的 Developer settings 中配置的个人访问令牌。","

建議使用在 GitHub 網站的 Developer settings 中設定的個人存取權杖。"
"

It looks like your have Fetch but not Push access to remote. Push has been disabled.",appended to error when push test fails but fetch succeeds,2.5,"

Det ser ud til, at du har fetch- men ikke push-adgang til remote. Push er blevet deaktiveret.","

Es sieht so aus, als hättest du Fetch-, aber keinen Push-Zugriff auf das Remote. Push wurde deaktiviert.","

看起来你有获取权限但没有推送权限。推送已被禁用。","

看起來你有抓取權限但沒有推送權限。推送已被停用。"
"

Tap to configure.","appended to permission error messages, tapping opens Settings",2.5,"

Tryk for at konfigurere.","

Tippe zum Konfigurieren.","

轻触以配置。","

點一下以設定。"
 Resolve Conflicts,button to open merge conflict resolution,2.5, Løs konflikter, Konflikte beheben, 解决冲突, 解決衝突
 Resolve Conflicts,button to open merge conflict resolution,2.5, Løs konflikter, Konflikte beheben, 解决冲突, 解決衝突
 Revert changes,button to discard uncommitted changes and restore files,2.5, Fortryd ændringer, Änderungen zurücksetzen, 还原更改, 還原變更
 Revert changes,button to discard uncommitted changes and restore files,2.5, Fortryd ændringer, Änderungen zurücksetzen, 还原更改, 還原變更
%@ will be removed for everyone but all commits are available in '%@',"info when deleting remote branch with all commits merged, first %@ is branch name, second %@ is branch containing the commits",2.5,"%@ vil blive fjernet for alle, men alle commits er tilgængelige i '%@'","%@ wird für alle entfernt, aber alle Commits sind in '%@' verfügbar",%@ 将对所有人删除，但所有提交在“%@”中仍可用,%@ 將對所有人刪除，但所有提交在「%@」中仍可用
%@: %@,"conflict resolution description format. first %@ is resolution type, second %@ is detail",2.5,%@: %@,%@: %@,%@: %@,%@: %@
%d commits not merged from %@,"branch tracking: multiple commits behind remote, args: count, remote branch name",2.5,%d commits ikke merged fra %@,%d Commits nicht gemergt von %@,%d 个提交未从 %@ 合并,%d 個提交未從 %@ 合併
%d commits not pushed to %@,"branch tracking: multiple commits ahead of remote, args: count, remote branch name",2.5,%d commits ikke pushet til %@,%d Commits nicht gepusht zu %@,%d 个提交未推送到 %@,%d 個提交未推送到 %@
%ld changes,"status text in branch picker showing number of uncommitted changes, %ld is the count",2.5,%ld ændringer,%ld Änderungen,%ld 个更改,%ld 個變更
1 change,status text in branch picker when there is exactly one uncommitted change,2.5,1 ændring,1 Änderung,1 个更改,1 個變更
1 commit not merged from %@,"branch tracking: single commit behind remote, arg: remote branch name",2.5,1 commit ikke merged fra %@,1 Commit nicht gemergt von %@,1 个提交未从 %@ 合并,1 個提交未從 %@ 合併
1 commit not pushed to %@,"branch tracking: single commit ahead of remote, arg: remote branch name",2.5,1 commit ikke pushet til %@,1 Commit nicht gepusht zu %@,1 个提交未推送到 %@,1 個提交未推送到 %@
Access to Contacts was denied.,error when contacts permission is not granted,2.5,Adgang til Kontakter blev afvist.,Zugriff auf Kontakte wurde verweigert.,通讯录访问被拒绝。,通訊錄存取被拒絕。
Add Remote,button to add a new remote server to the repository,2.5,Tilføj remote,Remote hinzufügen,添加远程,新增遠端
Add Remote,button to add a new remote server to the repository,2.5,Tilføj remote,Remote hinzufügen,添加远程,新增遠端
Allow Fetch,toggle label: permit downloading changes from this remote,2.5,Tillad fetch,Fetch erlauben,允许获取,允許抓取
Allow Push,toggle label: permit uploading changes to this remote,2.5,Tillad push,Push erlauben,允许推送,允許推送
Authentication Cookies,storyboard string for Authentication Cookies,2.5,Autentificerings-cookies,Authentifizierungs-Cookies,认证 Cookie,認證 Cookie
Authentication Cookies,storyboard string for Authentication Cookies,2.5,Autentificerings-cookies,Authentifizierungs-Cookies,认证 Cookie,認證 Cookie
Cannot checkout branch when there are uncommitted changes.,reason checkout is blocked due to uncommitted changes,2.5,Kan ikke checke branch ud når der er ikke-committede ændringer.,"Branch kann nicht ausgecheckt werden, wenn nicht committete Änderungen vorhanden sind.",有未提交的更改时无法检出分支。,有未提交的變更時無法簽出分支。
Cannot checkout branch when there are uncommitted files such as %@,"reason checkout is blocked, %@ is the name of an uncommitted file",2.5,Kan ikke checke branch ud når der er ikke-committede filer som %@,"Branch kann nicht ausgecheckt werden, wenn nicht committete Dateien wie %@ vorhanden sind",有未提交的文件（如 %@）时无法检出分支,有未提交的檔案（如 %@）時無法簽出分支
Cannot checkout branch when there unresolved conflicts.,reason checkout is blocked due to unresolved merge conflicts,2.5,Kan ikke checke branch ud når der er uløste konflikter.,"Branch kann nicht ausgecheckt werden, wenn ungelöste Konflikte vorhanden sind.",有未解决的冲突时无法检出分支。,有未解決的衝突時無法簽出分支。
Cannot merge conflicted repository.,error when merge is refused because the index has unresolved conflicts,2.5,Kan ikke merge repository med konflikter.,Repository mit Konflikten kann nicht gemergt werden.,无法合并有冲突的仓库。,無法合併有衝突的版本庫。
Cannot merge when there are uncommitted changes.,error when merge is refused because the working directory has uncommitted modifications,2.5,Kan ikke merge når der er ikke-committede ændringer.,"Kann nicht mergen, wenn nicht committete Änderungen vorhanden sind.",有未提交的更改时无法合并。,有未提交的變更時無法合併。
Change Author,action to change the author identity of a commit,2.5,Skift forfatter,Autor ändern,更改作者,變更作者
Change To,label for selecting new author identity,2.5,Skift til,Ändern zu,更改为,變更為
Clone from %@,"activity description, arg is remote URL to download repository from",2.5,Clone fra %@,Clone von %@,从 %@ 克隆,從 %@ 拓製
"Clone from GitHub, GitLab or any other Git remote.",,2.5,"Clone fra GitHub, GitLab eller enhver anden Git-remote.","Von GitHub, GitLab oder jeder anderen Git-Remote clonen.",从 GitHub、GitLab 或任何其他 Git 远程克隆。,從 GitHub、GitLab 或任何其他 Git 遠端拓製。
Clone repository,screen title for downloading a copy of a remote repository,2.5,Klon repository,Repository clonen,克隆仓库,拓製版本庫
Commit is deleted. Revert repository to also remove modificates made by commit.,result after mixed reset: commit is removed but file changes remain as uncommitted modifications,2.5,Commit er slettet. Revert repository for også at fjerne ændringer lavet af commit.,"Commit ist gelöscht. Reverte das Repository, um auch die Änderungen des Commits zu entfernen.",提交已删除。还原仓库以同时移除提交所做的修改。,提交已刪除。還原版本庫以同時移除提交所做的修改。
Commits have already been pushed to %@. You need to enable history rewriting for this branch to reset.,error when resetting a branch with commits already uploaded to remote. %@ is remote name,2.5,Commits er allerede pushet til %@. Du skal aktivere omskrivning af historik for denne branch for at resette.,"Commits wurden bereits zu %@ gepusht. Du musst das Umschreiben der Historik für diesen Branch aktivieren, um zu resetten.",提交已推送到 %@。你需要为此分支启用历史重写才能重置。,提交已推送到 %@。你需要為此分支啟用歷史重寫才能重設。
"Configured Hosting Providers let you list available repositories and create new repositories using REST API or Secure Shell commands.

Remotes do not need to be configured here to support cloning, fetching and pushing.",explanatory footer text in hosting providers settings section,2.5,"Konfigurerede hostingudbydere lader dig vise tilgængelige repositories og oprette nye repositories med REST API eller Secure Shell-kommandoer.

Remotes behøver ikke at blive konfigureret her for at understøtte clone, fetch og push.","Konfigurierte Hosting-Anbieter ermöglichen es dir, verfügbare Repositories aufzulisten und neue Repositories per REST API oder Secure Shell-Befehle zu erstellen.

Remotes müssen hier nicht konfiguriert werden, um Clone, Fetch und Push zu unterstützen.","已配置的托管服务商允许你使用 REST API 或 Secure Shell 命令列出可用仓库并创建新仓库。

无需在此处配置远程即可支持克隆、获取和推送。","已設定的代管服務商允許你使用 REST API 或 Secure Shell 指令列出可用版本庫並建立新版本庫。

無需在此處設定遠端即可支援拓製、抓取和推送。"
Conflict Resolve tool,tool for resolving conflicting changes when merging branches,2.5,Conflict Resolve-værktøj,Konfliktlösungs-Werkzeug,冲突解决工具,衝突解決工具
Conflicts not yet decided.,error when conflicts are unresolved,2.5,Konflikter endnu ikke afgjort.,Konflikte noch nicht entschieden.,冲突尚未解决。,衝突尚未解決。
Continue,button to proceed with username-only authentication,2.5,Fortsæt,Fortfahren,继续,繼續
Current user not allowed to push to remote.,error when push fails due to authentication or permission issue,2.5,Aktuel bruger har ikke tilladelse til at pushe til remote.,"Aktueller Benutzer hat keine Berechtigung, zum Remote zu pushen.",当前用户没有推送到远程的权限。,目前使用者沒有推送到遠端的權限。
Default,badge label on the default commit identity in the list,2.5,Standard,Standard,默认,預設
Delete Identity,storyboard string for Delete Identity,2.5,Slet identitet,Identität löschen,删除身份,刪除身分
Delete Remote,button to remove a configured remote server,2.5,Slet remote,Remote löschen,删除远程,刪除遠端
Differences from %@ have been merged in with conflicts. Tap to Resolve.,"status, arg: branch name",2.5,Forskelle fra %@ er merget ind med konflikter. Tryk for at løse.,Unterschiede von %@ wurden mit Konflikten gemergt. Tippe zum Lösen.,来自 %@ 的差异已合并但存在冲突。轻触以解决。,來自 %@ 的差異已合併但存在衝突。點一下以解決。
Disconnected while trying to authentiate. Server might be reacting to many failed attempts.,error when server drops SSH connection during authentication,2.5,Afbrudt under godkendelsesforsøg. Serveren reagerer muligvis på mange fejlslagne forsøg.,Verbindung während der Authentifizierung getrennt. Der Server reagiert möglicherweise auf viele fehlgeschlagene Versuche.,认证过程中连接断开。服务器可能因多次失败尝试而断开连接。,認證過程中連線中斷。伺服器可能因多次失敗嘗試而中斷連線。
Diverged from %@,"branch tracking: local and remote have diverged, arg: remote branch name",2.5,Divergeret fra %@,Divergiert von %@,与 %@ 产生分歧,與 %@ 產生分歧
Edit,button to edit a commit identity entry,2.5,Rediger,Bearbeiten,编辑,編輯
Ensure servers are legitimate.,subtitle explaining that host keys verify server identity,2.5,Bekræft at servere er ægte.,"Stelle sicher, dass Server echt sind.",确保服务器身份可信。,確保伺服器身分可信。
Failure establishing SSH session,error when SSH handshake with remote server fails,2.5,Kunne ikke etablere SSH-session,SSH-Sitzung konnte nicht aufgebaut werden,无法建立 SSH 会话,無法建立 SSH 工作階段
"Fast
Forward","multiline button label for fast-forward, which applies remote changes without creating a merge point",2.5,"Fast
Forward","Fast
Forward","快
进","快
轉"
Fetch & ,prefix text combined with merge title,2.5,Fetch & ,Fetch & ,获取并,抓取並
Fetch All Remotes,action title to download changes from all configured remote servers,2.5,Fetch alle remotes,Alle Remotes fetchen,获取所有远程,抓取所有遠端
Fetch commits from repository remote and merge with current branch.,,2.5,Fetch commits fra repository remote og merge med nuværende branch.,Commits vom Repository-Remote fetchen und mit dem aktuellen Branch mergen.,从仓库的远程获取提交并与当前分支合并。,從版本庫遠端抓取提交並與目前分支合併。
Fetch commits from repository remote without merging.,,2.5,Fetch commits fra repository remote uden at merge.,"Commits vom Repository-Remote fetchen, ohne zu mergen.",从仓库的远程获取提交但不合并。,從版本庫遠端抓取提交但不合併。
Fetch from ${repo} remote,,2.5,Fetch fra ${repo} remote,Vom ${repo}-Remote fetchen,从 ${repo} 远程获取,從 ${repo} 遠端抓取
Fetch from remote to %@,activity: download latest changes from server into repository (arg 1),2.5,Fetch fra remote til %@,Vom Remote nach %@ fetchen,从远程获取到 %@,從遠端抓取到 %@
Force Push,destructive button to force push overwriting remote changes,2.5,Force Push,Force Push,强制推送,強制推送
Forget,Swipe action to delete an authentication cookie,2.5,Glem,Vergessen,忘记,忘記
Fork,cancel error action for forking a repository,2.5,Fork,Fork,复刻,Fork
Fork & Push,action: fork the repo and then push to it,2.5,Fork & Push,Fork & Push,复刻并推送,Fork 並推送
Forwarding to %@:%d failed,"error when SSH tunnel connection to remote host fails, %@ is host and %d is port",2.5,Videresendelse til %@:%d mislykkedes,Weiterleitung an %@:%d fehlgeschlagen,转发到 %@:%d 失败,轉發到 %@:%d 失敗
GitHub OAuth state was changed.,error when OAuth state parameter does not match expected value,2.5,GitHub OAuth-tilstand blev ændret.,GitHub-OAuth-Zustand wurde geändert.,GitHub OAuth 状态已更改。,GitHub OAuth 狀態已變更。
GitHub user %@ isn't registered as a student developer.,"error when student developer validation fails, %@ is the GitHub username",2.5,GitHub-bruger %@ er ikke registreret som studenterudvikler.,GitHub-Benutzer %@ ist nicht als Studierender registriert.,GitHub 用户 %@ 未注册为学生开发者。,GitHub 使用者 %@ 未註冊為學生開發者。
Home screen widget for remote commits,free feature: widget showing new commits on remote,2.5,Hjemmeskærmswidget for remote commits,Startbildschirm-Widget für Remote-Commits,用于显示远程提交的主屏幕小组件,用於顯示遠端提交的主畫面小工具
Host key verification failed,SSH error when remote server host key does not match stored key,2.5,Verifikation af værtsnøgle fejlede,Überprüfung des Host-Schlüssels fehlgeschlagen,主机密钥验证失败,主機金鑰驗證失敗
Identity not configured,shown when no Git author identity is set for the repository,2.5,Identitet ikke konfigureret,Identität nicht konfiguriert,身份未配置,身分未設定
Invalid URL,error when remote URL cannot be parsed for LFS download,2.5,Ugyldig URL,Ungültige URL,无效的 URL,無效的 URL
"It looks like you restored this %@ from backup.

Working Copy can clone some or all previous repositories and reclaim changes not pushed to remotes.

Tap to get started.","message shown after device restore from backup, %@ = device model name",2.5,"Det ser ud til, at du har gendannet denne %@ fra backup.

Working Copy kan clone nogle eller alle tidligere repositories og gendanne ændringer, der ikke er pushet til remotes.

Tryk for at komme i gang.","Es sieht so aus, als hättest du dieses %@ aus einem Backup wiederhergestellt.

Working Copy kann einige oder alle früheren Repositories clonen und Änderungen zurückholen, die nicht zu Remotes gepusht wurden.

Tippe, um loszulegen.","看起来你从备份恢复了此 %@。

Working Copy 可以克隆部分或全部之前的仓库，并恢复未推送到远程的更改。

轻触开始。","看起來你從備份恢復了此 %@。

Working Copy 可以拓製部分或全部之前的版本庫，並恢復未推送到遠端的變更。

點一下開始。"
LFS upload: %@,"log message when a Git LFS file finishes uploading, %@ is the file path",2.5,LFS upload: %@,LFS-Upload: %@,LFS 上传：%@,LFS 上傳：%@
Login,button to submit credentials in authentication dialog,2.5,Log ind,Anmelden,登录,登入
Make Default,button to set identity as default,2.5,Gør til standard,Als Standard festlegen,设为默认,設為預設
Make new branch including uncommitted changes.,detail for create checkout mode,2.5,Opret ny branch med ændringer der ikke er committed.,Neuen Branch erstellen mit nicht committeten Änderungen.,创建包含未提交更改的新分支。,建立包含未提交變更的新分支。
Merge Strategy,settings label for how remote changes are integrated,2.5,Merge-strategi,Merge-Strategie,合并策略,合併策略
Merge Strategy,screen title for configuring how remote changes are integrated,2.5,Merge-strategi,Merge-Strategie,合并策略,合併策略
Merge requires %ld conflicts to be resolved.,Status when combining branches produced multiple files with conflicting changes. %ld is the number of conflicts.,2.5,"Merge kræver, at %ld konflikter løses.","Merge erfordert, dass %ld Konflikte gelöst werden.",合并需要解决 %ld 个冲突。,合併需要解決 %ld 個衝突。
Merge requires 1 conflict to be resolved.,Status when combining branches produced one file with conflicting changes.,2.5,"Merge kræver, at 1 konflikt løses.","Merge erfordert, dass 1 Konflikt gelöst wird.",合并需要解决 1 个冲突。,合併需要解決 1 個衝突。
Missing access token,error when OAuth response lacks an access token,2.5,Manglende adgangstoken,Fehlender Zugriffstoken,缺少访问令牌,缺少存取權杖
Missing authentication,Error when no credentials are stored for Azure DevOps/TFS,2.5,Manglende godkendelse,Fehlende Authentifizierung,缺少认证,缺少認證
Missing branch %@ in %@,"error when PR branch is not found after fetch, first %@ is branch name, second %@ is remote URL",2.5,Manglende branch %@ i %@,Fehlender Branch %@ in %@,在 %2$@ 中缺少分支 %1$@,在 %2$@ 中缺少分支 %1$@
Missing identity information needed for %@.,"error when git signature is not configured, arg: command name",2.5,Manglende identitetsoplysninger nødvendige for %@.,Fehlende Identitätsinformationen für %@ benötigt.,缺少 %@ 所需的身份信息。,缺少 %@ 所需的身分資訊。
Missing remote %@,"error when specified remote not found, arg: remote name or URL",2.5,Manglende remote %@,Fehlendes Remote %@,缺少远程 %@,缺少遠端 %@
Missing remote '%@' for repository.,"error when named remote not found, arg: remote name",2.5,Manglende remote '%@' for repository.,Fehlendes Remote '%@' für Repository.,仓库缺少远程“%@”。,版本庫缺少遠端「%@」。
Missing remote for repository.,error when repository has no remote configured,2.5,Manglende remote for repository.,Fehlendes Remote für Repository.,仓库缺少远程。,版本庫缺少遠端。
Missing remote in WidgetFetchIntent,error when widget fetch intent has no remote specified,2.5,Manglende remote i WidgetFetchIntent,Fehlendes Remote in WidgetFetchIntent,WidgetFetchIntent 中缺少远程,WidgetFetchIntent 中缺少遠端
Missing remote parameter to clone.,error when clone callback lacks remote URL parameter,2.5,Manglende remote-parameter til clone.,Fehlender Remote-Parameter zum Clonen.,缺少用于克隆的 remote 参数。,缺少用於拓製的 remote 參數。
Missing remote with url %@,"error when remote cannot be found after adding it, %@ is the remote URL",2.5,Manglende remote med url %@,Fehlendes Remote mit URL %@,缺少 URL 为 %@ 的远程,缺少 URL 為 %@ 的遠端
Missing repo parameter,error when write callback has no repository specified,2.5,Manglende repo-parameter,Fehlender Repo-Parameter,缺少 repo 参数,缺少 repo 參數
Missing repository in WidgetFetchIntent,error when widget fetch intent has no repository specified,2.5,Manglende repository i WidgetFetchIntent,Fehlendes Repository in WidgetFetchIntent,WidgetFetchIntent 中缺少仓库,WidgetFetchIntent 中缺少版本庫
Missing repository to open pull request in.,error when no repository is available to open a pull request,2.5,Manglende repository at åbne pull request i.,"Fehlendes Repository, um einen Pull Request zu öffnen.",缺少用于打开拉取请求的仓库。,缺少用於開啟 Pull Request 的版本庫。
Mount,file sharing mode: mount remote directory,2.5,Monter,Einbinden,挂载,掛載
No conflict to resolve,error when attempting to resolve conflicts on a file without conflicts,2.5,Ingen konflikt at løse,Kein Konflikt zu lösen,没有要解决的冲突,沒有要解決的衝突
No identity configured for signing,error when trying to cryptographically sign a tag without a configured identity,2.5,Ingen identitet konfigureret til signering,Keine Identität zum Signieren konfiguriert,未配置用于签名的身份,未設定用於簽名的身分
No remote found,error when no origin remote exists for LFS download,2.5,Ingen remote fundet,Kein Remote gefunden,未找到远程,未找到遠端
No remote named %@,"error when the specified remote does not exist, %@ is the remote name",2.5,Ingen remote med navnet %@,Kein Remote mit dem Namen %@,没有名为 %@ 的远程,沒有名為 %@ 的遠端
No repository context,error when LFS filter has no associated repository,2.5,Ingen repository-kontekst,Kein Repository-Kontext,没有仓库上下文,沒有版本庫上下文
No repository found where name or remote-url matches repo=%@,"error when repo parameter finds no match, arg: repo parameter value",2.5,Intet repository fundet hvor navn eller remote-url matcher repo=%@,"Kein Repository gefunden, bei dem Name oder Remote-URL übereinstimmt: repo=%@",未找到名称或远程 URL 匹配 repo=%@ 的仓库,未找到名稱或遠端 URL 相符 repo=%@ 的版本庫
No repository found. Check URL or try as another user.,"error when cloning returns HTTP 404, suggesting the URL is wrong or user lacks access",2.5,Intet repository fundet. Tjek URL eller prøv som en anden bruger.,Kein Repository gefunden. Überprüfe die URL oder versuche es als anderer Benutzer.,未找到仓库。请检查 URL 或尝试使用其他用户。,未找到版本庫。請檢查 URL 或嘗試使用其他使用者。
No repository found. Check URL.,"error shown when remote server closes connection early, likely a wrong URL",2.5,Intet repository fundet. Tjek URL.,Kein Repository gefunden. Überprüfe die URL.,未找到仓库。请检查 URL。,未找到版本庫。請檢查 URL。
No repository matching repo paramter,error when repo parameter does not match any repository,2.5,Intet repository matcher repo-parameter,Kein Repository passt zum repo-Parameter,没有匹配 repo 参数的仓库,沒有符合 repo 參數的版本庫
No repository selected,storyboard string for No repository selected,2.5,Intet repository valgt,Kein Repository ausgewählt,未选择仓库,未選擇版本庫
No way to authenticate,error when no credentials are available and hostname is unknown,2.5,Ingen måde at godkende på,Keine Möglichkeit zur Authentifizierung,无法进行认证,無法進行認證
No way to authenticate with %@,"error when no credentials are available, %@ is hostname",2.5,Ingen måde at godkende med %@,Keine Möglichkeit zur Authentifizierung mit %@,无法通过 %@ 进行认证,無法透過 %@ 進行認證
Not all conflicts are resolved,error when trying to complete merge with unresolved conflicts,2.5,Ikke alle konflikter er løst,Nicht alle Konflikte sind gelöst,并非所有冲突都已解决,並非所有衝突都已解決
OAuth Authentication,storyboard string for OAuth Authentication,2.5,OAuth-autentificering,OAuth-Authentifizierung,OAuth 认证,OAuth 認證
OAuth state was changed,Error when OAuth state parameter doesn't match expected value during Gitea authentication,2.5,OAuth-tilstand blev ændret,OAuth-Status wurde geändert,OAuth 状态已更改,OAuth 狀態已變更
Personal access token requires scope: %@,"error when token lacks required permission, %@ is the OAuth scope name",2.5,Personal access token kræver scope: %@,Personal Access Token erfordert Scope: %@,个人访问令牌需要权限范围：%@,個人存取權杖需要權限範圍：%@
Pick Contact,button to open Contacts picker for selecting commit identity,2.5,Vælg kontakt,Kontakt auswählen,选取联系人,選取聯絡人
Pull %@ from remote,activity: download and integrate remote changes for repository (arg 1),2.5,Pull %@ fra remote,Pull %@ von Remote,从远程拉取 %@,從遠端拉取 %@
Pull all repositories,activity: download and integrate remote changes for all repositories,2.5,Pull alle repositories,Alle Repositories pullen,拉取所有仓库,拉取所有版本庫
Pull from ${repo} remote,,2.5,Pull fra ${repo} remote,Pull von ${repo} Remote,从 ${repo} 远程拉取,從 ${repo} 遠端拉取
Push ${repo} to remote,,2.5,Push ${repo} til remote,Push ${repo} zum Remote,推送 ${repo} 到远程,推送 ${repo} 到遠端
Push %@ to remote,activity: upload local changes from repository (arg 1) to server,2.5,Push %@ til remote,Push %@ zum Remote,推送 %@ 到远程,推送 %@ 到遠端
Push to remote,feature title for uploading commits to a remote server,2.5,Push til remote,Push zum Remote,推送到远程,推送到遠端
Rebase,button title when pull uses rebase,2.5,Rebase,Rebase,变基,重定基底
Reclone from Backup,free feature: re-downloading a repository from its remote,2.5,Clone igen fra backup,Erneut vom Backup clonen,从备份重新克隆,從備份重新拓製
Refuse to overwrite uncommitted files.,detail for safe write mode,2.5,Afvis at overskrive filer der ikke er committed.,"Ablehnen, nicht committete Dateien zu überschreiben.",拒绝覆盖未提交的文件。,拒絕覆蓋未提交的檔案。
"Refusing to force push as %@ on the remote doesn't have %@ as the head commit.

Fetch from remote to update expected commit.","error when force push safety check fails, first %@ is ref name, second %@ is short commit hash",2.5,"Afviser force push da %@ på remote ikke har %@ som head commit.

Fetch fra remote for at opdatere forventet commit.","Force-Push abgelehnt, da %@ auf dem Remote nicht %@ als Head-Commit hat.

Fetche vom Remote, um den erwarteten Commit zu aktualisieren.","拒绝强制推送，因为远程上 %@ 的最新提交不是 %@。

请从远程获取以更新预期提交。","拒絕強制推送，因為遠端上 %@ 的最新提交不是 %@。

請從遠端抓取以更新預期提交。"
Refusing write to %@ that has uncommitted changes. Commit or Revert manually or use mode=overwrite to allow writing to modified files.,"error when writing to a modified file in safe mode, arg: file path",2.5,"Afviser skrivning til %@ der har ændringer som ikke er committed. Commit eller revert manuelt, eller brug mode=overwrite for at tillade skrivning til ændrede filer.","Schreiben nach %@ abgelehnt, da es nicht committete Änderungen hat. Committe oder reverte manuell, oder verwende mode=overwrite, um das Schreiben in geänderte Dateien zu erlauben.",拒绝写入有未提交更改的 %@。请手动提交或还原，或使用 mode=overwrite 允许写入已修改的文件。,拒絕寫入有未提交變更的 %@。請手動提交或還原，或使用 mode=overwrite 允許寫入已修改的檔案。
Remote,screen title for remote server configuration,2.5,Remote,Remote,远程,遠端
Remote,label for remote server name in repository summary,2.5,Remote,Remote,远程,遠端
Remote Commits,,2.5,Remote commits,Remote-Commits,远程提交,遠端提交
Remote Pull,settings label for default pull behavior,2.5,Remote pull,Remote-Pull,远程拉取,遠端拉取
Remote has no URL,error when remote is not configured,2.5,Remote har ingen URL,Remote hat keine URL,远程没有 URL,遠端沒有 URL
Remote is not SSH,error when LFS remote doesn't use SSH,2.5,Remote er ikke SSH,Remote ist nicht SSH,远程不是 SSH,遠端不是 SSH
Remote not available,Shortcuts fetch error when the specified remote does not exist,2.5,Remote ikke tilgængelig,Remote nicht verfügbar,远程不可用,遠端不可用
Remote port,label for remote port number field,2.5,Remote-port,Remote-Port,远程端口,遠端埠
Remove,destructive action button to delete a remote,2.5,Fjern,Entfernen,移除,移除
Remove as Default,button to remove identity as default,2.5,Fjern som standard,Als Standard entfernen,取消默认,取消預設
Repository already has remote named '%@',Shortcuts manage-remotes error when adding a remote whose name already exists; %@ is the remote name,2.5,Repository har allerede en remote ved navn '%@',Repository hat bereits ein Remote namens '%@',仓库已有名为“%@”的远程,版本庫已有名為「%@」的遠端
Repository has no remote named '%@',Shortcuts manage-remotes error when trying to remove a non-existent remote; %@ is the remote name,2.5,Repository har ingen remote ved navn '%@',Repository hat kein Remote namens '%@',仓库没有名为“%@”的远程,版本庫沒有名為「%@」的遠端
Resolve,screen for resolving merge conflicts,2.5,Resolve,Resolve,解决,解決
Resolve,button to resolve merge conflicts in this file,2.5,Resolve,Resolve,解决,解決
Resolve Conflicts,button to open merge conflict resolution,2.5,Løs konflikter,Konflikte beheben,解决冲突,解決衝突
Resolve Conflicts,button to open merge conflict resolution,2.5,Løs konflikter,Konflikte beheben,解决冲突,解決衝突
Resolved non-conflicted file %@,"status after resolving one file, arg: filename",2.5,Resolved ikke-konfliktende fil %@,Nicht-konfliktbehaftete Datei %@ resolved,已解决无冲突文件 %@,已解決無衝突檔案 %@
Resolved non-conflicted files %@,"status after resolving multiple files, arg: filenames",2.5,Resolved ikke-konfliktende filer %@,Nicht-konfliktbehaftete Dateien %@ resolved,已解决无冲突文件 %@,已解決無衝突檔案 %@
Revert changes,button to discard uncommitted changes,2.5,Fortryd ændringer,Änderungen zurücksetzen,还原更改,還原變更
Revert changes,button to discard uncommitted changes,2.5,Fortryd ændringer,Änderungen zurücksetzen,还原更改,還原變更
SSH Command failed with exit code %d,"error when remote SSH command exits with non-zero status, %d is the exit code",2.5,SSH-kommando mislykkedes med afslutningskode %d,SSH-Befehl fehlgeschlagen mit Exit-Code %d,SSH 命令失败，退出代码 %d,SSH 指令失敗，結束碼 %d
SSH username / password rejected,error when SSH password authentication is denied by server,2.5,SSH-brugernavn / adgangskode afvist,SSH-Benutzername / Passwort abgelehnt,SSH 用户名/密码被拒绝,SSH 使用者名稱/密碼被拒絕
Safe,write mode: only write if file has no uncommitted changes,2.5,Sikker,Sicher,安全,安全
Server home directory,default remote directory for SSH command when none is specified,2.5,Serverens hjemmemappe,Server-Heimatverzeichnis,服务器主目录,伺服器主目錄
"Tag was created on %@

Tap to push to %@","status after tag creation, args: device name, remote name",2.5,"Tag blev oprettet på %@

Tryk for at pushe til %@","Tag wurde auf %@ erstellt

Tippe, um zu %@ zu pushen","标签已在 %@ 上创建

轻触推送到 %@","標籤已在 %@ 上建立

點一下推送到 %@"
Tap to Sign In,appended to authentication error when user can tap to start OAuth sign-in,2.5,Tryk for at logge ind,Tippe zum Anmelden,轻触以登录,點一下以登入
Tap to configure.,"appended to error message, tapping opens identity configuration",2.5,Tryk for at konfigurere.,Tippe zum Konfigurieren.,轻触以配置。,點一下以設定。
Terminated with signal %@,"error when remote SSH command was killed by a signal, %@ is the signal name",2.5,Afsluttet med signal %@,Beendet mit Signal %@,被信号 %@ 终止,被訊號 %@ 終止
There are modifications that require Commit or Revert.,error when trying to roll back but working directory has uncommitted changes,2.5,Der er ændringer som kræver commit eller revert.,"Es gibt Änderungen, die einen Commit oder Revert erfordern.",有修改需要提交或还原。,有修改需要提交或還原。
"There is already remote named %@.

Choose another name or edit the existing remote to change it.",error when creating a remote with a name that already exists; %@ is the duplicate name,2.5,"Der er allerede en remote ved navn %@.

Vælg et andet navn eller rediger den eksisterende remote for at ændre den.","Es gibt bereits ein Remote namens %@.

Wähle einen anderen Namen oder bearbeite das vorhandene Remote, um es zu ändern.","已存在名为 %@ 的远程。

请选择其他名称，或编辑现有的远程进行更改。","已存在名為 %@ 的遠端。

請選擇其他名稱，或編輯現有的遠端進行變更。"
This exact Identity already exists.,error when trying to save a duplicate identity,2.5,Denne identitet eksisterer allerede.,Diese Identität existiert bereits.,此身份已存在。,此身分已存在。
Tracking %@,"branch tracking info, arg: remote branch name",2.5,Sporer %@,Verfolgt %@,正在跟踪 %@,正在追蹤 %@
Transfer completed,subtitle shown when a remote transfer finishes successfully,2.5,Overførsel fuldført,Übertragung abgeschlossen,传输已完成,傳輸已完成
"Transfer failed with %@ locked.

Working Copy uses encryption, which prevents access to filesystem when device is locked.","error when Git transfer fails because device is locked, %@ is device model e.g. iPhone or iPad",2.5,"Overførsel mislykkedes mens %@ var låst.

Working Copy bruger kryptering, som forhindrer adgang til filsystemet når enheden er låst.","Übertragung fehlgeschlagen, während %@ gesperrt war.

Working Copy verwendet Verschlüsselung, die den Zugriff auf das Dateisystem verhindert, wenn das Gerät gesperrt ist.","传输失败，因为 %@ 已锁定。

Working Copy 使用加密，在设备锁定时无法访问文件系统。","傳輸失敗，因為 %@ 已鎖定。

Working Copy 使用加密，在裝置鎖定時無法存取檔案系統。"
Unable to add upstream remote,error title when adding upstream remote after forking fails,2.5,Kan ikke tilføje upstream remote,Upstream-Remote kann nicht hinzugefügt werden,无法添加上游远程,無法新增上游遠端
"Unable to authenticate, out of methods.",error when all SSH authentication methods have been exhausted,2.5,"Kan ikke godkende, ingen flere metoder.","Authentifizierung nicht möglich, keine Methoden mehr.",无法认证，已用尽所有方法。,無法認證，已用盡所有方法。
Unable to clone %@ without remote.,"error when repository has no remote URL, %@ = repository name",2.5,Kan ikke clone %@ uden remote.,%@ kann ohne Remote nicht geklont werden.,没有远程无法克隆 %@。,沒有遠端無法拓製 %@。
Unable to commit until all conflicts in repository are resolved.,error when trying to commit with unresolved conflicts,2.5,Kan ikke committe før alle uoverensstemmelser i repository er løst.,"Committen nicht möglich, bis alle Konflikte im Repository gelöst sind.",在仓库中所有冲突解决之前无法提交。,在版本庫中所有衝突解決之前無法提交。
Unable to create branch '%@' as '%@' already exists.,"error when branch creation fails because a parent path segment is already a branch, first %@ is the new branch name, second %@ is the conflicting existing branch",2.5,Kan ikke oprette branch '%@' da '%@' allerede eksisterer.,"Branch '%@' kann nicht erstellt werden, da '%@' bereits existiert.",无法创建分支“%@”，因为“%@”已存在。,無法建立分支「%@」，因為「%@」已存在。
Unable to determine GitHub user account from %@,"error when user account cannot be extracted from remote URL, %@ is the repository URL",2.5,Kan ikke bestemme GitHub-brugerkonto fra %@,GitHub-Benutzerkonto kann nicht aus %@ ermittelt werden,无法从 %@ 确定 GitHub 用户账户,無法從 %@ 確定 GitHub 使用者帳戶
Unable to determine hosting provider,Shortcuts open-pull-request error when the hosting provider cannot be identified from the repository remotes,2.5,Kan ikke bestemme hostingudbyder,Hosting-Anbieter kann nicht ermittelt werden,无法确定托管服务商,無法確定代管服務商
Unable to determine public commit identity for GitHub account.,error when GitHub account email for commits cannot be found,2.5,Kan ikke bestemme offentlig commit-identitet for GitHub-konto.,Öffentliche Commit-Identität für GitHub-Konto kann nicht ermittelt werden.,无法确定 GitHub 账户的公开提交身份。,無法確定 GitHub 帳戶的公開提交身分。
Unable to determine remote branch for %@.,"error message, %@ is branch name",2.5,Kan ikke bestemme remote branch for %@.,Remote Branch für %@ kann nicht ermittelt werden.,无法确定 %@ 的远程分支。,無法確定 %@ 的遠端分支。
Unable to execute command on SSH channel,error when remote command execution fails on SSH channel,2.5,Kan ikke udføre kommando på SSH-kanal,Befehl kann nicht auf SSH-Kanal ausgeführt werden,无法在 SSH 通道上执行命令,無法在 SSH 通道上執行指令
Unable to find repository with name or remote: %@,,2.5,Kan ikke finde repository med navn eller remote: %@,Repository mit Name oder Remote kann nicht gefunden werden: %@,无法找到名称或远程为 %@ 的仓库,無法找到名稱或遠端為 %@ 的版本庫
Unable to lookup remote %@,"error when a git remote cannot be opened, %@ is the remote name",2.5,Kan ikke finde remote %@,Remote %@ kann nicht gefunden werden,无法查找远程 %@,無法查詢遠端 %@
Unable to prompt user.,error when authentication dialog cannot be shown because there is no active screen,2.5,Kan ikke vise prompt til bruger.,Eingabeaufforderung kann nicht angezeigt werden.,无法向用户显示提示。,無法向使用者顯示提示。
Unable to push %s: %s,"error from remote when push of a ref is rejected, first %s is the ref name, second %s is the server message",2.5,Kan ikke pushe %s: %s,%s kann nicht gepusht werden: %s,无法推送 %s：%s,無法推送 %s：%s
"Unable to push changes, that could not be fast-forwarded.

Consider merging in changes or force pushing.","error when push is rejected because remote has diverged, suggesting merge or force push",2.5,"Kan ikke pushe ændringer der ikke kunne fast-forwardes.

Overvej at merge ændringer ind eller force-pushe.","Änderungen können nicht gepusht werden, da kein Fast-Forward möglich war.

Erwäge, Änderungen zu mergen oder einen Force-Push durchzuführen.","无法推送，因为更改无法快进。

请考虑合并更改或强制推送。","無法推送，因為變更無法快轉。

請考慮合併變更或強制推送。"
Unable to refresh access token: ,"error prefix when OAuth token refresh fails, followed by error description",2.5,Kan ikke opdatere adgangstoken: ,Zugriffstoken kann nicht aktualisiert werden: ,无法刷新访问令牌：,無法重新整理存取權杖：
Unable to refresh upstream,error title when fetching from upstream remote after forking fails,2.5,Kan ikke opdatere upstream,Upstream kann nicht aktualisiert werden,无法刷新上游,無法重新整理上游
Unable to replace remote,error title when changing origin URL to fork fails,2.5,Kan ikke erstatte remote,Remote kann nicht ersetzt werden,无法替换远程,無法替換遠端
Unable to stage files for commit with unresolved conflicts.,error when trying to stage files while index has unresolved conflicts,2.5,Kan ikke stage filer til commit med uløste konflikter.,"Dateien können nicht für den Commit gestagt werden, solange ungelöste Konflikte bestehen.",存在未解决的冲突时无法暂存文件以供提交。,存在未解決的衝突時無法暫存檔案以供提交。
Unable to trigger GitHub Action for non-GitHub repositories.,error when trying to trigger GitHub Actions on a non-GitHub remote,2.5,Kan ikke udløse GitHub Action for repositories der ikke er på GitHub.,"GitHub Action kann nicht für Repositories ausgelöst werden, die nicht auf GitHub sind.",无法为非 GitHub 仓库触发 GitHub Action。,無法為非 GitHub 版本庫觸發 GitHub Action。
Unknown repository for remote,error when the repository associated with a remote cannot be found,2.5,Ukendt repository for remote,Unbekanntes Repository für Remote,远程的仓库未知,遠端的版本庫未知
"Validation problem: %@
receipt = %@","receipt validation error log, first %@ is the problem description, second %@ is the receipt dictionary",2.5,"Valideringsproblem: %@
receipt = %@","Validierungsproblem: %@
receipt = %@","验证问题：%@
receipt = %@","驗證問題：%@
receipt = %@"
Working Copy is not allowed to perform speech recognition.,error when speech recognition permission is denied,2.5,Working Copy har ikke tilladelse til at udføre talegenkendelse.,Working Copy hat keine Berechtigung zur Spracherkennung.,Working Copy 没有执行语音识别的权限。,Working Copy 沒有使用語音辨識的權限。
Working Copy is not allowed to use the microphone.,error when microphone permission is denied,2.5,Working Copy har ikke tilladelse til at bruge mikrofonen.,Working Copy hat keine Berechtigung zur Nutzung des Mikrofons.,Working Copy 没有使用麦克风的权限。,Working Copy 沒有使用麥克風的權限。
You are not signed into %@,"error when credentials are missing, %@ is provider title",2.5,Du er ikke logget ind på %@,Du bist nicht bei %@ angemeldet,你尚未登录 %@,你尚未登入 %@
You can create new Git repositories by initializing new ones or by cloning from remotes.,storyboard string for You can create new Git repositories by initializing new ones or by cloning from remotes.,2.5,Du kan oprette nye Git-repositories ved at initialisere nye eller klone fra remotes.,"Du kannst neue Git-Repositories erstellen, indem du neue initialisierst oder von Remotes klonst.",你可以通过初始化新仓库或从远程克隆来创建新的 Git 仓库。,你可以透過初始化新版本庫或從遠端拓製來建立新的 Git 版本庫。
You have %d conflicted files in repository. You must resolve these before committing.,"error when trying to commit, %d is number of conflicted files",2.5,Du har %d filer med konflikter i repositoriet. Du skal løse disse før du committer.,"Du hast %d Dateien mit Konflikten im Repository. Du musst diese lösen, bevor du committest.",仓库中有 %d 个冲突文件。你必须在提交之前解决这些冲突。,版本庫中有 %d 個衝突檔案。你必須在提交之前解決這些衝突。
You need to authenticate with %@,"error when authentication is needed but no UI is available, %@ = service hostname",2.5,Du skal godkende med %@,Du musst dich bei %@ authentifizieren,你需要向 %@ 进行认证,你需要向 %@ 進行認證
You need to commit changes before merging.,error when merge blocked by uncommitted changes,2.5,Du skal committe ændringer inden merge.,"Du musst Änderungen committen, bevor du mergst.",你需要在合并之前提交更改。,你需要在合併之前提交變更。
You need to commit changes before switching branches.,error when checkout blocked by uncommitted changes,2.5,Du skal committe ændringer inden du skifter branch.,"Du musst Änderungen committen, bevor du den Branch wechselst.",你需要在切换分支之前提交更改。,你需要在切換分支之前提交變更。
You need to restart Merge after setting identity information.,message shown after user configures git identity during merge,2.5,Du skal genstarte Merge efter indstilling af identitetsoplysninger.,Du musst Merge nach dem Festlegen der Identitätsinformationen neu starten.,你需要在设置身份信息后重新开始合并操作。,你需要在設定身分資訊後重新開始合併操作。
You need to restart push after setting identity information.,message shown after user configures Git identity before push,2.5,Du skal genstarte push efter indstilling af identitetsoplysninger.,Du musst den Push nach dem Festlegen der Identitätsinformationen neu starten.,你需要在设置身份信息后重新开始推送操作。,你需要在設定身分資訊後重新開始推送操作。
You need to set the Identity for Repository or pick a default Identity.,error when git user.name is not configured for committing,2.5,Du skal angive identiteten for repositoriet eller vælge en standardidentitet.,Du musst die Identität für das Repository festlegen oder eine Standardidentität auswählen.,你需要为仓库设置身份或选择默认身份。,你需要為版本庫設定身分或選擇預設身分。
You will be %@ commits from %@ to %@ in repository at %@.,"push summary, args: operation type, source ref, destination ref, remote name",2.5,Du vil %@ commits fra %@ til %@ i repository på %@.,Du wirst %1$@ Commits von %2$@ nach %3$@ im Repository bei %4$@ sein.,即将进行：%1$@。来源引用：%2$@。目标引用：%3$@。远程：%4$@。,即將進行：%1$@。來源引用：%2$@。目標引用：%3$@。遠端：%4$@。
Your identify information is stored in all commits. When commits are pushed to a public repository the email address is made public as well.,footer explaining that identity info is included in commits,2.5,Dine identitetsoplysninger gemmes i alle commits. Når commits pushes til et offentligt repository bliver e-mailadressen også offentlig.,"Deine Identitätsinformationen werden in allen Commits gespeichert. Wenn Commits zu einem öffentlichen Repository gepusht werden, wird die E-Mail-Adresse ebenfalls öffentlich.",你的身份信息存储在所有提交中。当提交被推送到公开仓库时，电子邮件地址也会被公开。,你的身分資訊儲存在所有提交中。當提交被推送到公開版本庫時，電子郵件地址也會被公開。
ahead by %d commits,remote tracking status: local branch is %d commits ahead of remote,2.5,foran med %d commits,%d Commits voraus,领先 %d 个提交,領先 %d 個提交
ahead by 1 commit,remote tracking status: local branch is 1 commit ahead of remote,2.5,foran med 1 commit,1 Commit voraus,领先 1 个提交,領先 1 個提交
behind by %d commits,remote tracking status: local branch is %d commits behind remote,2.5,bagud med %d commits,%d Commits zurück,落后 %d 个提交,落後 %d 個提交
behind by 1 commit,remote tracking status: local branch is 1 commit behind remote,2.5,bagud med 1 commit,1 Commit zurück,落后 1 个提交,落後 1 個提交
conflicted,file status label for files with merge conflicts,2.5,i konflikt,in Konflikt,有冲突,有衝突
failure,SFTP error: generic failure from remote server,2.5,fejl,Fehler,失败,失敗
fetchRepositoryForCredentials: not implemented for this HostingProvider,error when the hosting provider does not support listing repositories,2.5,fetchRepositoryForCredentials: ikke implementeret for denne HostingProvider,fetchRepositoryForCredentials: nicht implementiert für diesen HostingProvider,fetchRepositoryForCredentials: 此 HostingProvider 未实现,fetchRepositoryForCredentials: 此 HostingProvider 未實作
lock conflict,SFTP error: file is locked by another process,2.5,låsekonflikt,Sperrkonflikt,锁冲突,鎖衝突
no changes,status text in branch picker when there are no uncommitted changes,2.5,ingen ændringer,keine Änderungen,无更改,無變更
no space on filesystem,SFTP error: remote filesystem is full,2.5,ingen plads på filsystemet,kein Speicherplatz im Dateisystem,文件系统无空间,檔案系統無空間
password,authentication credential type label,2.5,adgangskode,Passwort,密码,密碼
permission denied,SFTP error: insufficient permissions for file operation,2.5,adgang nægtet,Zugriff verweigert,权限被拒绝,權限被拒絕
private,label indicating a remote repository is private,2.5,privat,privat,私有,私有
quota exceeded,SFTP error: user disk quota exceeded on remote server,2.5,kvote overskredet,Kontingent überschritten,配额已超出,配額已超出
remotes,"plural noun for multiple remotes, used in status like 'behind remotes by N commits'",2.5,remotes,Remotes,远程,遠端
server,default name for a remote server when no hostname is known,2.5,server,Server,服务器,伺服器
token,authentication credential type label for OAuth/API token,2.5,token,Token,令牌,權杖
type text to filter choices,placeholder for remote URL text field when editing,2.5,skriv tekst for at filtrere valg,"Text eingeben, um Auswahl zu filtern",输入文本以筛选选项,輸入文字以篩選選項
 Revert,"short button title to revert changes, used when space is tight",2.4, Revert, Zurücksetzen, 还原, 還原
%@ changes,"navigation title for backup entries, arg: repository name",2.4,%@ ændringer,%@ Änderungen,%@ 更改,%@ 變更
API token,placeholder for BitBucket API token field in login dialog,2.4,API-token,API-Token,API 令牌,API 權杖
Access token or Username,Placeholder for username field in Gitea login,2.4,Access-token eller brugernavn,Access-Token oder Benutzername,访问令牌或用户名,存取權杖或使用者名稱
All available languages,section header listing all speech recognition languages,2.4,Alle tilgængelige sprog,Alle verfügbaren Sprachen,所有可用语言,所有可用語言
Arrange,edit button title for reordering code outline sections,2.4,Arrangér,Anordnen,排列,排列
Color,image diff mode segment title,2.4,Farve,Farbe,颜色,顏色
Commit Message Test,navigation title for the commit message test screen,2.4,Test af commit-besked,Commit-Nachricht-Test,提交消息测试,提交訊息測試
Commit Messages,navigation title for the commit message configuration screen,2.4,Commit-beskeder,Commit-Nachrichten,提交消息,提交訊息
Commit Order,sort button title in commit graph,2.4,Commit-rækkefølge,Commit-Reihenfolge,提交顺序,提交順序
Commits ,"section header prefix for commit list, followed by date",2.4,Commits ,Commits ,提交 ,提交 
Content block,segmented control option for inserting a Markdown content block reference,2.4,Indholdsblok,Inhaltsblock,内容块,內容塊
Cookies,Section header for cookies in HTTP customization,2.4,Cookies,Cookies,Cookies,Cookies
Copied,button title shown briefly after URL was copied to clipboard,2.4,Kopieret,Kopiert,已复制,已複製
Current Author,section header for current commit author,2.4,Nuværende forfatter,Aktueller Autor,当前作者,目前作者
Current branch,section header for the currently checked out branch,2.4,Aktuel branch,Aktueller Branch,当前分支,目前分支
Cut,image diff mode segment title,2.4,Klip,Schnitt,切割,切割
Default browser,section header for browser choice settings,2.4,Standardbrowser,Standardbrowser,默认浏览器,預設瀏覽器
Directory name,placeholder text in new directory name input field,2.4,Mappenavn,Verzeichnisname,目录名称,目錄名稱
Droplet name,placeholder for server name text field,2.4,Droplet-navn,Droplet-Name,Droplet 名称,Droplet 名稱
Enter passphrase,placeholder in passphrase text field during key generation,2.4,Indtast adgangskode,Passphrase eingeben,输入密码短语,輸入密碼短語
Entries to delete,Placeholder in text field where user types entry count to confirm deletion,2.4,Poster at slette,Zu löschende Einträge,要删除的条目,要刪除的項目
Features,navigation bar title for the feature list screen,2.4,Funktioner,Funktionen,功能,功能
Graph,back button title for returning to the commit graph view,2.4,Graf,Graph,提交图,提交圖
Header-Name: value,Placeholder for header field when adding extra header,2.4,Header-navn: værdi,Header-Name: Wert,标头名称: 值,標頭名稱: 值
Hosting Provider,default navigation title when provider has no name,2.4,Hosting-udbyder,Hosting-Anbieter,托管服务商,代管服務商
Image,segmented control option for inserting an image reference,2.4,Billede,Bild,图像,影像
Javascript to evaluate,placeholder text in console input field for evaluating JavaScript,2.4,Javascript til evaluering,Auszuwertendes Javascript,要执行的 JavaScript,要執行的 JavaScript
Loading…,placeholder shown while directory contents are being read,2.4,Indlæser…,Laden…,正在加载…,正在載入…
Local Branch,navigation title for local branch detail,2.4,Lokal branch,Lokaler Branch,本地分支,本機分支
Local branches,section header for branches that only exist locally,2.4,Lokale branches,Lokale Branches,本地分支,本機分支
Logs,navigation title for log list,2.4,Logs,Logs,日志,日誌
Name of branch,placeholder text in branch name input field,2.4,Navn på branch,Name des Branch,分支名称,分支名稱
New branch name,placeholder in text field when creating a new branch,2.4,Nyt branch-navn,Neuer Branch-Name,新分支名称,新分支名稱
No items,placeholder when history pick menu has no choices,2.4,Ingen elementer,Keine Elemente,无项目,無項目
No subdirectories,placeholder shown when current directory has no subdirectories,2.4,Ingen undermapper,Keine Unterverzeichnisse,没有子目录,沒有子目錄
Optional passphrase,placeholder in passphrase field when exporting private key,2.4,Valgfri adgangskode,Optionale Passphrase,可选密码短语,可選密碼短語
Outline,navigation title for code outline view,2.4,Disposition,Gliederung,大纲,大綱
Password or blank with access token,Placeholder for password field in Gitea login,2.4,Adgangskode eller blank med access token,Passwort oder leer mit Access Token,密码或留空以使用访问令牌,密碼或留空以使用存取權杖
Passwords need to be identical.,error when password and confirmation do not match,2.4,Adgangskoder skal være ens.,Passwörter müssen identisch sein.,密码必须一致。,密碼必須一致。
Pending Cleanup,section header for log entries that may be deleted during cleanup,2.4,Afventende oprydning,Ausstehende Bereinigung,待清理,待清理
Preferred dictation settings,section header for preferred speech recognition languages,2.4,Foretrukne dikteringsindstillinger,Bevorzugte Diktateinstellungen,首选听写设置,首選聽寫設定
Pro,segment title to show only pro features,2.4,Pro,Pro,Pro,Pro
Pull Request,navigation title,2.4,Pull request,Pull Request,Pull Request,Pull Request
Push options,section header for push options,2.4,Push-indstillinger,Push-Optionen,推送选项,推送選項
Rate or Review,button title to open App Store review page,2.4,Bedøm eller anmeld,Bewerten oder rezensieren,评分或评论,評分或評論
Reorder,button title for reordering commits,2.4,Omarranger,Umsortieren,重新排序,重新排序
Search Tags,placeholder text in tag list search bar,2.4,Søg tags,Tags suchen,搜索标签,搜尋標籤
Search query,default placeholder text in search field,2.4,Søgeforespørgsel,Suchanfrage,搜索查询,搜尋查詢
Source reference,section header for source reference field in custom push,2.4,Kildereference,Quellreferenz,来源引用,來源引用
Squash,button title for git squash: combining multiple commits into one,2.4,Squash,Squash,压缩,壓縮
Switch Branch,navigation title for branch picker view,2.4,Skift branch,Branch wechseln,切换分支,切換分支
Tags,navigation title for tag list,2.4,Tags,Tags,标签,標籤
Tap to edit,placeholder text in server name input field,2.4,Tryk for at redigere,Tippe zum Bearbeiten,轻触以编辑,點一下以編輯
Transfer Complete,navigation title after migration data transfer finishes successfully,2.4,Overførsel fuldført,Übertragung abgeschlossen,传输完成,傳輸完成
Transferring Data,navigation title while repositories and settings are being moved,2.4,Overfører data,Daten werden übertragen,正在传输数据,正在傳輸資料
Trigger GitHub Action,button title to trigger a GitHub Actions workflow,2.4,Udløs GitHub Action,GitHub Action auslösen,触发 GitHub Action,觸發 GitHub Action
Username or Email,placeholder text in GitLab login username field,2.4,Brugernavn eller e-mail,Benutzername oder E-Mail,用户名或电子邮件,使用者名稱或電子郵件
account email,placeholder for BitBucket email field in login dialog,2.4,konto-e-mail,Konto-E-Mail,账户电子邮件,帳戶電子郵件
current branch,placeholder for whichever branch is active when the checkout action runs,2.4,aktuel branch,aktueller Branch,当前分支,目前分支
current file,placeholder for whichever file is open when the write action runs,2.4,aktuel fil,aktuelle Datei,当前文件,目前檔案
current repository,placeholder for whichever repository is open when the action runs,2.4,aktuelt repository,aktuelles Repository,当前仓库,目前版本庫
filename or symbol,search bar placeholder when symbol search is enabled,2.4,filnavn eller symbol,Dateiname oder Symbol,文件名或符号,檔名或符號
filename or text,search bar placeholder when text search is enabled,2.4,filnavn eller tekst,Dateiname oder Text,文件名或文本,檔名或文字
"filename, symbol or text",search bar placeholder when symbol and text search are enabled,2.4,"filnavn, symbol eller tekst","Dateiname, Symbol oder Text",文件名、符号或文本,檔名、符號或文字
filter branches by name,placeholder in search field at top of branch list,2.4,filtrer branches efter navn,Branches nach Name filtern,按名称筛选分支,按名稱篩選分支
hostname (e.g. example.com),Placeholder for hostname field when adding extra header,2.4,værtsnavn (f.eks. example.com),Hostname (z. B. example.com),主机名（例如 example.com）,主機名稱（例如 example.com）
line number up to %ld,"placeholder in line number input field, arg: maximum line number",2.4,linjenummer op til %ld,Zeilennummer bis %ld,行号最大 %ld,行號最大 %ld
repository content,placeholder when no specific path is set for status command,2.4,repository-indhold,Repository-Inhalt,仓库内容,版本庫內容
symbol or text,search field placeholder when searching file with symbols enabled,2.4,symbol eller tekst,Symbol oder Text,符号或文本,符號或文字
⭐ Starred,section header for starred repositories,2.4,⭐ Stjernemarkerede,⭐ Favoriten,⭐ 已加星标,⭐ 已加星號標記
"Workflow about to be installed. Hold on...

You will need to perform Edit in Editorial again after workflow is installed.",status message while installing Editorial workflow,2.3,"Workflow er ved at blive installeret. Vent...

Du skal udføre Edit in Editorial igen efter workflow er installeret.","Workflow wird installiert. Bitte warten...

Du musst Edit in Editorial erneut ausführen, nachdem der Workflow installiert wurde.","即将安装工作流。请稍候…

工作流安装后你需要再次执行 Edit in Editorial。","即將安裝工作流程。請稍候…

工作流程安裝後你需要再次執行 Edit in Editorial。"
"Your file was changed by the Share Sheet action.

Use actions that produce no result to avoid this.",warning when a share sheet action unexpectedly modified the file,2.3,"Din fil blev ændret af Share Sheet-handlingen.

Brug handlinger der ikke producerer et resultat for at undgå dette.","Deine Datei wurde durch die Teilen-Menü-Aktion geändert.

Verwende Aktionen, die kein Ergebnis erzeugen, um dies zu vermeiden.","你的文件被共享菜单操作更改了。

请使用不产生结果的操作以避免此问题。","你的檔案被分享選單操作變更了。

請使用不產生結果的操作以避免此問題。"
"Your file was changed by the Shortcut.

The 'Nothing' action can be used to make the Shortcut produce no result, avoiding changes.",warning when a Shortcuts workflow unexpectedly modified the file,2.3,"Din fil blev ændret af genvejen.

Handlingen 'Nothing' kan bruges til at få genvejen til ikke at producere et resultat, så ændringer undgås.","Deine Datei wurde durch den Kurzbefehl geändert.

Die 'Nothing'-Aktion kann verwendet werden, damit der Kurzbefehl kein Ergebnis erzeugt und Änderungen vermieden werden.","你的文件已被快捷指令更改。

可以使用“无”操作让快捷指令不产生结果，从而避免更改。","你的檔案被捷徑變更了。

可以使用「無」操作使捷徑不產生結果，從而避免變更。"
All,storyboard string for All,2.2,Alle,Alle,全部,全部
Clone,storyboard string for Clone,2.2,Clone,Clone,克隆,拓製
Clone,storyboard string for Clone,2.2,Clone,Clone,克隆,拓製
Commit,button to save staged changes as a new snapshot in the repository,2.2,Commit,Commit,提交,提交
Content,storyboard string for Content,2.2,Indhold,Inhalt,内容,內容
Repositories,,2.2,Repositories,Repositories,仓库,版本庫
Repositories,storyboard string for Repositories,2.2,Repositories,Repositories,仓库,版本庫
Settings,storyboard string for Settings,2.2,Indstillinger,Einstellungen,设置,設定
Status,storyboard string for Status,2.2,Status,Status,状态,狀態
"

Tap to create directory","appended to error message when remote directory is missing, tapping creates it",2.1,"

Tryk for at oprette mappe","

Tippe, um Verzeichnis zu erstellen","

轻触以创建目录","

點一下以建立目錄"
"

You either need to import a private key with access to %@ or to export a public key and authorize this to access %@.

Tap to configure SSH keys.",appended to SSH key error; both %@ are the remote server hostname,2.1,"

Du skal enten importere en privat nøgle med adgang til %@ eller eksportere en offentlig nøgle og autorisere denne til at tilgå %@.

Tryk for at konfigurere SSH-nøgler.","

Du musst entweder einen privaten Schlüssel mit Zugriff auf %@ importieren oder einen öffentlichen Schlüssel exportieren und diesen für den Zugriff auf %@ autorisieren.

Tippe, um SSH-Schlüssel zu konfigurieren.","

你需要导入一个有权访问 %@ 的私钥，或者导出一个公钥并授权其访问 %@。

轻触以配置 SSH 密钥。","

你需要匯入一個有權存取 %@ 的私鑰，或者匯出一個公開金鑰並授權其存取 %@。

點一下以設定 SSH 金鑰。"
%@ version %@ overwritten.,"sync action when remote is overwritten, args: remote name, relative time like '2 hours older'",2.1,%@ version %@ overskrevet.,%@ Version %@ überschrieben.,%@ 版本 %@ 已覆盖。,%@ 版本 %@ 已覆蓋。
%ld conflict,"merge result: multiple conflicts, %ld is conflict count",2.1,%ld conflict,%ld Konflikt,%ld 个冲突,%ld 個衝突
1 conflict,merge result: exactly one conflict detected,2.1,1 conflict,1 Konflikt,1 个冲突,1 個衝突
All changes downloaded.,log message when all changed remote files have been downloaded,2.1,Alle ændringer downloadet.,Alle Änderungen heruntergeladen.,所有更改已下载。,所有變更已下載。
Authenticating,SSH connection status shown during user authentication,2.1,Autentificerer,Authentifizierung,正在验证,正在驗證
Cannot create directory without visible presenter,error when attempting to create remote directory but no view controller is available for authentication prompts,2.1,Kan ikke oprette mappe uden synlig presenter,Verzeichnis kann nicht ohne sichtbaren Presenter erstellt werden,没有可见的呈现器时无法创建目录,沒有可見的呈現器時無法建立目錄
Cannot list directories without visible presenter,error when attempting to list remote directories but no view controller is available for authentication prompts,2.1,Kan ikke vise mapper uden synlig presenter,Verzeichnisse können nicht ohne sichtbaren Presenter aufgelistet werden,没有可见的呈现器时无法列出目录,沒有可見的呈現器時無法列出目錄
"Cannot merge when current modifications and changes from %@ conflict.

Commit modified files before merging.","error when stash reapply conflicts with merged changes, %@ is the remote/branch name",2.1,"Kan ikke merge når nuværende ændringer og ændringer fra %@ konflikter.

Commit ændrede filer før merge.","Kann nicht mergen, wenn aktuelle Änderungen und Änderungen von %@ in Konflikt stehen.

Committe geänderte Dateien vor dem Mergen.","当前修改与来自 %@ 的更改冲突时无法合并。

请在合并前提交已修改的文件。","目前修改與來自 %@ 的變更衝突時無法合併。

請在合併前提交已修改的檔案。"
Cannot rebase when there are conflicts.,error when rebase is refused because the repository has unresolved conflicts,2.1,Kan ikke rebase når der er konflikter.,"Kann nicht rebasen, wenn Konflikte vorhanden sind.",有冲突时无法变基。,有衝突時無法重定基底。
Cannot validate connection without visible presenter,error when attempting to validate SSH connection but no view controller is available for authentication prompts,2.1,Kan ikke validere forbindelse uden synlig presenter,Verbindung kann nicht ohne sichtbaren Presenter validiert werden,没有可见的呈现器时无法验证连接,沒有可見的呈現器時無法驗證連線
Cherry picking %@ caused conflicts you need to resolve.,message shown during interactive rebase when cherry-pick has conflicts; %@ is the short commit hash,2.1,Cherry picking af %@ forårsagede konflikter du skal løse.,"Cherry-Picking von %@ verursachte Konflikte, die du lösen musst.",拣选 %@ 导致了你需要解决的冲突。,揀選 %@ 導致了你需要解決的衝突。
Connected,SSH connection status shown after successful authentication,2.1,Forbundet,Verbunden,已连接,已連線
Connecting,SSH connection status shown while establishing connection to remote server,2.1,Forbinder,Verbinde,正在连接,正在連線
Connections to port %d on %@ are forwarded to %@:%d on %@.,"reverse port forwarding log message, %d is remote port, first %@ is SSH hostname, second %@ is local host, %d is local port, third %@ is device name",2.1,Forbindelser til port %d på %@ videresendes til %@:%d på %@.,Verbindungen zu Port %d auf %@ werden an %@:%d auf %@ weitergeleitet.,到 %2$@ 上端口 %1$d 的连接被转发到 %5$@ 上的 %3$@:%4$d。,到 %2$@ 上埠 %1$d 的連線被轉發到 %5$@ 上的 %3$@:%4$d。
Copy In,short sync strategy label when remote file overwrites local,2.1,Kopiér ind,Hineinkopieren,复制入,複製入
Copy Out,short sync strategy label when local file overwrites remote,2.1,Kopiér ud,Herauskopieren,复制出,複製出
Creating %@,"status text while creating a remote directory, %@ is directory path",2.1,Opretter %@,Erstelle %@,正在创建 %@,正在建立 %@
Delete In,short sync strategy label when remote file is deleted,2.1,Slet ind,Lösche ein,向内删除,向內刪除
Deleted from %@ to match %@.,"sync action when remote file is deleted, args: remote name, local name",2.1,Slettet fra %@ for at matche %@.,Gelöscht von %@ um %@ anzugleichen.,已从 %@ 中删除，以匹配 %@。,已從 %@ 中刪除，以符合 %@。
Downloading %@,"status text while downloading a file from remote server, %@ is filename",2.1,Henter %@,Lade %@ herunter,正在下载 %@,正在下載 %@
"Editorial error:
%@","error message from Editorial app, %@ is the error description",2.1,"Editorial-fejl:
%@","Editorial-Fehler:
%@","Editorial 错误：
%@","Editorial 錯誤：
%@"
Fetch updated no branches.,status: git fetch found nothing new on remote,2.1,Fetch opdaterede ingen branches.,Fetch aktualisierte keine Branches.,获取未更新任何分支。,抓取未更新任何分支。
Listing remote files from %@,"status text while listing files via SFTP, %@ is the directory path",2.1,Viser fjernfiler fra %@,Zeige Remote-Dateien von %@,正在列出 %@ 的远程文件,正在列出 %@ 的遠端檔案
Local connections to localhost:%d are forwarded to %@:%d on %@.,"port forwarding log message, %d is local port, %@ is remote host, %d is remote port, %@ is SSH hostname",2.1,Lokale forbindelser til localhost:%d videresendes til %@:%d på %@.,Lokale Verbindungen zu localhost:%d werden an %@:%d auf %@ weitergeleitet.,到 localhost:%1$d 的本地连接已转发到 %4$@ 上的 %2$@:%3$d。,到 localhost:%1$d 的本機連線已轉發到 %4$@ 上的 %2$@:%3$d。
Missing in %@ and copied from %@.,"sync action when file is new on remote, args: remote name, local name",2.1,Mangler i %@ og kopieret fra %@.,Fehlt in %@ und kopiert von %@.,在 %@ 中缺少，已从 %@ 复制。,在 %@ 中缺少，已從 %@ 複製。
Missing remote directory,error when remote URL is nil during sync,2.1,Manglende fjernmappe,Fehlendes Remote-Verzeichnis,缺少远程目录,缺少遠端目錄
Missing signing key for %@,Shortcuts commit error when no signing key is found; %@ is the user identity,2.1,Manglende signeringsnøgle for %@,Fehlender Signaturschlüssel für %@,缺少 %@ 的签名密钥,缺少 %@ 的簽名金鑰
No Key,label when no signing key is configured for identity,2.1,Ingen nøgle,Kein Schlüssel,没有密钥,沒有金鑰
No changes to download.,log message when no remote files have changed,2.1,Ingen ændringer at hente.,Keine Änderungen zum Herunterladen.,没有要下载的更改。,沒有要下載的變更。
No repository found where either name or any remote matches: %@,"error when URL callback cannot find a matching repository, %@ is the search term",2.1,Intet repository fundet hvor hverken navn eller nogen remote matcher: %@,"Kein Repository gefunden, bei dem Name oder ein Remote übereinstimmt: %@",未找到名称或任何远程匹配的仓库：%@,未找到名稱或任何遠端相符的版本庫：%@
Not connnected to %@,"error when SSH connection was cancelled or failed, %@ is the remote host URL",2.1,Ikke forbundet til %@,Nicht verbunden mit %@,未连接到 %@,未連線到 %@
Pull had no updates.,status: git pull found nothing new on remote,2.1,Pull havde ingen opdateringer.,Pull hatte keine Aktualisierungen.,拉取没有更新。,拉取沒有更新。
Rebase Pull,feature name for pulling remote changes by replaying local commits on top,2.1,Rebase pull,Rebase-Pull,变基拉取,重定基底拉取
Rebase if needed,merge strategy: reapply local commits on top of remote changes,2.1,Rebase om nødvendigt,Rebase falls nötig,需要时变基,需要時重定基底
Remote,label for remote server in submodule section,2.1,Remote,Remote,远程,遠端
Remote URL,section caption label for submodule remote URL,2.1,Remote URL,Remote-URL,远程 URL,遠端 URL
Replace,upload sync mode: replace all remote files,2.1,Erstat,Ersetzen,替换,替換
"SSH Command lets you run commands on your SSH server with a combination of files on your remote and your local repository such that results from running the command will be downloaded to your $DEVICE.
First step is to configure the server to use, then tap $HELP for further instructions.","introductory help text when no server is configured; $DEVICE is replaced with device type, $HELP with Help button name",2.1,"SSH-kommando lader dig køre kommandoer på din SSH-server med en kombination af filer på din remote og dit lokale repository, så resultater fra kommandoen hentes til din $DEVICE.
Første skridt er at konfigurere serveren, tryk derefter på $HELP for yderligere instruktioner.","Mit dem SSH-Befehl kannst du Befehle auf deinem SSH-Server ausführen, mit einer Kombination aus Dateien auf deinem Remote und deinem lokalen Repository, sodass Ergebnisse des Befehls auf dein $DEVICE heruntergeladen werden.
Erster Schritt ist die Konfiguration des Servers, tippe dann auf $HELP für weitere Anweisungen.","SSH 命令允许你在 SSH 服务器上运行命令，结合远程和本地仓库中的文件，命令运行结果将下载到你的 $DEVICE。
第一步是配置要使用的服务器，然后轻触 $HELP 以获取更多说明。","SSH 指令允許你在 SSH 伺服器上執行指令，結合遠端和本機版本庫中的檔案，指令執行結果將下載到你的 $DEVICE。
第一步是設定要使用的伺服器，然後點一下 $HELP 以取得更多說明。"
SSH Key needed for %@,"error when no SSH keys exist and server requires one, %@ is hostname",2.1,SSH-nøgle nødvendig for %@,SSH-Schlüssel benötigt für %@,需要 SSH 密钥才能访问 %@,需要 SSH 金鑰才能存取 %@
SSH connection rejected. Make sure SSH key is valid on %@.,"error after SSH auth failure, %@ is hostname",2.1,SSH-forbindelse afvist. Sørg for at SSH-nøglen er gyldig på %@.,"SSH-Verbindung abgelehnt. Stelle sicher, dass der SSH-Schlüssel auf %@ gültig ist.",SSH 连接被拒绝。请确保 SSH 密钥在 %@ 上有效。,SSH 連線被拒絕。請確保 SSH 金鑰在 %@ 上有效。
Server does not accept password authentication.,error when server only allows SSH key auth but no key is available,2.1,Server accepterer ikke adgangskodegodkendelse.,Server akzeptiert keine Passwort-Authentifizierung.,服务器不接受密码认证。,伺服器不接受密碼認證。
Signing key for %@ can only be used in Shortcuts when Passphrase is configured to Remember.,Shortcuts commit error when signing key passphrase is not set to remember; %@ is the user identity,2.1,Signeringsnøgle for %@ kan kun bruges i Shortcuts når adgangskode er sat til at huske.,"Signierungsschlüssel für %@ kann nur in Shortcuts verwendet werden, wenn die Passphrase auf Merken eingestellt ist.",%@ 的签名密钥只能在密码短语设为“记住”时在快捷指令中使用。,%@ 的簽名金鑰只能在密碼短語設為「記住」時在捷徑中使用。
"Some Git services such as Google Cloud Source Repositories use cookies for authentication.

Working Copy expects each cookie to be a single line in the Netscape cookie.txt format also used by .gitcookies and wget.",Explanatory footer text in the cookie list view,2.1,"Nogle Git-tjenester som Google Cloud Source Repositories bruger cookies til autentificering.

Working Copy forventer at hver cookie er en enkelt linje i Netscape cookie.txt-formatet, som også bruges af .gitcookies og wget.","Einige Git-Dienste wie Google Cloud Source Repositories verwenden Cookies zur Authentifizierung.

Working Copy erwartet, dass jeder Cookie eine einzelne Zeile im Netscape-cookie.txt-Format ist, das auch von .gitcookies und wget verwendet wird.","一些 Git 服务（如 Google Cloud Source Repositories）使用 cookies 进行身份验证。

Working Copy 要求每个 cookie 为一行，使用 Netscape cookie.txt 格式，该格式也被 .gitcookies 和 wget 使用。","一些 Git 服務（如 Google Cloud Source Repositories）使用 cookies 進行身分驗證。

Working Copy 要求每個 cookie 為一行，使用 Netscape cookie.txt 格式，該格式也被 .gitcookies 和 wget 使用。"
"Some Git services such as Google Cloud Source Repositories use cookies for authentication. Working Copy expects each cookie to be a single line in the Netscape cookie.txt format also used by .gitcookies and wget.

Extra headers are sent with HTTP requests to matching hostnames.",Explanatory footer text in the HTTP customization view,2.1,"Visse Git-tjenester som Google Cloud Source Repositories bruger cookies til autentificering. Working Copy forventer at hver cookie er en enkelt linje i Netscape cookie.txt-formatet som også bruges af .gitcookies og wget.

Ekstra headers sendes med HTTP-forespørgsler til matchende værtsnavne.","Einige Git-Dienste wie Google Cloud Source Repositories verwenden Cookies zur Authentifizierung. Working Copy erwartet jedes Cookie als einzelne Zeile im Netscape-cookie.txt-Format, das auch von .gitcookies und wget verwendet wird.

Zusätzliche Header werden bei HTTP-Anfragen an passende Hostnamen gesendet.","一些 Git 服务（如 Google Cloud Source Repositories）使用 cookies 进行身份验证。Working Copy 要求每个 cookie 为一行，使用 Netscape cookie.txt 格式，该格式也被 .gitcookies 和 wget 使用。

额外的标头会随 HTTP 请求发送到匹配的主机名。","一些 Git 服務（如 Google Cloud Source Repositories）使用 cookies 進行身分驗證。Working Copy 要求每個 cookie 為一行，使用 Netscape cookie.txt 格式，該格式也被 .gitcookies 和 wget 使用。

額外的標頭會隨 HTTP 請求傳送到相符的主機名稱。"
Stash,toolbar button: temporarily shelve uncommitted changes,2.1,Stash,Stash,储藏,貯存
Sync,action title for bidirectional sync that downloads and uploads changes,2.1,Sync,Sync,同步,同步
Synchronize,button to fetch and push in one operation,2.1,Synkronisér,Synchronisieren,同步,同步
"This was created to calculate clock differences between Working Copy on %@ and this computer.
It is safe to delete it.
","content of temporary file created on remote server to measure clock drift, %@ is the device name",2.1,"Denne blev oprettet for at beregne tidsforskelle mellem Working Copy på %@ og denne computer.
Den kan trygt slettes.
","Dies wurde erstellt, um Zeitunterschiede zwischen Working Copy auf %@ und diesem Computer zu berechnen.
Es kann bedenkenlos gelöscht werden.
","此文件用于计算 Working Copy 在 %@ 上与本电脑之间的时钟差异。
可以安全删除。
","此檔案用於計算 Working Copy 在 %@ 上與本電腦之間的時鐘差異。
可以安全刪除。
"
"Too many remote entries to list in %@

Did you mean to specify inner directory?","error when remote directory has too many files, %@ is the directory path",2.1,"For mange remote-poster at vise i %@

Mente du at angive en undermappe?","Zu viele Remote-Einträge zum Auflisten in %@

Wolltest du ein Unterverzeichnis angeben?","在 %@ 中远程条目过多，无法列出

你是否想要指定子目录？","在 %@ 中遠端項目過多，無法列出

你是否想要指定子目錄？"
"Too many remote entries to list on %@

Did you mean to specify inner directory?","error when remote server has too many files, %@ is the hostname",2.1,"For mange remote-poster at vise på %@

Mente du at angive en undermappe?","Zu viele Remote-Einträge zum Auflisten auf %@

Wolltest du ein Unterverzeichnis angeben?","在 %@ 上远程条目过多，无法列出

你是否想要指定子目录？","在 %@ 上遠端項目過多，無法列出

你是否想要指定子目錄？"
"Too many remote entries to list.
Did you mean to specify inner directory?",error during recursive SFTP listing when file count exceeds limit,2.1,"For mange remote-poster at vise.
Mente du at angive en undermappe?","Zu viele Remote-Einträge zum Auflisten.
Wolltest du ein Unterverzeichnis angeben?","远程条目过多，无法列出。
你是否想要指定子目录？","遠端項目過多，無法列出。
你是否想要指定子目錄？"
Trying to rewrite commit %@ already pushed to %@.,"error during rebase when a commit has already been pushed, first %@ is short commit hash, second %@ is remote branch ref",2.1,Forsøger at omskrive commit %@ der allerede er pushet til %@.,"Versuch, Commit %@ umzuschreiben, der bereits zu %@ gepusht wurde.",正在尝试重写已推送到 %2$@ 的提交 %1$@。,正在嘗試重寫已推送到 %2$@ 的提交 %1$@。
Unable to create directory %@: %@,"error creating remote directory, first %@ is directory path, second %@ is error description",2.1,Kan ikke oprette mappe %@: %@,Verzeichnis %@ kann nicht erstellt werden: %@,无法创建目录 %@：%@,無法建立目錄 %@：%@
Unable to delete remote for %@,"error when submodule remote URL is empty and cannot be changed, %@ is the submodule directory name",2.1,Kan ikke slette remote for %@,Remote für %@ kann nicht gelöscht werden,无法删除 %@ 的远程,無法刪除 %@ 的遠端
Unable to download %@: %@,"error downloading file from remote server, first %@ is filename, second %@ is error description",2.1,Kan ikke downloade %@: %@,%@ kann nicht heruntergeladen werden: %@,无法下载 %@：%@,無法下載 %@：%@
Unable to find remote branch for %@,"error when the upstream tracking branch cannot be found for rebase, %@ is the local branch name",2.1,Kan ikke finde remote branch for %@,Remote Branch für %@ kann nicht gefunden werden,无法找到 %@ 的远程分支,無法找到 %@ 的遠端分支
Unable to lookup single remote file: %@,"error when stat of a specific remote file fails, %@ is the file path",2.1,Kan ikke finde enkelt ekstern fil: %@,Einzelne Remote-Datei kann nicht gefunden werden: %@,无法查找单个远程文件：%@,無法查詢單個遠端檔案：%@
"Unable to push changes, that couldn't be fast-forwarded. You need to fetch & %@ changes from remote before pushing.","error when push is rejected, %@ is 'merge' or 'rebase'",2.1,Kan ikke pushe ændringer der ikke kunne fast-forwardes. Du skal fetche og %@ ændringer fra remote før push.,"Änderungen können nicht gepusht werden, da kein Fast-Forward möglich war. Du musst Änderungen vom Remote fetchen und %@, bevor du pushst.",无法推送，因为更改无法快进。你需要先从远程获取更改并执行 %@，然后再推送。,無法推送，因為變更無法快轉。你需要先從遠端抓取變更並執行 %@，然後再推送。
Unable to replace %@ %@ on %@ that is %@ locally.,"error when file type conflicts between local and remote, first %@ is remote kind (file/symlink), second %@ is filename, third %@ is hostname, fourth %@ is local kind",2.1,Kan ikke erstatte %@ %@ på %@ der er %@ lokalt.,"%@ %@ auf %@ kann nicht ersetzt werden, da es lokal %@ ist.",无法替换 %3$@ 上的 %1$@ %2$@，因为本地为 %4$@。,無法替換 %3$@ 上的 %1$@ %2$@，因為本機為 %4$@。
Unable to upload %@: %@,"error uploading file to remote server, first %@ is filename, second %@ is error description",2.1,Kan ikke uploade %@: %@,%@ kann nicht hochgeladen werden: %@,无法上传 %@：%@,無法上傳 %@：%@
Uploading %@,"status text while uploading a file to remote server, %@ is filename",2.1,Uploader %@,Lade %@ hoch,正在上传 %@,正在上傳 %@
User cancellation,error when user cancels a network download,2.1,Brugerannullering,Benutzerabbruch,用户取消,使用者取消
"You are only allowed to rebase commits that have not yet been pushed to remote.

You should keep history rewriting disabled if anyone else does work on this branch.",explanation shown when history rewriting is disabled for a branch,2.1,"Du kan kun rebase commits der endnu ikke er pushet til remote.

Du bør holde historikomskrivning deaktiveret hvis andre arbejder på denne branch.","Du kannst nur Commits rebasen, die noch nicht zum Remote gepusht wurden.

Du solltest Historikomschreibung deaktiviert lassen, wenn andere an diesem Branch arbeiten.","你只能对尚未推送到远程的提交进行变基。

如果有其他人在此分支上工作，你应保持历史重写处于禁用状态。","你只能對尚未推送到遠端的提交進行重定基底。

如果有其他人在此分支上工作，你應保持歷史重寫處於停用狀態。"
"You can rebase commits on this branch and will be allowed to force push changes to the remote.

Do not rebase commits that anyone else might be using.

If you push commits to the remote and someone else fetches and works on these, your rewrite will ruin their work.",explanation shown when history rewriting is enabled for a branch,2.1,"Du kan rebase commits på denne branch og vil få lov til at force-pushe ændringer til remote.

Rebase ikke commits som andre måske bruger.

Hvis du pusher commits til remote og andre fetcher og arbejder på disse, vil din omskrivning ødelægge deres arbejde.","Du kannst Commits auf diesem Branch rebasen und darfst Änderungen zum Remote force-pushen.

Rebase keine Commits, die andere möglicherweise verwenden.

Wenn du Commits zum Remote pushst und andere diese fetchen und damit arbeiten, wird deine Umschreibung deren Arbeit zerstören.","你可以在此分支上对提交进行变基，并且可以强制推送更改到远程。

不要对其他人可能正在使用的提交进行变基。

如果你将提交推送到远程，而其他人获取并基于这些提交工作，你的重写将破坏他们的工作。","你可以在此分支上對提交進行重定基底，並且可以強制推送變更到遠端。

不要對其他人可能正在使用的提交進行重定基底。

如果你將提交推送到遠端，而其他人抓取並基於這些提交工作，你的重寫將破壞他們的工作。"
You need to restart Rebase after setting identity information.,message shown after user configures git identity during rebase,2.1,Du skal genstarte Rebase efter indstilling af identitetsoplysninger.,Du musst Rebase nach dem Festlegen der Identitätsinformationen neu starten.,你需要在设置身份信息后重新开始变基操作。,你需要在設定身分資訊後重新開始重定基底操作。
You need to restart sync after setting identity information.,message shown after user configures Git identity before sync,2.1,Du skal genstarte synkronisering efter indstilling af identitetsoplysninger.,Du musst die Synchronisierung nach dem Festlegen der Identitätsinformationen neu starten.,你需要在设置身份信息后重新开始同步操作。,你需要在設定身分資訊後重新開始同步操作。
completed,merge/rebase result clause when operation succeeded without conflicts,2.1,fuldført,abgeschlossen,已完成,已完成
had %@,"merge result clause, %@ is conflict description (e.g. 'no conflicts', '1 conflict')",2.1,havde %@,hatte %@,%@,%@
modified,label for locally modified side in stash reapply conflict markers,2.1,ændret,geändert,已修改,已修改
no conflicts,merge result: zero conflicts detected,2.1,ingen konflikter,keine Konflikte,无冲突,無衝突
,,2.0,,,,
 ,,2.0, , , , 
 ,storyboard string for,2.0, , , , 
 ,storyboard string for,2.0, , , , 
 ,storyboard string for,2.0, , , , 
 %@ <%@>,,2.0,%1$@ <%2$@>,%1$@ <%2$@>,%1$@ <%2$@>,%1$@ <%2$@>
 Commit,button to save staged changes as a new commit,2.0, Commit, Commit, 提交, 提交
 Commit,button to save staged changes as a new commit,2.0, Commit, Commit, 提交, 提交
 Default ,default folder name shown in Shortcuts repository picker,2.0, Standard , Standard , 默认 , 預設 
 line,singular line count suffix in diff header,2.0, linje, Zeile, 行, 行
 line ,separator text before line number in search results,2.0, linje , Zeile , 行 , 行 
 lines,plural line count suffix in diff header,2.0, linjer, Zeilen, 行, 行
 test@email.com,storyboard string for  test@email.com,2.0, test@email.com, test@email.com, test@email.com, test@email.com
%@,,2.0,%@,%@,%@,%@
%@ Contacts,label for avatar source toggle; %@ is the device type (iPhone/iPad),2.0,%@-Kontakter,%@-Kontakte,%@ 通讯录,%@ 通訊錄
%@ and %@,"combines file count and directory count, e.g. '3 files and 2 directories'",2.0,%@ og %@,%@ und %@,%@ 和 %@,%@ 和 %@
%@ and others,"describes multiple commit authors, %@ is the most frequent author name",2.0,%@ og andre,%@ und andere,%@ 及其他人,%@ 及其他人
%@ branch%@,"backup entry detail, args: branch name, modification date suffix",2.0,%@ branch%@,%@ Branch%@,%@ 分支%@,%@ 分支%@
%@ in %ld commits,"appends commit count to change description, %@ is file change summary, %ld is number of commits",2.0,%@ i %ld commits,%@ in %ld Commits,%@，涉及 %ld 个提交,%@，涉及 %ld 個提交
%@ is only available for iPad.,"message when app requires iPad, arg: app name",2.0,%@ er kun tilgængelig for iPad.,%@ ist nur für iPad verfügbar.,%@ 仅适用于 iPad。,%@ 僅適用於 iPad。
%@ is the current repository for this log.,"info message when tapped repo is already selected, arg: repository name",2.0,%@ er det aktuelle repository for denne log.,%@ ist das aktuelle Repository für dieses Log.,%@ 是此日志的当前仓库。,%@ 是此日誌的目前版本庫。
%@ is working but no repositories found in %@.,"message when SSH server works but path has no repos, %1$@ is provider title, %2$@ is path",2.0,"%@ virker, men ingen repositories fundet i %@.","%@ funktioniert, aber keine Repositories in %@ gefunden.",%@ 正常工作，但在 %@ 中未找到仓库。,%@ 正常運作，但在 %@ 中未找到版本庫。
%@ is working but no repositories found.,"message when SSH server works but no repos found, %@ is provider title",2.0,"%@ virker, men ingen repositories fundet.","%@ funktioniert, aber keine Repositories gefunden.",%@ 正常工作，但未找到仓库。,%@ 正常運作，但未找到版本庫。
"%@ is working but no repositories found. If you want repositories created in a specific directory, you need to adjust the Server field.","message when SSH server works but no repos found and creation is supported, %@ is provider title",2.0,"%@ virker, men ingen repositories fundet. Hvis du vil have repositories oprettet i en bestemt mappe, skal du justere Server-feltet.","%@ funktioniert, aber keine Repositories gefunden. Wenn du Repositories in einem bestimmten Verzeichnis erstellen möchtest, musst du das Server-Feld anpassen.",%@ 正常工作，但未找到仓库。如果你想在特定目录中创建仓库，需要调整服务器字段。,%@ 正常運作，但未找到版本庫。如果你想在特定目錄中建立版本庫，需要調整伺服器欄位。
%@ line %ld.,"log file reference, args: filename, line number",2.0,%@ linje %ld.,%@ Zeile %ld.,%@ 第 %ld 行。,%@ 第 %ld 行。
%@ on %@ is mounted on %@.,"mount mode explanation, %1$@ is directory name, %2$@ is device name, %3$@ is server hostname",2.0,%@ på %@ er monteret på %@.,%@ auf %@ ist auf %@ gemountet.,%@ 在 %@ 上已挂载到 %@。,%@ 在 %@ 上已掛載到 %@。
%@ syncing,"navigation title for sync screen, %@ is the sync target name",2.0,%@ synkroniserer,%@ synchronisiert,%@ 同步中,%@ 同步中
%@-%@.log,"log filename format: %1$@ is operation kind, %2$@ is formatted date",2.0,%@-%@.log,%@-%@.log,%@-%@.log,%@-%@.log
%d commits,number of ancestor commits that will be changed,2.0,%d commits,%d Commits,%d 个提交,%d 個提交
%d commits going back to %@,"ancestor commit count and oldest date; first arg is count, second is date string",2.0,%d commits tilbage til %@,%d Commits zurück bis %@,%d 个提交，追溯到 %@,%d 個提交，追溯到 %@
%d directories,"plural subdirectory count in directory summary, %d is the number of subdirectories",2.0,%d mapper,%d Verzeichnisse,%d 个目录,%d 個目錄
%d files,"plural file count in directory summary, %d is the number of files",2.0,%d filer,%d Dateien,%d 个文件,%d 個檔案
%d files modified,"commit summary showing number of files changed, %d is the count",2.0,%d filer ændret,%d Dateien geändert,%d 个文件已修改,%d 個檔案已修改
%d matches,search results label showing total match count,2.0,%d resultater,%d Treffer,%d 个匹配结果,%d 個相符結果
%d pt,"font size in points shown in table cell, arg: point size",2.0,%d pt,%d pt,%d pt,%d pt
%d+ matches,"search results label when count exceeds maximum, %d is the max count",2.0,%d+ resultater,%d+ Treffer,%d+ 个匹配结果,%d+ 個相符結果
"%ld
of %ld","current line number of total lines shown during global scroll, args: current line, total lines",2.0,"%ld
af %ld","%ld
von %ld","%ld
共 %ld","%ld
共 %ld"
%ld commits made by %@ %@,"describes multiple commits, %ld is count, first %@ is author name, second %@ is date",2.0,%ld commits lavet af %@ %@,%ld Commits von %@ %@,%ld 个提交，由 %@ 于 %@ 创建,%ld 個提交，由 %@ 於 %@ 建立
+%d %@ ,"diff summary showing only added lines, %d is count, %@ is 'line'/'lines'",2.0,+%d %@ ,+%d %@ ,+%d %@ ,+%d %@ 
-%d %@ ,"diff summary showing only deleted lines, %d is count, %@ is 'line'/'lines'",2.0,-%d %@ ,-%d %@ ,-%d %@ ,-%d %@ 
-%d+%d %@ ,"diff summary showing deleted and added lines, first %d is deleted count, second %d is added count, %@ is 'line'/'lines'",2.0,-%d+%d %@ ,-%d+%d %@ ,-%d+%d %@ ,-%d+%d %@ 
.,,2.0,.,.,.,.
1 directory,singular subdirectory count in directory summary,2.0,1 mappe,1 Verzeichnis,1 个目录,1 個目錄
1 file,singular file count in directory summary,2.0,1 fil,1 Datei,1 个文件,1 個檔案
1 file modified,commit summary showing one file was changed,2.0,1 fil ændret,1 Datei geändert,1 个文件已修改,1 個檔案已修改
1 match,search results label for exactly one match,2.0,1 match,1 Treffer,1 个匹配结果,1 個相符結果
100 Kbytes/sec,storyboard string for 100 Kbytes/sec,2.0,100 Kbytes/sec,100 Kbytes/sec,100 KB/秒,100 KB/秒
3 Minutes,storyboard string for 3 Minutes,2.0,3 minutter,3 Minuten,3 分钟,3 分鐘
80,storyboard string for 80,2.0,80,80,80,80
A contact with email %@ already exists.,message when trying to add a duplicate contact,2.0,Der findes allerede en kontakt med email %@.,Ein Kontakt mit der E-Mail-Adresse %@ existiert bereits.,已存在电子邮件为 %@ 的联系人。,已存在電子郵件為 %@ 的聯絡人。
AES-GCM ciphers for SSH,free feature: additional encryption algorithms for SSH connections,2.0,AES-GCM-cifre til SSH,AES-GCM-Chiffren für SSH,SSH 的 AES-GCM 加密,SSH 的 AES-GCM 加密
AI Configuration,navigation title for AI completion configuration screen,2.0,AI-konfiguration,AI-Konfiguration,AI 配置,AI 設定
AI Suggested Message,,2.0,AI-foreslået besked,AI-vorgeschlagene Nachricht,AI 建议消息,AI 建議訊息
AI commit messages,feature name for generating commit messages using AI,2.0,AI commit-beskeder,AI-Commit-Nachrichten,AI 提交消息,AI 提交訊息
API Key,,2.0,API-nøgle,API-Schlüssel,API 密钥,API 金鑰
API reference lookup.,short description of the Dash app integration,2.0,API-referenceopslag.,API-Referenzsuche.,API 参考查询。,API 參考查詢。
Accept,button to accept AI commit message terms of use,2.0,Acceptér,Akzeptieren,接受,接受
Accept key,button to trust and store an SSH host key,2.0,Acceptér nøgle,Schlüssel akzeptieren,接受密钥,接受金鑰
Action was cancelled.,Siri shortcut result when user cancels the action,2.0,Handlingen blev annulleret.,Aktion wurde abgebrochen.,操作已取消。,操作已取消。
Add Contact,action to add the commit author as a contact in the Contacts app,2.0,Tilføj kontakt,Kontakt hinzufügen,添加联系人,新增聯絡人
Add Extra Header,Button to add a new custom HTTP header,2.0,Tilføj ekstra header,Zusätzlichen Header hinzufügen,添加额外标头,新增額外標頭
Add Submodule,navigation title for add submodule screen,2.0,Tilføj submodule,Submodule hinzufügen,添加子模组,新增子模組
Advanced code editor for iOS with ideal document-picker support.,short description of the Textastic app integration,2.0,Avanceret kodeeditor til iOS med ideel dokumentvælger-understøttelse.,Fortgeschrittener Code-Editor für iOS mit idealer Dokumentenauswahl-Unterstützung.,适用于 iOS 的高级代码编辑器，具有理想的文档选择器支持。,適用於 iOS 的高階程式碼編輯器，具有理想的文件選擇器支援。
All Branches,menu option to show commits from all branches in the graph,2.0,Alle branches,Alle Branches,所有分支,所有分支
All cookies %@ already known.,Message when all parsed cookies are duplicates; %@ is the source location,2.0,Alle cookies %@ allerede kendte.,Alle Cookies %@ bereits bekannt.,%@ 的所有 Cookie 均已存在。,%@ 的所有 Cookie 均已存在。
All files from directory on %@ are downloaded to %@.,"download all explanation, %1$@ is server hostname, %2$@ is local directory name",2.0,Alle filer fra mappe på %@ er downloadet til %@.,Alle Dateien aus dem Verzeichnis auf %@ wurden nach %@ heruntergeladen.,%@ 上目录中的所有文件已下载到 %@。,%@ 上目錄中的所有檔案已下載到 %@。
Allow,,2.0,Tillad,Erlauben,允许,允許
Allow 1 Hour,,2.0,Tillad 1 time,1 Stunde erlauben,允许 1 小时,允許 1 小時
Allow Once,,2.0,Tillad én gang,Einmal erlauben,允许一次,允許一次
Allow Request,,2.0,Tillad forespørgsel,Anfrage erlauben,允许请求,允許請求
Allow URL actions,storyboard string for Allow URL actions,2.0,Tillad URL-handlinger,URL-Aktionen erlauben,允许 URL 操作,允許 URL 操作
Allow empty commits,settings toggle to allow creating commits with no changes,2.0,Tillad tomme commits,Leere Commits erlauben,允许空提交,允許空提交
Allowed,history rewriting status when enabled for a branch,2.0,Tilladt,Erlaubt,已允许,已允許
Alpha,,2.0,Alfa,Alpha,Alpha,Alpha
Already using dark mode.,status when dark mode is already active,2.0,Bruger allerede mørk tilstand.,Dunkler Modus wird bereits verwendet.,已在使用深色模式。,已在使用深色模式。
Already using light mode.,status when light mode is already active,2.0,Bruger allerede lys tilstand.,Heller Modus wird bereits verwendet.,已在使用浅色模式。,已在使用淺色模式。
Alternative way to authorize http transfers,storyboard string for Alternative way to authorize http transfers,2.0,Alternativ måde at autorisere http-overførsler,Alternativer Weg zur Autorisierung von HTTP-Übertragungen,授权 HTTP 传输的替代方式,授權 HTTP 傳輸的替代方式
Always,SSH segment: always use SSH,2.0,Altid,Immer,始终,始終
Always Merge,merge strategy option that always creates a merge commit when pulling,2.0,Altid merge,Immer mergen,始终合并,始終合併
Always Merge,merge strategy: always create a merge commit even for fast-forwards,2.0,Altid merge,Immer mergen,始终合并,始終合併
"Always Merge, never Fast-Forward.",merge strategy description for always creating a merge commit,2.0,"Altid merge, aldrig fast-forward.","Immer mergen, niemals Fast-Forward.",始终合并，从不快进。,始終合併，從不快轉。
Annotated tags,free feature: creating tags with messages attached,2.0,Annoterede tags,Annotierte Tags,附注标签,附註標籤
Annotating,label shown in annotation toolbar while annotation mode is active,2.0,Annoterer,Annotieren,标注中,標註中
Anthropic,LLM provider name in commit message completion settings,2.0,Anthropic,Anthropic,Anthropic,Anthropic
App Center,log entry title for App Center CI service,2.0,App Center,App Center,App Center,App Center
App Store,storyboard string for App Store,2.0,App Store,App Store,App Store,App Store
App Store,storyboard string for App Store,2.0,App Store,App Store,App Store,App Store
App Store,storyboard string for App Store,2.0,App Store,App Store,App Store,App Store
App Store,storyboard string for App Store,2.0,App Store,App Store,App Store,App Store
App Store,storyboard string for App Store,2.0,App Store,App Store,App Store,App Store
App Store,storyboard string for App Store,2.0,App Store,App Store,App Store,App Store
App Store,storyboard string for App Store,2.0,App Store,App Store,App Store,App Store
App Store,storyboard string for App Store,2.0,App Store,App Store,App Store,App Store
App Store,storyboard string for App Store,2.0,App Store,App Store,App Store,App Store
App Store,storyboard string for App Store,2.0,App Store,App Store,App Store,App Store
Append,write mode: add text after existing file content,2.0,Tilføj til,Anhängen,追加,追加
Append to existing file,,2.0,Tilføj til eksisterende fil,An bestehende Datei anhängen,追加到现有文件,追加到現有檔案
Apply,button to apply author change,2.0,Anvend,Anwenden,应用,套用
Asciidoctor.js,storyboard string for Asciidoctor.js,2.0,Asciidoctor.js,Asciidoctor.js,Asciidoctor.js,Asciidoctor.js
Ask,storyboard string for Ask,2.0,Spørg,Nachfragen,询问,詢問
Ask questions or make suggestions,storyboard string for Ask questions or make suggestions,2.0,Stil spørgsmål eller kom med forslag,Fragen stellen oder Vorschläge machen,提问或提出建议,提問或提出建議
Assignees,storyboard string for Assignees,2.0,Assignees,Assignees,被分配者,受指派者
Audio,content mode title for audio files,2.0,Lyd,Audio,音频,音訊
Author,search scope label to search by commit author name,2.0,Forfatter,Autor,作者,作者
Authored %@,commit date label when author and commit dates differ; %@ is the formatted date,2.0,Skrevet %@,Verfasst %@,撰写于 %@,撰寫於 %@
Authorizes secure shell transfers,storyboard string for Authorizes secure shell transfers,2.0,Autoriserer sikre shell-overførsler,Autorisiert sichere Shell-Übertragungen,授权安全 Shell 传输,授權安全 Shell 傳輸
Auto,read type: automatically detect text or binary,2.0,Auto,Auto,自动,自動
Auto,storyboard string for Auto,2.0,Auto,Auto,自动,自動
Auto,storyboard string for Auto,2.0,Auto,Auto,自动,自動
Auto,storyboard string for Auto,2.0,Auto,Auto,自动,自動
Automatic,storyboard string for Automatic,2.0,Automatisk,Automatisch,自动,自動
Automatic,storyboard string for Automatic,2.0,Automatisk,Automatisch,自动,自動
Automation everywhere on iOS.,short description of the Shortcuts app integration,2.0,Automatisering overalt på iOS.,Automatisierung überall auf iOS.,iOS 上无处不在的自动化。,iOS 上無處不在的自動化。
Avatar image from %@.,"footer text showing avatar source, %@ is service name like Gravatar",2.0,Avatarbillede fra %@.,Avatarbild von %@.,头像图片来自 %@。,頭像圖片來自 %@。
Azure DevOps,Short name for Azure DevOps hosting provider,2.0,Azure DevOps,Azure DevOps,Azure DevOps,Azure DevOps
Base64,read type: read file as base64-encoded binary,2.0,Base64,Base64,Base64,Base64
Binary,file type description for binary files,2.0,Binær,Binär,二进制,二進位
BitBucket,storyboard string for BitBucket,2.0,BitBucket,BitBucket,BitBucket,BitBucket
BitBucket,storyboard string for BitBucket,2.0,BitBucket,BitBucket,BitBucket,BitBucket
BitBucket Server,short name for self-hosted BitBucket Server,2.0,BitBucket Server,BitBucket Server,BitBucket Server,BitBucket Server
BitRise,log entry title for Bitrise CI service,2.0,BitRise,BitRise,BitRise,BitRise
Blue,,2.0,Blå,Blau,蓝色,藍色
Branch,,2.0,Branch,Branch,分支,分支
Branch,label for current branch name in repository summary,2.0,Branch,Branch,分支,分支
Browser,generic browser name when default browser is unknown,2.0,Browser,Browser,浏览器,瀏覽器
Buddy Build,log entry title for Buddy Build CI service,2.0,Buddy Build,Buddy Build,Buddy Build,Buddy Build
Button,storyboard string for Button,2.0,Knap,Schaltfläche,按钮,按鈕
Buy,storyboard string for Buy,2.0,Køb,Kaufen,购买,購買
Cached:,,2.0,Cached:,Zwischengespeichert:,已缓存：,已快取：
Calculating status...,shown while repository file status is being computed,2.0,Beregner status...,Status wird berechnet...,正在计算状态…,正在計算狀態…
Callback examples,storyboard string for Callback examples,2.0,Callback-eksempler,Callback-Beispiele,回调示例,回呼範例
Cancel Create,storyboard string for Cancel Create,2.0,Annuller oprettelse,Erstellen abbrechen,取消创建,取消建立
Cancel Create,storyboard string for Cancel Create,2.0,Annuller oprettelse,Erstellen abbrechen,取消创建,取消建立
Change Password,storyboard string for Change Password,2.0,Skift adgangskode,Passwort ändern,更改密码,變更密碼
Changes,storyboard string for Changes,2.0,Ændringer,Änderungen,更改,變更
Changes,storyboard string for Changes,2.0,Ændringer,Änderungen,更改,變更
Changes,storyboard string for Changes,2.0,Ændringer,Änderungen,更改,變更
Changes in App Store updates,storyboard string for Changes in App Store updates,2.0,Ændringer i App Store-opdateringer,Änderungen in App Store-Updates,App Store 更新中的更改,App Store 更新中的變更
Check latest commits and fetch easily.,,2.0,Se seneste commits og fetch nemt.,Neueste Commits prüfen und einfach fetchen.,查看最新提交并轻松获取。,檢視最新提交並輕鬆抓取。
Checked out,subtitle shown below the current branch name in branch picker,2.0,Checket ud,Ausgecheckt,已检出,已簽出
Checkout,swipe action to switch the working directory to this branch,2.0,Checkout,Checkout,检出,簽出
Checkout,git operation: switch working directory to a different branch,2.0,Checkout,Checkout,检出,簽出
Checkout,git operation: switch working directory to a different branch,2.0,Checkout,Checkout,检出,簽出
Checkout,git operation: switch to this commit or branch,2.0,Checkout,Checkout,检出,簽出
"Checkout
File",action to restore a file to the version at this commit,2.0,"Checkout
fil","Checkout
Datei","检出
文件","簽出
檔案"
Checkout %@ in %@,activity: switch to branch (arg 1) in repository (arg 2),2.0,Checkout %@ i %@,Checkout %@ in %@,在 %2$@ 中检出 %1$@,在 %2$@ 中簽出 %1$@
Checkout Detached,action to switch to this commit without being on a branch,2.0,Checkout detached,Checkout detached,分离检出,分離簽出
Checkout existing branch.,detail: switch to a branch that already exists,2.0,Checkout eksisterende branch.,Existierenden Branch auschecken.,检出现有分支。,簽出現有分支。
Choose File…,menu action: pick an image file as repository icon,2.0,Vælg fil…,Datei wählen…,选择文件…,選擇檔案…
Choose Photo…,menu action: pick a photo from library as repository icon,2.0,Vælg foto…,Foto wählen…,选择照片…,選擇照片…
Chrome,browser name for Google Chrome,2.0,Chrome,Chrome,Chrome,Chrome
Circle CI,log entry title for Circle CI service,2.0,Circle CI,Circle CI,Circle CI,Circle CI
Clipboard,choice title for using clipboard content as parameter value,2.0,Udklipsholder,Zwischenablage,剪贴板,剪貼簿
Clone All,button to download copies of all repositories,2.0,Klon alle,Alle clonen,克隆全部,拓製全部
Clone Repositories,,2.0,Clone repositories,Repositories clonen,克隆仓库,拓製版本庫
Clone and reclaim changed files,settings action to re-download repository and recover modified files,2.0,Clone og genskab ændrede filer,Repository und geänderte Dateien wiederherstellen,克隆并恢复已更改的文件,拓製並恢復已變更的檔案
Clone directly from website or link.,app integration description,2.0,Clone direkte fra hjemmeside eller link.,Clone direkt von Webseite oder Link.,直接从网站或链接克隆。,直接從網站或連結拓製。
Clone from ssh server,,2.0,Clone fra ssh-server,Clone von SSH-Server,从 SSH 服务器克隆,從 SSH 伺服器拓製
Cloned %@ into %@.,"success, args: source, destination",2.0,Clonede %@ til %@.,Geklont %@ nach %@.,已将 %@ 克隆到 %@。,已將 %@ 拓製到 %@。
Code Annotations,feature name for adding notes to lines of code,2.0,Kodeannotationer,Codeannotationen,代码标注,程式碼標註
Code not correct.,,2.0,Kode er ikke korrekt.,Code ist nicht korrekt.,代码不正确。,程式碼不正確。
Collapse,"Button to collapse a folder, moving repositories out",2.0,Fold sammen,Zuklappen,折叠,摺疊
Collapse Split View,split view mode label for collapsing to single panel,2.0,Fold opdelt visning sammen,Geteilte Ansicht zuklappen,折叠分屏视图,摺疊分割顯示
Comment,storyboard string for Comment,2.0,Kommentar,Kommentar,备注,備註
Commit ${repo},,2.0,Commit ${repo},Commit ${repo},提交 ${repo},提交 ${repo}
Commit ${repo} with ${message},,2.0,Commit ${repo} med ${message},Commit ${repo} mit ${message},以 ${message} 提交 ${repo},以 ${message} 提交 ${repo}
Commit %@ with message: %@,activity: save changes in repository (arg 1) with description (arg 2),2.0,Commit %@ med besked: %@,Commit %@ mit Nachricht: %@,提交 %@，消息：%@,提交 %@，訊息：%@
Commit Amend,feature name for modifying the most recent commit,2.0,Commit Amend,Commit Amend,修订提交,修訂提交
Commit Identifier,,2.0,Commit-identifikator,Commit-Bezeichner,提交标识符,提交識別符號
Commit Repository,,2.0,Commit Repository,Commit Repository,提交仓库,提交版本庫
Commit as HEAD,action title to make this commit the current active commit in the repository,2.0,Commit som HEAD,Commit als HEAD,将此提交设为 HEAD,將此提交設為 HEAD
Commit changes,button to save current changes as a new commit,2.0,Commit ændringer,Änderungen committen,提交更改,提交變更
Commit changes,button to save current changes as a new commit,2.0,Commit ændringer,Änderungen committen,提交更改,提交變更
Commit from Files app,saving changes to the repository from the iOS Files app,2.0,Commit fra Arkiver-app,Commit aus Dateien-App,从“文件”App 提交,從「檔案」App 提交
Commit graph,visual diagram showing branch and merge history,2.0,Commit-graf,Commit-Graph,提交图,提交圖
Commit message suggestions require accepting terms before first use.,informational text shown when terms have not been accepted for commit message suggestions,2.0,Forslag til commit-beskeder kræver accept af vilkår før første brug.,Commit-Nachricht-Vorschläge erfordern das Akzeptieren der Nutzungsbedingungen vor der ersten Verwendung.,提交消息建议需要在首次使用前接受条款。,提交訊息建議需要在首次使用前接受條款。
Commit options,,2.0,Commit-indstillinger,Commit-Optionen,提交选项,提交選項
"Commit repository. 

Default behaviour is to only commit files that have been staged inside Working Copy or when using the 'Write Repository File' action. ",,2.0,"Commit repository. 

Standardadfærd er kun at committe filer der er blevet staged i Working Copy eller ved brug af handlingen 'Write Repository File'. ","Commit Repository. 

Standardverhalten ist, nur Dateien zu committen, die in Working Copy gestaged wurden oder bei Verwendung der Aktion 'Write Repository File'. ","提交仓库。

默认情况下，只会提交已在 Working Copy 中暂存的文件，或使用“写入仓库文件”操作时涉及的文件。","提交版本庫。

預設情況下，只會提交已在 Working Copy 中暫存的檔案，或使用「寫入版本庫檔案」操作時涉及的檔案。"
Commit tagging,adding named labels to specific commits,2.0,Commit-tagging,Commit-Tagging,提交标签,提交標籤
Commit with message: %@,activity: save changes with description (arg 1),2.0,Commit med besked: %@,Commit mit Nachricht: %@,提交，消息：%@,提交，訊息：%@
"Commits Squashed.

Consider editing combined message.","shown after squashing commits, suggesting user review the merged commit message",2.0,"Commits squashet.

Overvej at redigere den kombinerede besked.","Commits gesquasht.

Erwäge, die zusammengefügte Nachricht zu bearbeiten.","提交已压缩。

建议编辑合并后的消息。","提交已壓縮。

建議編輯合併後的訊息。"
Committed %@,commit date label when author and committer dates differ; %@ is the formatted committer date,2.0,Committet %@,Committet %@,提交于 %@,提交於 %@
Compare to HEAD,action to show diff between this commit and the current HEAD,2.0,Sammenlign med HEAD,Mit HEAD vergleichen,与 HEAD 比较,與 HEAD 比較
Complete,undo action name for text auto-completion,2.0,Færdig,Fertig,完成,完成
Completion Service,section header for selecting the AI completion service provider,2.0,Fuldførelsestjeneste,Vervollständigungsdienst,补全服务,補全服務
Comprehensive Web Editor and IDE.,short description of the Coda app integration,2.0,Omfattende webredaktør og IDE.,Umfassender Webeditor und IDE.,全面的网页编辑器和 IDE。,全面的網頁編輯器和 IDE。
Configurable Shortcuts actions,free feature: user-configurable Shortcuts automation actions,2.0,Konfigurerbare Genveje-handlinger,Konfigurierbare Kurzbefehle-Aktionen,可配置的快捷指令操作,可設定的捷徑操作
Configuration,storyboard string for Configuration,2.0,Konfiguration,Konfiguration,配置,設定
Configure Edit & Preview,,2.0,Konfigurér redigering og forhåndsvisning,Bearbeitung und Vorschau konfigurieren,配置编辑和预览,設定編輯和預覽
Configure in AI Settings,subtitle shown when the selected AI service has no API key configured,2.0,Konfigurér i AI-indstillinger,In KI-Einstellungen konfigurieren,在 AI 设置中配置,在 AI 設定中設定
Configure on GitHub,storyboard string for Configure on GitHub,2.0,Konfigurer på GitHub,Auf GitHub konfigurieren,在 GitHub 上配置,在 GitHub 上設定
Configure on GitHub,storyboard string for Configure on GitHub,2.0,Konfigurer på GitHub,Auf GitHub konfigurieren,在 GitHub 上配置,在 GitHub 上設定
Confirm Create,storyboard string for Confirm Create,2.0,Bekræft oprettelse,Erstellen bestätigen,确认创建,確認建立
Confirm Create,storyboard string for Confirm Create,2.0,Bekræft oprettelse,Erstellen bestätigen,确认创建,確認建立
"Connections to the local port on %@ are forwarded to the host from %@.
","port forwarding explanation, %1$@ is device name, %2$@ is server hostname",2.0,"Forbindelser til den lokale port på %@ videresendes til værten fra %@.
","Verbindungen zum lokalen Port auf %@ werden an den Host von %@ weitergeleitet.
","到 %@ 上本地端口的连接会从 %@ 转发到主机。
","到 %@ 上本機埠的連線會從 %@ 轉發到主機。
"
Console,toggle to show or hide the JavaScript console in preview,2.0,Konsol,Konsole,控制台,控制台
Courier,font name for code editor,2.0,Courier,Courier,Courier,Courier
Courier New,font name for code editor,2.0,Courier New,Courier New,Courier New,Courier New
Create,checkout mode: create a new branch,2.0,Opret,Erstellen,创建,建立
Create,storyboard string for Create,2.0,Opret,Erstellen,创建,建立
Create,storyboard string for Create,2.0,Opret,Erstellen,创建,建立
Create,storyboard string for Create,2.0,Opret,Erstellen,创建,建立
Create,storyboard string for Create,2.0,Opret,Erstellen,创建,建立
Create,storyboard string for Create,2.0,Opret,Erstellen,创建,建立
Create,storyboard string for Create,2.0,Opret,Erstellen,创建,建立
Create & Checkout,button to create a new branch and switch to it,2.0,Opret & Checkout,Erstellen & Checkout,创建并检出,建立並簽出
Create Branch,action to create a new branch starting at this commit,2.0,Opret Branch,Branch erstellen,创建分支,建立分支
Create LocalStorage.json,button to create a new LocalStorage.json file for web storage persistence,2.0,Opret LocalStorage.json,LocalStorage.json erstellen,创建 LocalStorage.json,建立 LocalStorage.json
Create Repository,storyboard string for Create Repository,2.0,Opret repository,Repository erstellen,创建仓库,建立版本庫
Create Repository,storyboard string for Create Repository,2.0,Opret repository,Repository erstellen,创建仓库,建立版本庫
Create a tag pointing to a specific commit.,,2.0,Opret et tag der peger på en bestemt commit.,"Erstelle ein Tag, das auf einen bestimmten Commit zeigt.",创建一个指向特定提交的标签。,建立一個指向特定提交的標籤。
Create new,button to create a file with a different name to avoid overwriting,2.0,Opret ny,Neu erstellen,新建,新建
Create new branch unless one already exists.,detail for ensure checkout mode,2.0,Opret ny branch medmindre en allerede findes.,"Erstelle neuen Branch, sofern noch keiner existiert.",创建新分支，除非已有同名分支。,建立新分支，除非已有同名分支。
Created annotated tag for %@,"success after creating tag with message, arg: commit hash",2.0,Oprettet annoteret tag for %@,Annotiertes Tag für %@ erstellt,已为 %@ 创建附注标签,已為 %@ 建立附註標籤
Created lightweight tag for %@,"success after creating tag without message, arg: commit hash",2.0,Oprettet letvægts-tag for %@,Leichtgewichtiges Tag für %@ erstellt,已为 %@ 创建轻量标签,已為 %@ 建立輕量標籤
Custom Push,feature name for pushing with non-default options like force push,2.0,Brugerdefineret Push,Benutzerdefinierter Push,自定义推送,自訂推送
Dark,app icon style name,2.0,Mørk,Dunkel,深色,深色
Dark,storyboard string for Dark,2.0,Mørk,Dunkel,深色,深色
Datacenter,label for region picker when creating a server,2.0,Datacenter,Rechenzentrum,数据中心,資料中心
Decorate your GitHub activity graph for the holidays.,,2.0,Dekorér din GitHub-aktivitetsgraf til feriedagene.,Dekoriere deinen GitHub-Aktivitätsgraphen für die Feiertage.,为假日装饰你的 GitHub 活动图表。,為假日裝飾你的 GitHub 活動圖表。
DejaVu Sans Mono,font name for code editor,2.0,DejaVu Sans Mono,DejaVu Sans Mono,DejaVu Sans Mono,DejaVu Sans Mono
DejaVu Sans Mono,storyboard string for DejaVu Sans Mono,2.0,DejaVu Sans Mono,DejaVu Sans Mono,DejaVu Sans Mono,DejaVu Sans Mono
Delete Commit,action to remove a commit from branch history,2.0,Slet Commit,Commit löschen,删除提交,刪除提交
Delete Content…,Button to delete all content inside a folder,2.0,Slet indhold…,Inhalt löschen…,删除内容…,刪除內容…
Delete Directory,button label for deleting a directory,2.0,Slet mappe,Verzeichnis löschen,删除目录,刪除目錄
Delete File,button label for deleting a file,2.0,Slet fil,Datei löschen,删除文件,刪除檔案
Delete File,storyboard string for Delete File,2.0,Slet fil,Datei löschen,删除文件,刪除檔案
Delete File,storyboard string for Delete File,2.0,Slet fil,Datei löschen,删除文件,刪除檔案
Delete Key,storyboard string for Delete Key,2.0,Slet nøgle,Schlüssel löschen,删除密钥,刪除金鑰
Delete Key,storyboard string for Delete Key,2.0,Slet nøgle,Schlüssel löschen,删除密钥,刪除金鑰
Delete Key,storyboard string for Delete Key,2.0,Slet nøgle,Schlüssel löschen,删除密钥,刪除金鑰
Delete Repository,storyboard string for Delete Repository,2.0,Slet repository,Repository löschen,删除仓库,刪除版本庫
Delete Repository,storyboard string for Delete Repository,2.0,Slet repository,Repository löschen,删除仓库,刪除版本庫
Delete Theme,button to delete a custom color theme,2.0,Slet tema,Thema löschen,删除主题,刪除主題
Delete branch even if commits exist nowhere else.,detail for force delete mode,2.0,Slet branch selv hvis commits ikke findes andre steder.,"Branch löschen, auch wenn Commits nirgendwo anders existieren.",即使提交不存在于其他任何地方也删除分支。,即使提交不存在於其他任何地方也刪除分支。
Delete from %@,"button to delete repository; %@ is the device model name, e.g. 'iPhone'",2.0,Slet fra %@,Löschen von %@,从 %@ 删除,從 %@ 刪除
Delete the Holiday-Activity repository to restore your stats.,,2.0,Slet Holiday-Activity-repository for at gendanne dine statistikker.,"Lösche das Holiday-Activity-Repository, um deine Statistiken wiederherzustellen.",删除 Holiday-Activity 仓库以恢复你的统计数据。,刪除 Holiday-Activity 版本庫以恢復你的統計資料。
Deleting,cloud server status when being destroyed,2.0,Sletter,Lösche,正在删除,正在刪除
Deny,,2.0,Afvis,Ablehnen,拒绝,拒絕
"Describe your project in the README file.
This can be changed later.","storyboard string for Describe your project in the README file.
This can be changed later.",2.0,"Beskriv dit projekt i README-filen.
Dette kan ændres senere.","Beschreibe dein Projekt in der README-Datei.
Dies kann später geändert werden.","在 README 文件中描述你的项目。
这可以稍后更改。","在 README 檔案中描述你的專案。
這可以稍後變更。"
Detail,storyboard string for Detail,2.0,Detalje,Detail,详情,詳細資訊
Detail,storyboard string for Detail,2.0,Detalje,Detail,详情,詳細資訊
Device,LLM provider option for on-device model in completion settings,2.0,Enhed,Gerät,设备,裝置
Device Contacts,storyboard string for Device Contacts,2.0,Enhedskontakter,Gerätekontakte,设备通讯录,裝置通訊錄
Diff,search scope label for differences between commits,2.0,Diff,Diff,差异,差異
Differences,storyboard string for Differences,2.0,Forskelle,Unterschiede,差异,差異
Differences from %@ have been merged in. Tap to Commit.,"status, arg: branch name",2.0,Forskelle fra %@ er merget ind. Tryk for at committe.,Unterschiede von %@ wurden gemergt. Tippe zum Committen.,来自 %@ 的差异已合并。轻触以提交。,來自 %@ 的差異已合併。點一下以提交。
Digital Ocean,cloud hosting provider name,2.0,Digital Ocean,Digital Ocean,Digital Ocean,Digital Ocean
Directory on %@ is replaced by %@ before running command. ,"upload replace explanation, %1$@ is server hostname, %2$@ is local directory name",2.0,Mappe på %@ erstattes af %@ før kommandoen køres. ,"Verzeichnis auf %@ wird durch %@ ersetzt, bevor der Befehl ausgeführt wird. ",在运行命令之前，%@ 上的目录将被 %@ 替换。 ,在執行指令之前，%@ 上的目錄將被 %@ 替換。 
Disabled,history rewriting status when disabled for a branch,2.0,Deaktiveret,Deaktiviert,已禁用,已停用
Disabled,storyboard string for Disabled,2.0,Deaktiveret,Deaktiviert,已禁用,已停用
Docker,log entry title for Docker operation,2.0,Docker,Docker,Docker,Docker
Documentation,storyboard string for Documentation,2.0,Dokumentation,Dokumentation,文档,說明文件
Don't Use Clipboard,choice to not copy result to the system clipboard,2.0,Brug ikke udklipsholder,Zwischenablage nicht verwenden,不使用剪贴板,不使用剪貼簿
Don't enter sub-directories.,detail for depth 0 in status listing,2.0,Gå ikke ind i undermapper.,Nicht in Unterverzeichnisse wechseln.,不进入子目录。,不進入子目錄。
Dots,app icon style name,2.0,Prikker,Punkte,圆点,圓點
Double-Tap to Toggle,,2.0,Dobbelttryk for at skifte,Doppeltippen zum Umschalten,轻触两下以切换,點兩下以切換
Double-tap mode button to quickly switch between Preview and Editing.,,2.0,Dobbelttryk på tilstandsknappen for hurtigt at skifte mellem forhåndsvisning og redigering.,"Doppeltippe auf die Modustaste, um schnell zwischen Vorschau und Bearbeitung zu wechseln.",轻触模式按钮两下，可在预览和编辑之间快速切换。,點兩下模式按鈕，可在預覽和編輯之間快速切換。
Download Ollama from ,,2.0,Hent Ollama fra ,Ollama herunterladen von ,从以下位置下载 Ollama ,從以下位置下載 Ollama 
Drop,undo action name for drag-and-drop text insertion,2.0,Drop,Drop,放置,放置
Droplet Plan,label for server size/pricing picker when creating a server,2.0,Droplet-plan,Droplet-Plan,Droplet 方案,Droplet 方案
Dual Split View,split view mode label for showing two panels side by side,2.0,Dobbelt opdelt visning,Doppelte geteilte Ansicht,双面板分屏视图,雙面板分割顯示
Edit,storyboard string for Edit,2.0,Rediger,Bearbeiten,编辑,編輯
Edit Commit Message,cancel action when commit message is unchanged,2.0,Rediger commit-besked,Commit-Nachricht bearbeiten,编辑提交消息,編輯提交訊息
Edit Message,action to edit a commit message,2.0,Rediger besked,Nachricht bearbeiten,编辑消息,編輯訊息
Edit in Textastic,action title to open a text file in the Textastic editor app,2.0,Rediger i Textastic,In Textastic bearbeiten,在 Textastic 中编辑,在 Textastic 中編輯
"Edit, Commit & Push",,2.0,"Rediger, commit & push","Bearbeiten, Commit & Push",编辑、提交和推送,編輯、提交和推送
Editing,menu section title for choosing between natural and programming editing styles,2.0,Redigering,Bearbeitung,编辑,編輯
Editor Color Themes,,2.0,Editorfarvetemaer,Editor-Farbthemen,编辑器颜色主题,編輯器顏色主題
Editor theme customization,feature name for customizing syntax highlighting colors,2.0,Tilpasning af editortema,Editor-Thema-Anpassung,编辑器主题自定义,編輯器主題自訂
Email,storyboard string for Email,2.0,Email,Email,电子邮箱,電子郵件
Email,storyboard string for Email,2.0,Email,Email,电子邮箱,電子郵件
Email,storyboard string for Email,2.0,Email,Email,电子邮箱,電子郵件
Email address,storyboard string for Email address,2.0,E-mail-adresse,E-Mail-Adresse,电子邮件地址,電子郵件地址
Empty,choice title shown when a parameter value is disabled/empty,2.0,Tom,Leer,空,空
Enable AI in repository settings,,2.0,Aktiver AI i repository-indstillinger,KI in Repository-Einstellungen aktivieren,在仓库设置中启用 AI,在版本庫設定中啟用 AI
Enable Provider,storyboard string for Enable Provider,2.0,Aktivér udbyder,Anbieter aktivieren,启用服务商,啟用服務商
Enabled,storyboard string for Enabled,2.0,Aktiveret,Aktiviert,已启用,已啟用
Endpoint,,2.0,Endpoint,Endpoint,端点,端點
Ensure,checkout mode: create branch only if it does not exist,2.0,Sørg for,Sicherstellen,确保,確保
Enter Model Name…,,2.0,Indtast modelnavn…,Modellnamen eingeben …,输入模型名称…,輸入模型名稱…
Enter hostname for Ollama endpoint.,,2.0,Indtast hostname for Ollama-endpoint.,Hostname für Ollama-Endpoint eingeben.,输入 Ollama 端点的主机名。,輸入 Ollama 端點的主機名稱。
Enter model name,,2.0,Indtast modelnavn,Modellnamen eingeben,输入模型名称,輸入模型名稱
Evaluate Terms,menu action to review AI terms of use before generating commit messages,2.0,Evaluer vilkår,Bedingungen prüfen,查看条款,檢視條款
Existing File,,2.0,Eksisterende fil,Vorhandene Datei,现有文件,現有檔案
Expand Split View,split view mode label for showing list and detail panels,2.0,Udvid opdelt visning,Geteilte Ansicht erweitern,展开分屏视图,展開分割顯示
Expired %@,Cookie expiration detail label; %@ is the formatted expiration date,2.0,Udløbet %@,Abgelaufen %@,已过期 %@,已過期 %@
Export,title for export menu showing public/private key options,2.0,Eksporter,Exportieren,导出,匯出
Export Public Key,storyboard string for Export Public Key,2.0,Eksporter offentlig nøgle,Öffentlichen Schlüssel exportieren,导出公钥,匯出公開金鑰
Export Public Key,storyboard string for Export Public Key,2.0,Eksporter offentlig nøgle,Öffentlichen Schlüssel exportieren,导出公钥,匯出公開金鑰
External Preview,feature name for previewing files in external apps,2.0,Ekstern forhåndsvisning,Externe Vorschau,外部预览,外部預覽
External Screen Preview,toggle label to enable file preview on an external display,2.0,Ekstern skærmforhåndsvisning,Externe Bildschirmvorschau,外接屏幕预览,外接螢幕預覽
External URL,toggle to serve preview via an external URL accessible from other devices,2.0,Ekstern URL,Externe URL,外部 URL,外部 URL
External repositories,feature name for managing repositories stored outside the app,2.0,Eksterne repositories,Externe Repositories,外部仓库,外部版本庫
FTP Files,storyboard string for FTP Files,2.0,FTP Files,FTP Files,FTP Files,FTP Files
FTP client from same developer,storyboard string for FTP client from same developer,2.0,FTP-klient fra samme udvikler,FTP-Client vom selben Entwickler,来自同一开发者的 FTP 客户端,來自同一開發者的 FTP 用戶端
Face ID,storyboard string for Face ID,2.0,Face ID,Face ID,Face ID,Face ID
Fail,,2.0,Fejlslagen,Fehler,失败,失敗
Fail when nothing to Commit,,2.0,Fejl når der ikke er noget at committe,Fehler wenn nichts zu committen ist,无内容可提交时失败,無內容可提交時失敗
Features,storyboard string for Features,2.0,Funktioner,Funktionen,功能,功能
Features,storyboard string for Features,2.0,Funktioner,Funktionen,功能,功能
Fetch & Push,workflow name for fetch+push automation,2.0,Fetch & Push,Fetch & Push,获取并推送,抓取並推送
Fetch Repository,,2.0,Fetch repository,Repository fetchen,获取仓库,抓取版本庫
Fetch all repositories,activity: download latest changes from server for all repositories,2.0,Fetch alle repositories,Alle Repositories fetchen,获取所有仓库,抓取所有版本庫
File,source label when key was imported from a file picker,2.0,Fil,Datei,文件,檔案
File Sharing,label for file sharing mode selector in SSH settings,2.0,Fildeling,Dateifreigabe,文件共享,檔案分享
File has been exported from %@ in repository %@.,"share extension message when file was previously exported from a known repository; first %@ is the file path, second %@ is the repository name",2.0,Fil er eksporteret fra %@ i repository %@.,Datei wurde aus %@ im Repository %@ exportiert.,文件已从仓库 %2$@ 中的 %1$@ 导出。,檔案已從版本庫 %2$@ 中的 %1$@ 匯出。
Filenames with composite characters are represented in decomposed form by iOS where most other operating systems expect precomposed form.,section footer explaining the Unicode decomposition toggle in repo configuration,2.0,"Filnavne med sammensatte tegn repræsenteres i dekomponeret form af iOS, hvor de fleste andre styresystemer forventer prækomponeret form.","Dateinamen mit zusammengesetzten Zeichen werden von iOS in zerlegter Form dargestellt, während die meisten anderen Betriebssysteme die zusammengesetzte Form erwarten.",iOS 以分解形式表示包含组合字符的文件名，而大多数其他操作系统期望预组合形式。,iOS 以分解形式表示包含組合字元的檔名，而大多數其他作業系統預期預組合形式。
Files,search scope label to search by changed file names,2.0,Filer,Dateien,文件,檔案
Files,storyboard string for Files,2.0,Filer,Dateien,文件,檔案
Files app,action title to open the file in the iOS Files app,2.0,Filer-app,Dateien-App,“文件”App,「檔案」App
Files app Location,storyboard string for Files app Location,2.0,Placering i Filer-app,Speicherort in Dateien-App,“文件”App 位置,「檔案」App 位置
Files app integration,free feature: accessing repositories from the iOS Files app,2.0,Filer-app-integration,Dateien-App-Integration,“文件”App 集成,「檔案」App 整合
Files changed while running command are downloaded back to %@. ,"download changes explanation, %@ is device name",2.0,Filer ændret under kørsel af kommando hentes tilbage til %@. ,"Dateien, die während der Befehlsausführung geändert wurden, werden zurück nach %@ heruntergeladen. ",命令运行期间更改的文件将下载回 %@。 ,指令執行期間變更的檔案將下載回 %@。
Files in ${repo} at ${path},,2.0,Filer i ${repo} ved ${path},Dateien in ${repo} bei ${path},${repo} 中 ${path} 处的文件,${repo} 中 ${path} 處的檔案
"Files in repository matching Path such as filename, directory name, pathspec patterns like *.md

Use Path=/ to include the entire repository which can be especially useful when setting Include=modified.",,2.0,"Filer i repository der matcher sti som filnavn, mappenavn, pathspec-mønstre som *.md

Brug Path=/ for at inkludere hele repository, hvilket kan være særligt nyttigt når Include=modified er sat.","Dateien im Repository, die dem Pfad entsprechen, wie Dateiname, Verzeichnisname, Pathspec-Muster wie *.md

Verwende Path=/, um das gesamte Repository einzuschließen, was besonders nützlich sein kann, wenn Include=modified gesetzt ist.","仓库中匹配路径的文件，例如文件名、目录名、像 *.md 这样的路径规格模式

使用 Path=/ 可包含整个仓库，在设置 Include=modified 时尤其有用。","版本庫中相符路徑的檔案，例如檔名、目錄名、像 *.md 這樣的路徑規格模式

使用 Path=/ 可包含整個版本庫，在設定 Include=modified 時尤其有用。"
Files to commit,storyboard string for Files to commit,2.0,Filer til commit,Dateien zum Committen,待提交的文件,待提交的檔案
Fira Code,font name for code editor,2.0,Fira Code,Fira Code,Fira Code,Fira Code
Fira Code,storyboard string for Fira Code,2.0,Fira Code,Fira Code,Fira Code,Fira Code
Firefox,browser name for Mozilla Firefox,2.0,Firefox,Firefox,Firefox,Firefox
Firefox Focus,browser name for Firefox Focus in browser picker,2.0,Firefox Focus,Firefox Focus,Firefox Focus,Firefox Focus
First line of clipboard (popped),detail explaining the clipboard choice removes the first line after reading it,2.0,Første linje fra udklipsholder (poppet),Erste Zeile der Zwischenablage (popped),剪贴板首行（读取后移除）,剪貼簿首行（讀取後移除）
Flatten,,2.0,Flad ud,Abflachen,扁平化,扁平化
Follow editor scrolling proportionally,subtitle explaining auto scroll follows editor position on external screen,2.0,Følg editor-rulning proportionalt,Editor-Scrollen proportional folgen,按比例跟随编辑器滚动,按比例跟隨編輯器滾動
Font Size: %d,"label showing current font size for external screen preview, arg: font size in points",2.0,Skriftstørrelse: %d,Schriftgröße: %d,字号：%d,字號：%d
Font customization,feature name for choosing a custom editor font,2.0,Skrifttypetilpasning,Schriftartanpassung,字体自定义,字型自訂
Footnotes and custom heading IDs in Markdown,free feature: extended Markdown syntax for footnotes and heading anchors,2.0,Fodnoter og brugerdefinerede overskrifts-ID'er i Markdown,Fußnoten und benutzerdefinierte Überschriften-IDs in Markdown,Markdown 中的脚注和自定义标题 ID,Markdown 中的腳註和自訂標題 ID
Force,delete mode: delete branch without safety checks,2.0,Gennemtving,Erzwingen,强制,強制
Force,storyboard string for Force,2.0,Gennemtving,Erzwingen,强制,強制
Forgejo,Default display name for the Forgejo hosting provider,2.0,Forgejo,Forgejo,Forgejo,Forgejo
Free,storyboard string for Free,2.0,Gratis,Kostenlos,免费,免費
Free,storyboard string for Free,2.0,Gratis,Kostenlos,免费,免費
Full Page screenshots,free feature: capturing a screenshot of the entire file content,2.0,Helsideskærmbilleder,Ganzseitige Screenshots,全页截图,全頁截圖
Full Screen preview,free feature: viewing file previews in full screen mode,2.0,Fuldskærmsforhåndsvisning,Vollbildvorschau,全屏预览,全螢幕預覽
Full name,storyboard string for Full name,2.0,Fulde navn,Vollständiger Name,全名,全名
GCDWebServer,storyboard string for GCDWebServer,2.0,GCDWebServer,GCDWebServer,GCDWebServer,GCDWebServer
GPT Assistant,,2.0,GPT-assistent,GPT-Assistent,GPT 助手,GPT 助手
GPT code & text completion,Settings cell subtitle describing AI completion,2.0,GPT kode- og tekstfuldførelse,GPT-Code- und Textvervollständigung,GPT 代码和文本补全,GPT 程式碼和文字補全
Game,app icon style name,2.0,Spil,Spiel,游戏,遊戲
GeneralTip,,2.0,GeneralTip,GeneralTip,GeneralTip,GeneralTip
Generate Key,storyboard string for Generate Key,2.0,Generer nøgle,Schlüssel generieren,生成密钥,產生金鑰
Generate Key,storyboard string for Generate Key,2.0,Generer nøgle,Schlüssel generieren,生成密钥,產生金鑰
Get API Key,button label to open the API key page for the AI provider,2.0,Hent API-nøgle,API-Schlüssel abrufen,获取 API 密钥,取得 API 金鑰
Get Repository Files,,2.0,Hent repository-filer,Repository-Dateien abrufen,获取仓库文件,取得版本庫檔案
Get Started,button to begin GitHub activity graph coloring,2.0,Kom i gang,Erste Schritte,开始使用,開始使用
Git API client from same developer,storyboard string for Git API client from same developer,2.0,Git API-klient fra samme udvikler,Git-API-Client vom selben Entwickler,来自同一开发者的 Git API 客户端,來自同一開發者的 Git API 用戶端
Git Large File Storage,free feature: support for Git LFS large file tracking,2.0,Git Large File Storage,Git Large File Storage,Git Large File Storage,Git Large File Storage
Git repository,file type description for the root directory of a git repository,2.0,Git-repository,Git-Repository,Git 仓库,Git 版本庫
GitHub,storyboard string for GitHub,2.0,GitHub,GitHub,GitHub,GitHub
GitHub,storyboard string for GitHub,2.0,GitHub,GitHub,GitHub,GitHub
GitHub & BitBucket support,free feature: integration with GitHub and BitBucket hosting,2.0,GitHub & BitBucket-understøttelse,GitHub- & BitBucket-Unterstützung,GitHub 和 BitBucket 支持,GitHub 和 BitBucket 支援
GitHub Action,log entry title for GitHub Actions CI service,2.0,GitHub Action,GitHub Action,GitHub Action,GitHub Action
GitHub Enterprise,label identifying this as a GitHub Enterprise provider,2.0,GitHub Enterprise,GitHub Enterprise,GitHub Enterprise,GitHub Enterprise
GitHub Page,storyboard string for GitHub Page,2.0,GitHub-side,GitHub-Seite,GitHub 页面,GitHub 頁面
GitHub Page,storyboard string for GitHub Page,2.0,GitHub-side,GitHub-Seite,GitHub 页面,GitHub 頁面
GitHub Profile,avatar source label for GitHub profile pictures,2.0,GitHub-profil,GitHub-Profil,GitHub 个人资料,GitHub 個人資料
Gitee support,free feature: integration with the Gitee hosting service,2.0,Gitee-understøttelse,Gitee-Unterstützung,Gitee 支持,Gitee 支援
GoGS & Gitea support,free feature: integration with GoGS and Gitea self-hosted Git services,2.0,GoGS & Gitea-understøttelse,GoGS- & Gitea-Unterstützung,GoGS 和 Gitea 支持,GoGS 和 Gitea 支援
Google,LLM provider name in commit message completion settings,2.0,Google,Google,Google,Google
Gravatar & Github,storyboard string for Gravatar & Github,2.0,Gravatar & Github,Gravatar & Github,Gravatar & GitHub,Gravatar & GitHub
Gravatar.com,avatar source label for Gravatar profile pictures,2.0,Gravatar.com,Gravatar.com,Gravatar.com,Gravatar.com
Great Lua based IDE for making games and more.,short description of the Codea app integration,2.0,Fantastisk Lua-baseret IDE til at lave spil og mere.,Großartige Lua-basierte IDE zum Erstellen von Spielen und mehr.,出色的基于 Lua 的 IDE，用于制作游戏等。,出色的基於 Lua 的 IDE，用於製作遊戲等。
Green,,2.0,Grøn,Grün,绿色,綠色
Gummy,app icon style name,2.0,Gummy,Gummy,Gummy,Gummy
HEAD,badge label shown on the commit that HEAD points to in the log,2.0,HEAD,HEAD,HEAD,HEAD
Has answers to common questions,storyboard string for Has answers to common questions,2.0,Har svar på almindelige spørgsmål,Enthält Antworten auf häufige Fragen,包含常见问题的解答,包含常見問題的解答
Hash,search scope label to search by commit hash identifier,2.0,Hash,Hash,哈希,雜湊
Hexadecimal,title for hex dump preview mode,2.0,Hexadecimal,Hexadezimal,十六进制,十六進位
Hide List View,split view mode label for showing only the detail panel,2.0,Skjul listevisning,Listenansicht ausblenden,隐藏列表视图,隱藏清單檢視
Hide Outline,,2.0,Skjul oversigt,Gliederung ausblenden,隐藏大纲,隱藏大綱
History,,2.0,Historik,Verlauf,历史,歷史
History Rewriting,storyboard string for History Rewriting,2.0,Omskrivning af historik,Verlauf umschreiben,历史改写,歷史改寫
History Rewriting,storyboard string for History Rewriting,2.0,Omskrivning af historik,Verlauf umschreiben,历史改写,歷史改寫
History Rewriting,storyboard string for History Rewriting,2.0,Omskrivning af historik,Verlauf umschreiben,历史改写,歷史改寫
Hold the dragged item and use the back button to move it to another folder.,tip message explaining how to navigate folders while dragging a file,2.0,Hold det trukne element og brug tilbageknappen til at flytte det til en anden mappe.,"Halte das gezogene Element und benutze die Zurück-Taste, um es in einen anderen Ordner zu verschieben.",按住拖动的项目并使用返回按钮将其移到另一个文件夹。,按住拖曳的項目並使用返回按鈕將其移到另一個資料夾。
Holiday Activities,storyboard string for Holiday Activities,2.0,Ferieaktiviteter,Feiertagsaktivitäten,假日活动,假日活動
Horizontal scrolling when editing,free feature: side-scrolling for long lines in the editor,2.0,Vandret rulning ved redigering,Horizontales Scrollen beim Bearbeiten,编辑时水平滚动,編輯時水平滾動
Host,label for destination hostname field in port forwarding,2.0,Vært,Host,主机,主機
Host,storyboard string for Host,2.0,Vært,Host,主机,主機
Host Keys,title for SSH host keys list screen,2.0,Værtsnøgler,Host-Schlüssel,主机密钥,主機金鑰
Hosting Providers,storyboard string for Hosting Providers,2.0,Hosting-udbydere,Hosting-Anbieter,托管服务商,代管服務商
Hosting Providers,storyboard string for Hosting Providers,2.0,Hosting-udbydere,Hosting-Anbieter,托管服务商,代管服務商
Hourly Mute,button to suppress JavaScript dialogs from this page for one hour,2.0,Lydløs i en time,Für eine Stunde stummschalten,静音一小时,靜音一小時
Identities,storyboard string for Identities,2.0,Identiteter,Identitäten,身份,身分
Identities,storyboard string for Identities,2.0,Identiteter,Identitäten,身份,身分
Images make it easier to recognize commit authors.,section footer explaining why avatar image sources are useful,2.0,Billeder gør det nemmere at genkende commit-forfattere.,Bilder erleichtern das Erkennen von Commit-Autoren.,头像可以更轻松地识别提交作者。,頭像可以更輕鬆地識別提交作者。
Import,drop label when dragging a non-URL item onto the add button to import,2.0,Importér,Importieren,导入,匯入
Import,storyboard string for Import,2.0,Importer,Importieren,导入,匯入
Import,storyboard string for Import,2.0,Importer,Importieren,导入,匯入
Import File,Button to import cookies from a file,2.0,Importér fil,Datei importieren,导入文件,匯入檔案
Import Fonts…,menu action to import custom font files,2.0,Importér skrifttyper…,Schriftarten importieren…,导入字体…,匯入字型…
Import as New,button to import as a new repository instead of overwriting existing one,2.0,Importér som ny,Als neu importieren,导入为新项,匯入為新項
Import as Repository,share extension button to import a directory as a new repository,2.0,Importér som repository,Als Repository importieren,导入为仓库,匯入為版本庫
Import from Clipboard,Button to import cookies from clipboard text,2.0,Importér fra udklipsholder,Aus Zwischenablage importieren,从剪贴板导入,從剪貼簿匯入
Import from Clipboard,storyboard string for Import from Clipboard,2.0,Importer fra udklipsholder,Aus Zwischenablage importieren,从剪贴板导入,從剪貼簿匯入
Import from Clipboard,storyboard string for Import from Clipboard,2.0,Importer fra udklipsholder,Aus Zwischenablage importieren,从剪贴板导入,從剪貼簿匯入
Import from Clipboard,storyboard string for Import from Clipboard,2.0,Importer fra udklipsholder,Aus Zwischenablage importieren,从剪贴板导入,從剪貼簿匯入
Import from File,storyboard string for Import from File,2.0,Importer fra fil,Aus Datei importieren,从文件导入,從檔案匯入
Import from File,storyboard string for Import from File,2.0,Importer fra fil,Aus Datei importieren,从文件导入,從檔案匯入
Import repositories from your computer.,short description of the Finder app integration,2.0,Importér repositories fra din computer.,Repositories von deinem Computer importieren.,从你的电脑导入仓库。,從你的電腦匯入版本庫。
Import to Working Copy,,2.0,Importér til Working Copy,In Working Copy importieren,导入到 Working Copy,匯入到 Working Copy
Include,,2.0,Inkludér,Einschließen,包含,包含
Include File Content,search settings toggle to search inside file contents,2.0,Inkludér filindhold,Dateiinhalt einschließen,包含文件内容,包含檔案內容
Include Symbols,search settings toggle to include code symbols in results,2.0,Inkludér symboler,Symbole einschließen,包含符号,包含符號
Include ancestors on %@,toggle to also change author on ancestor commits; %@ is the branch name,2.0,Inkludér tidligere commits på %@,Vorgänger auf %@ einbeziehen,包含 %@ 上的祖先提交,包含 %@ 上的祖先提交
Include contents of all sub-directories.,detail for unlimited depth in status listing,2.0,Inkludér indholdet af alle undermapper.,Inhalte aller Unterverzeichnisse einschließen.,包含所有子目录的内容。,包含所有子目錄的內容。
Include contents of immediate sub-directories but no deeper.,detail for depth 1 in status listing,2.0,"Inkludér indholdet af nærmeste undermapper, men ikke dybere.","Inhalte der unmittelbaren Unterverzeichnisse einschließen, aber nicht tiefer.",包含直接子目录的内容，但不再深入。,包含直接子目錄的內容，但不再深入。
Include status for changed & unchanged files.,detail for including unchanged files,2.0,Inkludér status for ændrede og uændrede filer.,Status für geänderte und ungeänderte Dateien einschließen.,包含已更改和未更改文件的状态。,包含已變更和未變更檔案的狀態。
Inconsolata,font name for code editor,2.0,Inconsolata,Inconsolata,Inconsolata,Inconsolata
Inconsolata,storyboard string for Inconsolata,2.0,Inconsolata,Inconsolata,Inconsolata,Inconsolata
Initialize,storyboard string for Initialize,2.0,Initialiser,Initialisieren,初始化,初始化
Initialize repository,storyboard string for Initialize repository,2.0,Initialiser repository,Repository initialisieren,初始化仓库,初始化版本庫
Install,storyboard string for Install,2.0,Installer,Installieren,安装,安裝
Installation of Docker completed.,,2.0,Installation af Docker fuldført.,Installation von Docker abgeschlossen.,Docker 安装完成。,Docker 安裝完成。
Integration with Git hosting providers,storyboard string for Integration with Git hosting providers,2.0,Integration med Git hosting-udbydere,Integration mit Git-Hosting-Anbietern,与 Git 托管服务商集成,與 Git 代管服務商整合
Integrations,storyboard string for Integrations,2.0,Integrationer,Integrationen,集成,整合
Jenkins,log entry title for Jenkins CI service,2.0,Jenkins,Jenkins,Jenkins,Jenkins
Jump to End,,2.0,Spring til slutning,Zum Ende springen,跳转到末尾,跳轉到末尾
Jump to Start,,2.0,Spring til begyndelse,Zum Anfang springen,跳转到开头,跳轉到開頭
Just Save,storyboard string for Just Save,2.0,Bare gem,Nur speichern,仅保存,僅儲存
Keep Changes,,2.0,Behold ændringer,Änderungen behalten,保留更改,保留變更
Keep track of your location while using %@ even as Working Copy runs in the background.,"footer explaining server persistence, arg: server hostname",2.0,"Hold styr på din placering, mens du bruger %@, selv mens Working Copy kører i baggrunden.","Behalte deinen Standort im Blick, während du %@ verwendest, auch wenn Working Copy im Hintergrund läuft.",在使用 %@ 时跟踪你的位置，即使 Working Copy 在后台运行。,在使用 %@ 時追蹤你的位置，即使 Working Copy 在背景執行。
LFS,storyboard string for LFS,2.0,LFS,LFS,LFS,LFS
LLM powered code & text completion,free feature: AI-assisted text and code completion in the editor,2.0,LLM-drevet kode- og tekstfuldførelse,LLM-gestützte Code- und Textvervollständigung,LLM 驱动的代码和文本补全,LLM 驅動的程式碼和文字補全
Labels,storyboard string for Labels,2.0,Labels,Labels,标签,標籤
Larger,menu action to increase diff font size,2.0,Større,Größer,更大,更大
Last commit %@,"branch detail: relative time of last commit, arg: relative date string",2.0,Sidste commit %@,Letzter Commit %@,最后提交 %@,最後提交 %@
Launch droplets on demand,subtitle describing Digital Ocean cloud provider,2.0,Start droplets efter behov,Droplets bei Bedarf starten,按需启动 Droplet,按需啟動 Droplet
Letters and Digits,storyboard string for Letters and Digits,2.0,Bogstaver og tal,Buchstaben und Ziffern,字母和数字,字母和數字
Libraries & Fonts,storyboard string for Libraries & Fonts,2.0,Biblioteker og skrifttyper,Bibliotheken & Schriftarten,库与字体,庫與字型
License,button to view or manage app license,2.0,Licens,Lizenz,许可证,授權
Licenses,storyboard string for Licenses,2.0,Licenser,Lizenzen,许可证,授權條款
Licenses,storyboard string for Licenses,2.0,Licenser,Lizenzen,许可证,授權條款
Light,app icon style name,2.0,Lys,Hell,浅色,淺色
Light,storyboard string for Light,2.0,Lys,Hell,浅色,淺色
Line Numbers,label for toggle to show or hide line numbers in editor,2.0,Linjenumre,Zeilennummern,行号,行號
Link,log entry title for repository linking,2.0,Link,Link,链接,連結
List branches,Siri shortcut title for opening the branch list,2.0,Vis branches,Branches auflisten,列出分支,列出分支
Load Models…,,2.0,Indlæs modeller…,Modelle laden …,加载模型…,載入模型…
Local port,label for local port number field in port forwarding,2.0,Lokal port,Lokaler Port,本地端口,本機埠
Lock,storyboard string for Lock,2.0,Lås,Sperre,锁定,鎖定
Lock Now,storyboard string for Lock Now,2.0,Lås nu,Jetzt sperren,立即锁定,立即鎖定
Log file support,viewing the repository commit log,2.0,Log-filunderstøttelse,Log-Dateiunterstützung,提交日志支持,提交日誌支援
Login to get list of repositories.,storyboard string for Login to get list of repositories.,2.0,Log ind for at få en liste over repositories.,"Anmelden, um die Liste der Repositories zu erhalten.",登录以获取仓库列表。,登入以取得版本庫清單。
Lower Left,floating button placement: bottom-left corner,2.0,Nederst til venstre,Unten links,左下,左下
Lower Right,floating button placement: bottom-right corner,2.0,Nederst til højre,Unten rechts,右下,右下
Mac,generic Mac model name when specific model is unknown,2.0,Mac,Mac,Mac,Mac
Mac Mini,Mac model name for Mac Mini hardware,2.0,Mac Mini,Mac Mini,Mac Mini,Mac Mini
MacBook,Mac model name for MacBook hardware,2.0,MacBook,MacBook,MacBook,MacBook
MacBook Pro,Mac model name for MacBook Pro hardware,2.0,MacBook Pro,MacBook Pro,MacBook Pro,MacBook Pro
Macbook Air,Mac model name for MacBook Air hardware,2.0,Macbook Air,Macbook Air,MacBook Air,MacBook Air
Make Default,storyboard string for Make Default,2.0,Gør til standard,Als Standard festlegen,设为默认,設為預設
Making commits,action name shown when user cancels a multi-file commit operation,2.0,At lave commits,Commits erstellen,正在创建提交,正在建立提交
Markdown,content mode title for Markdown files,2.0,Markdown,Markdown,Markdown,Markdown
Markdown Content Blocks,free feature: transclusion of files inside Markdown documents,2.0,Markdown-indholdsblokke,Markdown-Inhaltsblöcke,Markdown 内容块,Markdown 內容塊
Menlo,font name for code editor,2.0,Menlo,Menlo,Menlo,Menlo
Merge,button: combine downloaded changes into current branch,2.0,Merge,Merge,合并,合併
Merge,button: combine downloaded changes into current branch,2.0,Merge,Merge,合并,合併
Merge,git operation: combine changes from another branch,2.0,Merge,Merge,合并,合併
Merge %@,activity: combine changes into repository (arg 1),2.0,Merge %@,Merge %@,合并 %@,合併 %@
Merge %@ in %@,activity: combine branch (arg 1) into repository (arg 2),2.0,Merge %@ i %@,Merge %@ in %@,在 %2$@ 中合并 %1$@,在 %2$@ 中合併 %1$@
Merge back from %@,auto-generated commit message when rolling back; %@ is the short commit identifier,2.0,Merge tilbage fra %@,Merge zurück von %@,从 %@ 合并回来,從 %@ 合併回來
Merge depends on commit to complete.,status when merge is waiting for a commit,2.0,Merge afventer et commit for at blive fuldført.,Merge wartet auf einen Commit zur Fertigstellung.,合并需要提交才能完成。,合併需要提交才能完成。
Merge if needed,merge strategy option for pulling,2.0,Merge om nødvendigt,Merge falls nötig,需要时合并,需要時合併
Merge if needed,merge strategy: merge only when fast-forward is not possible,2.0,Merge om nødvendigt,Merge falls nötig,需要时合并,需要時合併
Merge if needed,merge strategy option: merge only when fast-forward is not possible,2.0,Merge om nødvendigt,Merge falls nötig,需要时合并,需要時合併
Merge not needed.,status when branch is already up to date,2.0,Merge ikke nødvendigt.,Merge nicht nötig.,无需合并。,無需合併。
Merge succeeded.,Status when combining two branches completed without problems.,2.0,Merge lykkedes.,Merge erfolgreich.,合并成功。,合併成功。
Merged,storyboard string for Merged,2.0,Merget,Gemergt,已合并,已合併
Mermaid diagrams in Markdown & AsciiDoc,free feature: rendering Mermaid diagrams in document previews,2.0,Mermaid-diagrammer i Markdown og AsciiDoc,Mermaid-Diagramme in Markdown und AsciiDoc,Markdown 和 AsciiDoc 中的 Mermaid 图表,Markdown 和 AsciiDoc 中的 Mermaid 圖表
Message,search scope label to search commit messages,2.0,Besked,Nachricht,消息,訊息
Metal,app icon style name,2.0,Metal,Metal,Metal,Metal
Minimal,app icon style name,2.0,Minimal,Minimal,Minimal,Minimal
Mode,storyboard string for Mode,2.0,Tilstand,Modus,模式,模式
Model,,2.0,Model,Modell,模型,模型
Model name,,2.0,Modelnavn,Modellname,模型名称,模型名稱
More,button to show additional swipe actions,2.0,Mere,Mehr,更多,更多
Mouse and TrackPad pointer support on iPadOS,free feature: cursor and trackpad interaction on iPad,2.0,Mus og TrackPad-markørstøtte på iPadOS,Maus- und TrackPad-Zeigerunterstützung auf iPadOS,iPadOS 上的鼠标和触控板指针支持,iPadOS 上的滑鼠和觸控板指標支援
Move,button to start moving repositories and settings from enterprise app,2.0,Flyt,Verschieben,移动,移動
MultiMarkdown v4,storyboard string for MultiMarkdown v4,2.0,MultiMarkdown v4,MultiMarkdown v4,MultiMarkdown v4,MultiMarkdown v4
Multiple windows on iPadOS,free feature: opening multiple app windows side by side on iPad,2.0,Flere vinduer på iPadOS,Mehrere Fenster auf iPadOS,iPadOS 上的多窗口,iPadOS 上的多視窗
Name,storyboard string for Name,2.0,Navn,Name,名称,名稱
Name,storyboard string for Name,2.0,Navn,Name,名称,名稱
Name,storyboard string for Name,2.0,Navn,Name,名称,名稱
Name,storyboard string for Name,2.0,Navn,Name,名称,名稱
Name,storyboard string for Name,2.0,Navn,Name,名称,名稱
Name,storyboard string for Name,2.0,Navn,Name,名称,名稱
Name & Email addresses written to commits,storyboard string for Name & Email addresses written to commits,2.0,Navn & e-mail-adresser skrevet til commits,Name & E-Mail-Adressen für Commits,写入提交的姓名和电子邮箱地址,寫入提交的姓名和電子郵件地址
Namespace (e.g. codeberg.org),placeholder for namespace field when signing text with SSH key,2.0,Navnerum (f.eks. codeberg.org),Namespace (z. B. codeberg.org),命名空间（例如 codeberg.org）,命名空間（例如 codeberg.org）
Natural,editing style with spellcheck and auto-capitalization for prose,2.0,Naturlig,Natürlich,自然,自然
Navigate While Dragging,tip title for navigating between folders while dragging files,2.0,Navigér mens du trækker,Beim Ziehen navigieren,拖动时导航,拖動時導航
Navn,storyboard string for Navn,2.0,Navn,Name,姓名,姓名
Never delete branch unless commits are in other branches.,detail for refuse delete mode,2.0,Slet aldrig branch medmindre commits er i andre branches.,"Branch niemals löschen, es sei denn Commits sind in anderen Branches.",除非提交存在于其他分支中，否则决不删除分支。,除非提交存在於其他分支中，否則決不刪除分支。
New Droplet,title for dialog to create a new Digital Ocean server,2.0,Ny Droplet,Neues Droplet,新建 Droplet,新建 Droplet
New Pull Request,screen title for creating a new pull request to propose changes for review,2.0,Ny Pull Request,Neuer Pull Request,新建 Pull Request,新建 Pull Request
New Server,default dialog title for creating a cloud server,2.0,Ny server,Neuer Server,新建服务器,新建伺服器
Next,,2.0,Næste,Weiter,下一个,下一個
Next,storyboard string for Next,2.0,Næste,Weiter,下一步,下一步
No,button to decline web storage persistence,2.0,Nej,Nein,否,否
No API key,,2.0,Ingen API-nøgle,Kein API-Schlüssel,没有 API 密钥,沒有 API 金鑰
No Key,storyboard string for No Key,2.0,Ingen nøgle,Kein Schlüssel,无密钥,無金鑰
No SSH Key,placeholder text in title field when no SSH key exists,2.0,Ingen SSH-nøgle,Kein SSH-Schlüssel,没有 SSH 密钥,沒有 SSH 金鑰
No Thanks,,2.0,Nej tak,Nein danke,不用了,不用了
No branches,shown when repository has no branches,2.0,Ingen branches,Keine Branches,没有分支,沒有分支
No dictation,option to disable speech-to-text dictation,2.0,Ingen diktering,Keine Diktierfunktion,无听写,無聽寫
No endpoint configured,,2.0,Intet endpoint konfigureret,Kein Endpoint konfiguriert,未配置端点,未設定端點
Not logged in,status when user is not signed into hosting provider,2.0,Ikke logget ind,Nicht angemeldet,未登录,未登入
Nothing to Commit,Shortcuts commit status when there are no changes but failure is disabled,2.0,Intet at committe,Nichts zu committen,无内容可提交,無內容可提交
OPML,content mode title for OPML outline files,2.0,OPML,OPML,OPML,OPML
Off,SSH segment: disable SSH,2.0,Fra,Aus,关闭,關閉
Off,storyboard string for Off,2.0,Fra,Aus,关闭,關閉
Ollama Endpoint,,2.0,Ollama-endpoint,Ollama-Endpoint,Ollama 端点,Ollama 端點
On,SSH segment: SSH is enabled,2.0,Til,Ein,开启,開啟
On-Device,,2.0,På enheden,Auf dem Gerät,设备端,裝置端
On-device AI filename suggestions,free feature: AI-suggested filenames when creating new files,2.0,AI-filnavneforslag på enheden,KI-Dateinamenvorschläge auf dem Gerät,设备端 AI 文件名建议,裝置端 AI 檔名建議
Only include status for changed files. ,detail for excluding unchanged files,2.0,Inkluder kun status for ændrede filer. ,Nur Status für geänderte Dateien einbeziehen. ,仅包含已更改文件的状态。 ,僅包含已變更檔案的狀態。 
Open,button to open a URL in the browser,2.0,Åbn,Öffnen,打开,開啟
Open In…,share sheet activity: export file to another app,2.0,Åbn i…,Öffnen in…,打开方式…,開啟方式…
OpenAI,LLM provider name in commit message completion settings,2.0,OpenAI,OpenAI,OpenAI,OpenAI
Optional message for annotated tag,,2.0,Valgfri besked for annoteret tag,Optionale Nachricht für annotiertes Tag,附注标签的可选消息,附註標籤的可選訊息
Organization,label for the GitHub organization picker when creating a repository,2.0,Organisation,Organisation,组织,組織
Other,LLM provider option for custom endpoint in completion settings,2.0,Andet,Andere,其他,其他
Other,storyboard string for Other,2.0,Anden,Andere,其他,其他
Our,storyboard string for Our,2.0,Vores,Unsere,我方,我方
Overwrite Files,button to overwrite working directory files when importing into existing repository,2.0,Overskriv filer,Dateien überschreiben,覆盖文件,覆蓋檔案
Overwrite existing file,,2.0,Overskriv eksisterende fil,Vorhandene Datei überschreiben,覆盖现有文件,覆蓋現有檔案
PCB,app icon style name,2.0,PCB,PCB,PCB,PCB
PR,short label for Pull Request toolbar button,2.0,PR,PR,PR,PR
PR,storyboard string for PR,2.0,PR,PR,PR,PR
Page %lld,,2.0,Side %lld,Seite %lld,第 %lld 页,第 %lld 頁
Partially commit files,free feature: staging and committing selected parts of a file,2.0,Delvist commit filer,Dateien teilweise committen,提交文件的部分内容,提交檔案的部分內容
Passphrase,placeholder text in passphrase input field for signing key,2.0,Adgangskode,Passphrase,密码短语,密碼短語
Passphrase,storyboard string for Passphrase,2.0,Adgangskode,Passphrase,密码短语,密碼短語
Password,storyboard string for Password,2.0,Adgangskode,Passwort,密码,密碼
Password,storyboard string for Password,2.0,Adgangskode,Passwort,密码,密碼
Password or blank for SSH key,placeholder text in SSH server password field,2.0,Adgangskode eller blank for SSH key,Passwort oder leer für SSH Key,密码或留空以使用 SSH 密钥,密碼或留空以使用 SSH 金鑰
Paste,undo action name for paste operation,2.0,Sæt ind,Einsetzen,粘贴,貼上
Paste from Clipboard,menu action: use clipboard image as repository icon,2.0,Sæt ind fra udklipsholder,Aus Zwischenablage einsetzen,从剪贴板粘贴,從剪貼簿貼上
Path,storyboard string for Path,2.0,Sti,Pfad,路径,路徑
Personal,name for personal repository group in BitBucket,2.0,Personlig,Persönlich,个人,個人
Pick SSH Key,navigation title when user is selecting an SSH key,2.0,Vælg SSH Key,SSH Key auswählen,选取 SSH 密钥,選取 SSH 金鑰
Pick from Contacts,storyboard string for Pick from Contacts,2.0,Vælg fra kontakter,Aus Kontakten wählen,从通讯录选择,從通訊錄選擇
Pick later,choice to let user select a file when the action runs,2.0,Vælg senere,Später wählen,稍后选择,稍後選擇
Pick or adjust text colors for %@ in %@.,,2.0,Vælg eller juster tekstfarver for %@ i %@.,Wähle oder passe Textfarben für %@ in %@ an.,选择或调整 %@ 在 %@ 中的文本颜色。,選擇或調整 %@ 在 %@ 中的文字顏色。
Pick other File,share extension button to choose a different save location instead of saving back,2.0,Vælg anden fil,Andere Datei wählen,选择其他文件,選擇其他檔案
Pick refspec,,2.0,Vælg refspec,Refspec wählen,选择 refspec,選擇 refspec
Plain quotes and regular hyphens,subtitle describing the Programming editing style,2.0,Lige anførselstegn og almindelige bindestreger,Gerade Anführungszeichen und normale Bindestriche,直引号和普通连字符,直引號和普通連字元
Plain text,content mode title for plain text without syntax highlighting,2.0,Almindelig tekst,Klartext,纯文本,純文字
Plan,default caption for server plan/size picker,2.0,Plan,Plan,方案,方案
Please rate or review Working Copy if it's helpful to you.,toolbar message asking user to leave an App Store review,2.0,"Bedøm eller anmeld venligst Working Copy, hvis den er nyttig for dig.","Bitte bewerte Working Copy, wenn es dir nützlich ist.",如果 Working Copy 对你有帮助，请评分或撰写评论。,如果 Working Copy 對你有幫助，請評分或撰寫評論。
Popup,toggle switch label to enable popup display of important log entries,2.0,Popup,Popup,弹窗,彈出式視窗
Port,storyboard string for Port,2.0,Port,Port,端口,埠
Port,storyboard string for Port,2.0,Port,Port,端口,埠
Port,storyboard string for Port,2.0,Port,Port,端口,埠
Port forwarding,label for port forwarding toggle switch,2.0,Port forwarding,Port Forwarding,端口转发,埠轉發
Premium Icons,feature name for alternate app icons on the home screen,2.0,Premium-ikoner,Premium-Symbole,高级图标,高階圖示
Prepend,write mode: add text before existing file content,2.0,Tilføj forrest,Voranstellen,前置,前置
Prepend to existing file,,2.0,Tilføj forrest i eksisterende fil,Vorhandener Datei voranstellen,前置到现有文件,前置到現有檔案
Preview,default title for dynamic preview mode,2.0,Forhåndsvisning,Vorschau,预览,預覽
Preview mode for .CSV and .TSV files,free feature: table preview for comma and tab separated files,2.0,Forhåndsvisningstilstand for .CSV- og .TSV-filer,Vorschaumodus für .CSV- und .TSV-Dateien,.CSV 和 .TSV 文件的预览模式,.CSV 和 .TSV 檔案的預覽模式
Previous repositories,storyboard string for Previous repositories,2.0,Tidligere repositories,Frühere Repositories,之前的仓库,之前的版本庫
Previous repositories,storyboard string for Previous repositories,2.0,Tidligere repositories,Frühere Repositories,之前的仓库,之前的版本庫
Privacy Policy,storyboard string for Privacy Policy,2.0,Privatlivspolitik,Datenschutzrichtlinie,隐私政策,隱私政策
Private,storyboard string for Private,2.0,Privat,Privat,私有,私有
Profile,button to view the commit author's profile,2.0,Profil,Profil,个人资料,個人資料
Programming,editing style with plain quotes and no auto-correction for code,2.0,Programmering,Programmierung,编程,程式設計
Project,Label for the project group picker when creating Azure DevOps repository,2.0,Projekt,Projekt,项目,專案
Protect with passcode,storyboard string for Protect with passcode,2.0,Beskyt med adgangskode,Mit Code schützen,使用密码保护,使用密碼保護
Protocol,storyboard string for Protocol,2.0,Protokol,Protokoll,协议,通訊協定
Protocol,storyboard string for Protocol,2.0,Protokol,Protokoll,协议,通訊協定
Public,storyboard string for Public,2.0,Offentlig,Öffentlich,公开,公開
Public Key already on %@.,info message when key already exists on provider; %@ is the provider name (e.g. GitHub),2.0,Offentlig nøgle er allerede på %@.,Öffentlicher Schlüssel ist bereits auf %@.,公钥已存在于 %@ 上。,公開金鑰已存在於 %@ 上。
Pull Repository,,2.0,Pull repository,Repository pullen,拉取仓库,拉取版本庫
Pull Request Creation,feature name for proposing changes for review on hosting services,2.0,Oprettelse af pull request,Pull-Request-Erstellung,创建 Pull Request,建立 Pull Request
Pull request created on %@. Tap to open on %@.,"success, args: date, hosting provider",2.0,Pull request oprettet den %@. Tryk for at åbne på %@.,"Pull Request erstellt am %@. Tippe, um auf %@ zu öffnen.",Pull Request 已在 %@ 创建。轻触以在 %@ 上打开。,Pull Request 建立於 %@。點一下以在 %@ 上開啟。
Pure SSH-based LFS transfers,free feature: transferring Git LFS files directly over SSH,2.0,Rene SSH-baserede LFS-overførsler,Reine SSH-basierte LFS-Übertragungen,纯 SSH 的 LFS 传输,純 SSH 的 LFS 傳輸
Push Repository,,2.0,Push repository,Push Repository,推送仓库,推送版本庫
Push all,,2.0,Push alle,Alle pushen,全部推送,全部推送
README.txt,storyboard string for README.txt,2.0,README.txt,README.txt,README.txt,README.txt
Rainbow,app icon style name,2.0,Regnbue,Regenbogen,彩虹,彩虹
Rate Working Copy,storyboard string for Rate Working Copy,2.0,Bedøm Working Copy,Working Copy bewerten,为 Working Copy 评分,為 Working Copy 評分
Read as binary file.,detail for base64 read type,2.0,Læs som binær fil.,Als Binärdatei lesen.,以二进制文件读取。,以二進位檔案讀取。
Read text or binary depending on file.,detail for auto read type,2.0,Læs tekst eller binært afhængigt af fil.,"Text oder Binär lesen, abhängig von der Datei.",根据文件类型读取文本或二进制。,根據檔案型別讀取文字或二進位。
Read universal link of file. Useful when picking files.,detail for URL read type,2.0,Læs universelt link for fil. Nyttigt når man vælger filer.,Universellen Link der Datei lesen. Nützlich beim Auswählen von Dateien.,读取文件的通用链接。在选择文件时很有用。,讀取檔案的通用連結。在選擇檔案時很有用。
Reading repositories for ...,storyboard string for Reading repositories for ...,2.0,Læser repositories for ...,Lese Repositories für ...,正在读取仓库…,正在讀取版本庫…
Readonly,toggle to make the editor read-only and prevent editing,2.0,Skrivebeskyttet,Schreibgeschützt,只读,只讀
Ready to work on pull request #%d on current branch %@,"status after switching to PR branch, %d is PR number, %@ is branch name",2.0,Klar til at arbejde på pull request #%d på aktuel branch %@,"Bereit, an Pull Request #%d auf aktuellem Branch %@ zu arbeiten",已准备好在当前分支 %2$@ 上处理 Pull Request #%1$d,已準備好在目前分支 %2$@ 上處理 Pull Request #%1$d
Recently Modified,widget diff option to show the most recently modified repository,2.0,Senest ændrede,Kürzlich geändert,最近修改,最近修改
Recently shown,title for button showing recently viewed screens,2.0,Senest viste,Kürzlich angezeigt,最近显示,最近顯示
Red,,2.0,Rød,Rot,红色,紅色
Reddit,storyboard string for Reddit,2.0,Reddit,Reddit,Reddit,Reddit
Redo,menu action title on iPad keyboard bar,2.0,Gentag,Wiederherstellen,重做,重做
Refuse,delete mode: refuse to delete unmerged branches,2.0,Afvis,Ablehnen,拒绝,拒絕
Refuse and fail,,2.0,Afvis og fejl,Ablehnen und fehlschlagen,拒绝并失败,拒絕並失敗
Refuse to commit more than one file.,detail for commit limit of 1 file,2.0,Afvis at committe mere end én fil.,"Ablehnen, mehr als eine Datei zu committen.",拒绝提交超过一个文件。,拒絕提交超過一個檔案。
Region,default caption for server datacenter region picker,2.0,Region,Region,区域,區域
Regular Expression,search option toggle in find menu,2.0,Regulært udtryk,Regulärer Ausdruck,正则表达式,正規表示式
Release Notes,storyboard string for Release Notes,2.0,Udgivelsesnoter,Versionshinweise,版本说明,版本資訊
Release Notes,storyboard string for Release Notes,2.0,Udgivelsesnoter,Versionshinweise,版本说明,版本資訊
Release notes on updates,toggle label to control whether release notes are shown after app updates,2.0,Udgivelsesnoter ved opdateringer,Versionshinweise bei Updates,更新时显示版本说明,更新時顯示版本資訊
Relink…,action title to change the external directory link for a repository,2.0,Genlink…,Neu verknüpfen…,重新链接…,重新連結…
Remember,storyboard string for Remember,2.0,Husk,Merken,记住,記住
Remove Configuration,storyboard string for Remove Configuration,2.0,Fjern konfiguration,Konfiguration entfernen,移除配置,移除設定
Remove Configuration,storyboard string for Remove Configuration,2.0,Fjern konfiguration,Konfiguration entfernen,移除配置,移除設定
Remove Icon,menu action: delete custom repository icon,2.0,Fjern ikon,Icon entfernen,移除图标,移除圖示
Remove from Working Copy,full action title to remove an external repository on Mac Catalyst,2.0,Fjern fra Working Copy,Aus Working Copy entfernen,从 Working Copy 移除,從 Working Copy 移除
Reorder Commit,undo action name for reordering a single commit,2.0,Omarranger commit,Commit umsortieren,重新排序提交,重新排序提交
Reorder Commits,undo action name for reordering multiple commits,2.0,Omarranger commits,Commits umsortieren,重新排序提交,重新排序提交
Repack,"action name for git repack operation, used in cancellation message",2.0,Repack,Repack,重新打包,重新打包
Repacking,,2.0,Repacker,Repacke,正在重新打包,正在重新打包
Replace All,undo action name for replacing all occurrences,2.0,Erstat alle,Alle ersetzen,全部替换,全部替換
Repositories are read from '%@' that contained all %ld. You can adjust this manually by editing the path for the Server.,"message when path was auto-detected, %@ is directory path, %ld is repository count",2.0,Repositories læses fra '%@' der indeholdt alle %ld. Du kan justere dette manuelt ved at redigere stien for serveren.,"Repositories werden aus '%@' gelesen, das alle %ld enthielt. Du kannst dies manuell anpassen, indem du den Pfad für den Server bearbeitest.",仓库从包含全部 %2$ld 个仓库的“%1$@”中读取。你可以通过编辑服务器路径来手动调整。,版本庫從包含全部 %2$ld 個版本庫的「%1$@」中讀取。你可以透過編輯伺服器路徑來手動調整。
Repository Folders,feature name for organizing repositories into folders,2.0,Repository-mapper,Repository-Ordner,仓库文件夹,版本庫資料夾
Repository Name,storyboard string for Repository Name,2.0,Repository-navn,Repository-Name,仓库名称,版本庫名稱
Repository icons,free feature: assigning custom icons to repositories,2.0,Repository-ikoner,Repository-Icons,仓库图标,版本庫圖示
Repository is stored in %@.,section footer for external repo section; %@ is the external storage location name,2.0,Repository er gemt i %@.,Repository ist in %@ gespeichert.,仓库存储在 %@ 中。,版本庫儲存在 %@ 中。
Repository root,default local directory for SSH command when none is specified,2.0,Repository-rod,Repository-Stammverzeichnis,仓库根目录,版本庫根目錄
Repository search,free feature: searching file contents within a repository,2.0,Repository-søgning,Repository-Suche,仓库搜索,版本庫搜尋
Require Confirmation,,2.0,Kræv bekræftelse,Bestätigung erforderlich,需要确认,需要確認
Reset,button to reset to this commit,2.0,Reset,Reset,重置,重設
Reset,git operation: move branch pointer back to this commit,2.0,Reset,Reset,重置,重設
"Reset ""%@"" branch","action to move branch pointer back to this commit, arg is branch name",2.0,"Reset ""%@"" branch","Branch ""%@"" resetten",重置“%@”分支,重設「%@」分支
Reset ${branch} in ${repo} to ${commitIdentifier},,2.0,Reset ${branch} i ${repo} til ${commitIdentifier},Reset ${branch} in ${repo} auf ${commitIdentifier},将 ${repo} 中的 ${branch} 重置到 ${commitIdentifier},將 ${repo} 中的 ${branch} 重設到 ${commitIdentifier}
Reset %@,action title to move branch pointer back to an earlier commit; %@ is branch name,2.0,Reset %@,Reset %@,重置 %@,重設 %@
Reset Branch,,2.0,Reset branch,Branch resetten,重置分支,重設分支
"Reset branch to specific commit.

When resetting the current branch you can choose to keep or discard changes in the working directory.

When resetting a different branch, changes cannot be kept as that branch is not checked out.",,2.0,"Reset branch til en bestemt commit.

Når du resetter den aktuelle branch kan du vælge at beholde eller kassere ændringer i working directory.

Når du resetter en anden branch, kan ændringer ikke beholdes da den branch ikke er checket ud.","Branch auf einen bestimmten Commit resetten.

Beim Resetten des aktuellen Branches kannst du wählen, ob Änderungen im Arbeitsverzeichnis behalten oder verworfen werden.

Beim Resetten eines anderen Branches können Änderungen nicht behalten werden, da dieser Branch nicht ausgecheckt ist.","将分支重置到指定提交。

重置当前分支时，你可以选择保留或丢弃工作目录中的更改。

重置其他分支时，由于该分支未检出，更改无法保留。","將分支重設到指定提交。

重設目前分支時，你可以選擇保留或丟棄工作目錄中的變更。

重設其他分支時，由於該分支未簽出，變更無法保留。"
Reset support,moving a branch pointer back to an earlier commit,2.0,Reset-understøttelse,Reset-Unterstützung,重置支持,重設支援
Reset will delete %d commit in %@ losing all changes.,"hard reset singular; %d is number of commits removed, %@ is branch name",2.0,Reset vil slette %d commit i %@ og miste alle ændringer.,Reset wird %d Commit in %@ löschen und alle Änderungen verlieren.,重置将删除 %2$@ 中的 %1$d 个提交并丢失所有更改。,重設將刪除 %2$@ 中的 %1$d 個提交，並遺失所有變更。
Reset will delete %d commit in %@ with changes kept in working directory.,"soft reset singular; %d is number of commits removed, %@ is branch name",2.0,Reset vil slette %d commit i %@ med ændringer beholdt i working directory.,"Reset wird %d Commit in %@ löschen, wobei Änderungen im Arbeitsverzeichnis behalten werden.",重置将删除 %2$@ 中的 %1$d 个提交，更改保留在工作目录中。,重設將刪除 %2$@ 中的 %1$d 個提交，變更保留在工作目錄中。
Reset will delete %d commits in %@ losing all changes.,"hard reset plural; %d is number of commits removed, %@ is branch name",2.0,Reset vil slette %d commits i %@ og miste alle ændringer.,Reset wird %d Commits in %@ löschen und alle Änderungen verlieren.,重置将删除 %2$@ 中的 %1$d 个提交并丢失所有更改。,重設將刪除 %2$@ 中的 %1$d 個提交，並遺失所有變更。
Reset will delete %d commits in %@ with changes kept in working directory.,"soft reset plural; %d is number of commits removed, %@ is branch name",2.0,Reset vil slette %d commits i %@ med ændringer beholdt i working directory.,"Reset wird %d Commits in %@ löschen, wobei Änderungen im Arbeitsverzeichnis behalten werden.",重置将删除 %2$@ 中的 %1$d 个提交，更改保留在工作目录中。,重設將刪除 %2$@ 中的 %1$d 個提交，變更保留在工作目錄中。
Resize Image,name of the shortcut that resizes an image,2.0,Tilpas billedstørrelse,Bildgröße ändern,调整图片大小,調整圖片大小
Restore,button to restore files with unpushed modifications from previous repository,2.0,Gendan,Wiederherstellen,恢复,恢復
Restore Theme,button to restore a built-in color theme to defaults,2.0,Gendan tema,Theme wiederherstellen,恢复主题,恢復主題
Restore to Default,,2.0,Gendan standardindstilling,Standard wiederherstellen,恢复为默认,恢復為預設
Resume,,2.0,Genoptag,Fortsetzen,继续,繼續
Reveal in Finder,action title to show the file in macOS Finder,2.0,Vis i Finder,Im Finder anzeigen,在 Finder 中显示,在 Finder 中顯示
Revert Commit,action title to create a new commit that undoes the changes from this commit,2.0,Revert commit,Revert Commit,还原提交,還原提交
Revert Unicode decomposition,settings toggle for Unicode normalization,2.0,Tilbagefør Unicode-dekomponering,Unicode-Dekomponierung rückgängig machen,还原 Unicode 分解,還原 Unicode 分解
Review,storyboard string for Review,2.0,Bedøm,Bewerten,评价,評價
Review,storyboard string for Review,2.0,Bedøm,Bewerten,评价,評價
Rewrite,button title to apply interactive rebase changes,2.0,Omskriv,Umschreiben,重写,重寫
Running,cloud server status when active,2.0,Kører,Läuft,运行中,執行中
S3 Files,storyboard string for S3 Files,2.0,S3 Files,S3 Files,S3 Files,S3 Files
S3 client from same developer,storyboard string for S3 client from same developer,2.0,S3-klient fra samme udvikler,S3-Client vom selben Entwickler,来自同一开发者的 S3 客户端,來自同一開發者的 S3 用戶端
SSH Server,hosting provider kind label for SSH servers,2.0,SSH-server,SSH-Server,SSH 服务器,SSH 伺服器
SSH Transfers,storyboard string for SSH Transfers,2.0,SSH-overførsler,SSH-Transfers,SSH 传输,SSH 傳輸
SSH Upload,feature name for uploading files via SSH,2.0,SSH-upload,SSH-Upload,SSH 上传,SSH 上傳
SSH client from same developer,storyboard string for SSH client from same developer,2.0,SSH-klient fra samme udvikler,SSH-Client vom selben Entwickler,来自同一开发者的 SSH 客户端,來自同一開發者的 SSH 用戶端
SSH protocol support,storyboard string for SSH protocol support,2.0,SSH-protokolunderstøttelse,SSH-Protokollunterstützung,SSH 协议支持,SSH 通訊協定支援
Safari,browser name for Apple Safari,2.0,Safari,Safari,Safari,Safari
Save Back,share extension button to save a file back to its original location in the repository,2.0,Gem tilbage,Zurücksichern,保存回原处,儲存回原處
Save as %@,share extension button to save a zip attachment as a file; %@ is the file extension like .zip,2.0,Gem som %@,Sichern als %@,保存为 %@,儲存為 %@
Search/Replace All,feature name for searching and replacing text across files,2.0,Søg/erstat alle,Suchen/Alle ersetzen,搜索/全部替换,搜尋/全部替換
Secure Shell,log entry title for SSH connection,2.0,Secure Shell,Secure Shell,Secure Shell,Secure Shell
Secure ShellFish,storyboard string for Secure ShellFish,2.0,Secure ShellFish,Secure ShellFish,Secure ShellFish,Secure ShellFish
Server,storyboard string for Server,2.0,Server,Server,服务器,伺服器
Server Persistence,storyboard string for Server Persistence,2.0,Server-persistens,Server-Persistenz,服务器持续运行,伺服器持續執行
Service,,2.0,Tjeneste,Dienst,服务,服務
Share Zip,name of the shortcut that shares repository as a zip file,2.0,Del zip,Zip teilen,共享 Zip,分享 Zip
Short name,storyboard string for Short name,2.0,Kort navn,Kurzname,简称,簡稱
Show All Branches,button at bottom of branch picker to navigate to full branch list,2.0,Vis alle branches,Alle Branches anzeigen,显示所有分支,顯示所有分支
Show Customizations,,2.0,Vis tilpasninger,Anpassungen anzeigen,显示自定义,顯示自訂
Show GitHub Profile,button to open user's GitHub profile in browser,2.0,Vis GitHub-profil,GitHub-Profil anzeigen,显示 GitHub 个人资料,顯示 GitHub 個人資料
Show Outline,,2.0,Vis oversigt,Gliederung anzeigen,显示大纲,顯示大綱
Show Whitespace,toggle to render invisible characters like spaces and tabs,2.0,Vis blanktegn,Leerzeichen anzeigen,显示空白字符,顯示空白字元
Show all branches,button to navigate to full branch list,2.0,Vis alle branches,Alle Branches anzeigen,显示所有分支,顯示所有分支
Show when updated,storyboard string for Show when updated,2.0,Vis ved opdatering,Bei Aktualisierung anzeigen,更新时显示,更新時顯示
Shown %@ at callback time.,"detail text for $current choice: arg is noun like file, branch, or repository",2.0,Viste %@ ved callback-tidspunkt.,Angezeigt: %@ zum Callback-Zeitpunkt.,回调时显示的 %@。,回呼時顯示的 %@。
Sign In,button to sign into hosting provider,2.0,Log ind,Anmelden,登录,登入
Sign In,storyboard string for Sign In,2.0,Log ind,Anmelden,登录,登入
Sign In,storyboard string for Sign In,2.0,Log ind,Anmelden,登录,登入
Sign Out,button to sign out of hosting provider,2.0,Log ud,Abmelden,退出登录,登出
Sign Out,storyboard string for Sign Out,2.0,Log ud,Abmelden,退出登录,登出
Sign Out,storyboard string for Sign Out,2.0,Log ud,Abmelden,退出登录,登出
Sign Text,button to create SSH signature of text,2.0,Signér tekst,Text signieren,签名文本,簽名文字
Sign Up,storyboard string for Sign Up,2.0,Tilmeld dig,Registrieren,注册,註冊
Sign Up,storyboard string for Sign Up,2.0,Tilmeld dig,Registrieren,注册,註冊
Sign Up,storyboard string for Sign Up,2.0,Tilmeld dig,Registrieren,注册,註冊
Sign Up,storyboard string for Sign Up,2.0,Tilmeld dig,Registrieren,注册,註冊
Signed in via ChatGPT,status label showing user is authenticated through their ChatGPT account,2.0,Logget ind via ChatGPT,Angemeldet über ChatGPT,已通过 ChatGPT 登录,已透過 ChatGPT 登入
Signed into %@ as %@,"status after signing in, args: provider name, username",2.0,Logget ind på %@ som %@,Angemeldet bei %@ als %@,已登录 %@，用户名 %@,已登入 %@，使用者名稱 %@
Signing,storyboard string for Signing,2.0,Signering,Signierung,签名,簽名
Signing Key,navigation bar title for commit signing key configuration screen,2.0,Signeringsnøgle,Signierungsschlüssel,签名密钥,簽名金鑰
Siri Shortcuts,free feature: automating Git operations with Siri Shortcuts,2.0,Siri Shortcuts,Siri Shortcuts,Siri 快捷指令,Siri 捷徑
Sketch and org-mode preview,free feature: previewing Sketch design files and Emacs org-mode documents,2.0,Sketch- og org-mode-forhåndsvisning,Sketch- und Org-mode-Vorschau,Sketch 和 org-mode 预览,Sketch 和 org-mode 預覽
Skip,button to skip restoring files from previous repository,2.0,Spring over,Überspringen,跳过,跳過
Smaller,menu action to decrease diff font size,2.0,Mindre,Kleiner,缩小,縮小
Snapshot,share menu option to export commit as a file snapshot,2.0,Øjebliksbillede,Snapshot,快照,快照
Source Code Pro,font name for code editor,2.0,Source Code Pro,Source Code Pro,Source Code Pro,Source Code Pro
Source Code Pro,storyboard string for Source Code Pro,2.0,Source Code Pro,Source Code Pro,Source Code Pro,Source Code Pro
Source Files,storyboard string for Source Files,2.0,Kildefiler,Source Files,源文件,原始檔
Spellcheck and capitalization,subtitle describing the Natural editing style,2.0,Stavekontrol og store bogstaver,Rechtschreibprüfung und Großschreibung,拼写检查和大写,拼寫檢查和大寫
Squash Commit,action to combine this commit with the previous one,2.0,Squash Commit,Squash Commit,压缩提交,壓縮提交
Stage written Files for Commit,,2.0,Stage skrevne filer til commit,Geschriebene Dateien für Commit stagen,暂存已写入的文件以供提交,暫存已寫入的檔案以供提交
Staged differences are processed on-device to generate suggestions.,privacy note explaining that an on-device model processes diffs locally,2.0,Staged ændringer behandles lokalt på enheden for at generere forslag.,"Staged-Änderungen werden lokal auf dem Gerät verarbeitet, um Vorschläge zu generieren.",暂存的差异在设备本地处理以生成建议。,暫存的差異在裝置本機處理以產生建議。
Staged differences are sent to %@ using %@ to generate suggestions.,"privacy note explaining where diffs are sent; %1$@ is the service destination, %2$@ is the model name",2.0,Staged ændringer sendes til %1$@ ved hjælp af %2$@ for at generere forslag.,Staged-Änderungen werden an %1$@ gesendet und %2$@ wird zur Generierung von Vorschlägen verwendet.,暂存的差异被发送到 %1$@，使用 %2$@ 生成建议。,暫存的差異會傳送到 %1$@，並使用 %2$@ 產生建議。
Staged differences are sent to the Working Copy server which uses OpenAI GPT-4o-mini to generate suggestions.,privacy note explaining that the built-in service sends diffs to the Working Copy server,2.0,"Staged ændringer sendes til Working Copy-serveren, som bruger OpenAI GPT-4o-mini til at generere forslag.","Staged-Änderungen werden an den Working Copy-Server gesendet, der OpenAI GPT-4o-mini zur Generierung von Vorschlägen verwendet.",暂存的差异被发送到 Working Copy 服务器，该服务器使用 OpenAI GPT-4o-mini 生成建议。,暫存的差異會傳送到 Working Copy 伺服器，該伺服器使用 OpenAI GPT-4o-mini 產生建議。
Staging,action name shown when user cancels staging files,2.0,Staging,Staging,暂存,暫存
Start,button title to start SSH command execution,2.0,Start,Start,开始,開始
Starting,cloud server status when booting up,2.0,Starter,Startet,正在启动,正在啟動
Stop Syncing,destructive button title to stop and remove sync,2.0,Stop synkronisering,Synchronisierung beenden,停止同步,停止同步
Stopped,cloud server status when powered off,2.0,Stoppet,Gestoppt,已停止,已停止
Stopping,cloud server status when shutting down,2.0,Stopper,Wird gestoppt,正在停止,正在停止
Submodules,back button title for submodule list screen,2.0,Submodules,Submodules,子模组,子模組
Subtitle,storyboard string for Subtitle,2.0,Undertitel,Untertitel,副标题,副標題
Subtitle,storyboard string for Subtitle,2.0,Undertitel,Untertitel,副标题,副標題
Subtitle,storyboard string for Subtitle,2.0,Undertitel,Untertitel,副标题,副標題
Suggested,storyboard string for Suggested,2.0,Foreslået,Vorgeschlagen,推荐,推薦
Suggestions,,2.0,Forslag,Vorschläge,建议,建議
Swipe to Preview,,2.0,Swipe for forhåndsvisning,Wischen für Vorschau,滑动预览,滑動預覽
Switch,checkout mode: switch to an existing branch,2.0,Skift,Wechseln,切换,切換
Synth,app icon style name,2.0,Synth,Synth,Synth,Synth
System Prompt,,2.0,Systemprompt,Systemprompt,系统提示词,系統提示詞
TFS Server,Short name for on-premise Team Foundation Server,2.0,TFS-server,TFS-Server,TFS 服务器,TFS 伺服器
Tag,git operation: add a named label to this commit,2.0,Tag,Tag,标签,標籤
Tag ${commitIdentifier} in ${repo} as ${tagName},,2.0,Tag ${commitIdentifier} i ${repo} som ${tagName},Tag ${commitIdentifier} in ${repo} als ${tagName},将 ${repo} 中的 ${commitIdentifier} 标记为 ${tagName},將 ${repo} 中的 ${commitIdentifier} 標記為 ${tagName}
Tag Commit,,2.0,Tag commit,Commit taggen,为提交添加标签,為提交新增標籤
Tag Editing,creating and modifying named labels on commits,2.0,Redigering af tags,Tag-Bearbeitung,标签编辑,標籤編輯
Tag Name,,2.0,Tag-navn,Tag-Name,标签名称,標籤名稱
Tag was created on %@,"status after tag creation, arg: device name",2.0,Tag blev oprettet på %@,Tag wurde auf %@ erstellt,标签已在 %@ 上创建,標籤已在 %@ 上建立
Tag will point to current HEAD. Tag other commits from their detail screen.,info message when creating a new tag,2.0,Tag vil pege på nuværende HEAD. Tag andre commits fra deres detaljevisning.,Tag wird auf den aktuellen HEAD zeigen. Tagge andere Commits von deren Detailansicht.,标签将指向当前 HEAD。可从其他提交的详情页面为其添加标签。,標籤將指向目前 HEAD。可從其他提交的詳細資訊頁面為其新增標籤。
Tags,storyboard string for Tags,2.0,Tags,Tags,标签,標籤
Tap and hold in the editor to dictate a note at this point. When you lift your finger dictation stops and editing starts.,tip explaining how to use annotation dictation,2.0,"Tryk og hold i editoren for at diktere en note her. Når du løfter fingeren stopper dikteringen, og redigering starter.","Tippe und halte im Editor, um hier eine Notiz zu diktieren. Wenn du den Finger anhebst, stoppt das Diktat und die Bearbeitung beginnt.",在编辑器中长按可在此处听写笔记。抬起手指后听写停止，开始编辑。,在編輯器中長按可在此處聽寫筆記。抬起手指後聽寫停止，開始編輯。
Tap and hold somewhere in the editor to start a note at this point.,tip explaining how to start annotation without dictation,2.0,Tryk og hold et sted i editoren for at starte en note her.,"Tippe und halte irgendwo im Editor, um hier eine Notiz zu beginnen.",在编辑器中的某处长按以在此处开始一条笔记。,在編輯器中的某處長按以在此處開始一條筆記。
Tap to edit,storyboard string for Tap to edit,2.0,Tryk for at redigere,Tippen zum Bearbeiten,轻触以编辑,點一下以編輯
Tap to edit,storyboard string for Tap to edit,2.0,Tryk for at redigere,Tippen zum Bearbeiten,轻触以编辑,點一下以編輯
Tap to edit,storyboard string for Tap to edit,2.0,Tryk for at redigere,Tippen zum Bearbeiten,轻触以编辑,點一下以編輯
Team Foundation Services,Full title for on-premise Team Foundation Services,2.0,Team Foundation Services,Team Foundation Services,Team Foundation Services,Team Foundation Services
Terms Accepted,toggle label indicating whether terms of use for commit message suggestions have been accepted,2.0,Vilkår accepteret,Nutzungsbedingungen akzeptiert,已接受条款,已接受條款
Test,storyboard string for Test,2.0,Test,Testen,测试,測試
Test,storyboard string for Test,2.0,Test,Testen,测试,測試
Test,storyboard string for Test,2.0,Test,Testen,测试,測試
Test,storyboard string for Test,2.0,Test,Testen,测试,測試
Test Key,storyboard string for Test Key,2.0,Test nøgle,Schlüssel testen,测试密钥,測試金鑰
Test Key,storyboard string for Test Key,2.0,Test nøgle,Schlüssel testen,测试密钥,測試金鑰
Text,file type description for plain text files,2.0,Tekst,Text,文本,文字
Text to sign,placeholder for text input field when signing text with SSH key,2.0,Tekst der skal signeres,Zu signierender Text,待签名文本,待簽名文字
"Thank you,
Anders Borum","storyboard string for Thank you,
Anders Borum",2.0,"Tak,
Anders Borum","Vielen Dank,
Anders Borum","感谢你，
Anders Borum","感謝你，
Anders Borum"
The application used for links in commit messages and to show web pages for repositories and commits.,footer explaining what the default browser setting controls,2.0,Programmet der bruges til links i commit-beskeder og til at vise websider for repositories og commits.,"Die Anwendung, die für Links in Commit-Nachrichten und zum Anzeigen von Webseiten für Repositories und Commits verwendet wird.",用于打开提交消息中链接以及显示仓库和提交网页的应用程序。,用於開啟提交訊息中連結以及顯示版本庫和提交網頁的應用程式。
Their,storyboard string for Their,2.0,Deres,Deren,对方,對方
There is no file sharing between %@ and %@.,"file sharing disabled explanation, %1$@ is device name, %2$@ is server hostname",2.0,Der er ingen fildeling mellem %@ og %@.,Es gibt keine Dateifreigabe zwischen %@ und %@.,%@ 和 %@ 之间没有文件共享。,%@ 和 %@ 之間沒有檔案共享。
Thinking...,,2.0,Tænker…,Denke nach …,思考中…,思考中…
Tips & Community,storyboard string for Tips & Community,2.0,Tips & fællesskab,Tipps & Community,技巧与社区,技巧與社群
Title,storyboard string for Title,2.0,Titel,Titel,标题,標題
Title,storyboard string for Title,2.0,Titel,Titel,标题,標題
Title,storyboard string for Title,2.0,Titel,Titel,标题,標題
Title,storyboard string for Title,2.0,Titel,Titel,标题,標題
Title,storyboard string for Title,2.0,Titel,Titel,标题,標題
Title,storyboard string for Title,2.0,Titel,Titel,标题,標題
Title,storyboard string for Title,2.0,Titel,Titel,标题,標題
Title,storyboard string for Title,2.0,Titel,Titel,标题,標題
Title,storyboard string for Title,2.0,Titel,Titel,标题,標題
Title,storyboard string for Title,2.0,Titel,Titel,标题,標題
Title,storyboard string for Title,2.0,Titel,Titel,标题,標題
Title,storyboard string for Title,2.0,Titel,Titel,标题,標題
Title,storyboard string for Title,2.0,Titel,Titel,标题,標題
Toggle between Preview and Editing by swiping from right screen edge.,,2.0,Skift mellem forhåndsvisning og redigering ved at swipe fra højre skærmkant.,Wechsle zwischen Vorschau und Bearbeitung durch Wischen vom rechten Bildschirmrand.,从屏幕右边缘滑动可在预览和编辑之间切换。,從螢幕右邊緣滑動可在預覽和編輯之間切換。
"Toggle checkmarks in Markdown, org-mode & AsciiDoc",free feature: tapping to check/uncheck task items in document previews,2.0,"Skift flueben i Markdown, org-mode og AsciiDoc","Häkchen in Markdown, org-mode & AsciiDoc umschalten",在 Markdown、org-mode 和 AsciiDoc 中切换勾选状态,在 Markdown、org-mode 和 AsciiDoc 中切換勾選狀態
Top,floating button placement: show actions in top toolbar,2.0,Top,Oben,顶部,頂部
Topological,sort option to order commits by parent-child relationships,2.0,Topologisk,Topologisch,拓扑排序,拓撲排序
Touch ID,storyboard string for Touch ID,2.0,Touch ID,Touch ID,Touch ID,Touch ID
Track,action to start tracking a previously ignored file in the repository,2.0,Spor,Verfolgen,跟踪,追蹤
Travis,log entry title for Travis CI service,2.0,Travis,Travis,Travis,Travis
TreeSitter,storyboard string for TreeSitter,2.0,TreeSitter,TreeSitter,TreeSitter,TreeSitter
"Trigger
Action","short label on GitHub Actions button, shown next to Octocat icon",2.0,"Udløs
Action","Aktion
auslösen","触发
Action","觸發
Action"
Type Line Number,label shown when drag reaches the center button during global scroll,2.0,Indtast linjenummer,Zeilennummer eingeben,输入行号,輸入行號
URL,storyboard string for URL,2.0,URL,URL,URL,URL
URL,storyboard string for URL,2.0,URL,URL,URL,URL
URL key,storyboard string for URL key,2.0,URL-nøgle,URL-Schlüssel,URL 密钥,URL 金鑰
Unborn HEAD,subtitle when repository has no commits yet,2.0,Unborn HEAD,Unborn HEAD,未诞生的 HEAD,未誕生的 HEAD
Undo,menu action title on iPad keyboard bar,2.0,Fortryd,Widerrufen,撤销,撤銷
Undo reset %@ to %@,"message after undoing a branch reset, first %@ is branch name, second %@ is short commit hash",2.0,Fortryd reset %@ til %@,Reset von %@ auf %@ widerrufen,撤销将 %@ 重置到 %@,撤銷將 %@ 重設到 %@
Unified,segment control option: show diff as single combined view,2.0,Samlet,Einheitlich,统一,統一
Unlimited repositories,feature name for removing the limit on number of repositories,2.0,Ubegrænsede repositories,Unbegrenzte Repositories,无限仓库,無限版本庫
Unlink,destructive action title to unlink an external repository,2.0,Fjern link,Verknüpfung aufheben,取消关联,取消關聯
Unzip to Repository,share extension button to extract zip contents into a repository directory,2.0,Udpak til repository,In Repository entpacken,解压到仓库,解壓到版本庫
Upload,button title to start SSH file upload,2.0,Upload,Hochladen,上传,上傳
Use Clipboard,choice to copy result to the system clipboard,2.0,Brug udklipsholder,Zwischenablage verwenden,使用剪贴板,使用剪貼簿
Use LocalStorage.json,button to use existing LocalStorage.json file for web storage persistence,2.0,Brug LocalStorage.json,LocalStorage.json verwenden,使用 LocalStorage.json,使用 LocalStorage.json
Use a high limit to commit all changed files.,detail for high commit file limit,2.0,Brug en høj grænse for at committe alle ændrede filer.,"Verwende ein hohes Limit, um alle geänderten Dateien zu committen.",使用较高的限制来提交所有更改的文件。,使用較高的限制來提交所有變更的檔案。
User,storyboard string for User,2.0,Bruger,Benutzer,用户,使用者
User is asked to pick file at callback time.,detail for deferred file picker,2.0,Brugeren bliver bedt om at vælge fil ved callback.,"Der Benutzer wird beim Callback aufgefordert, eine Datei auszuwählen.",用户在回调时被要求选择文件。,使用者在回呼時被要求選擇檔案。
User is asked to pick repository at callback time.,detail for deferred repository picker,2.0,Brugeren bliver bedt om at vælge repository ved callback.,"Der Benutzer wird beim Callback aufgefordert, ein Repository auszuwählen.",用户在回调时被要求选择仓库。,使用者在回呼時被要求選擇版本庫。
Username,storyboard string for Username,2.0,Brugernavn,Benutzername,用户名,使用者名稱
Username,storyboard string for Username,2.0,Brugernavn,Benutzername,用户名,使用者名稱
Users Guide,storyboard string for Users Guide,2.0,Brugervejledning,Benutzerhandbuch,用户指南,使用者指南
Users Guide,storyboard string for Users Guide,2.0,Brugervejledning,Benutzerhandbuch,用户指南,使用者指南
Using your ChatGPT Plus or Pro subscription.,status text explaining that the AI service uses the user's own ChatGPT subscription,2.0,Bruger dit ChatGPT Plus- eller Pro-abonnement.,Verwendet dein ChatGPT Plus- oder Pro-Abonnement.,使用你的 ChatGPT Plus 或 Pro 订阅。,使用你的 ChatGPT Plus 或 Pro 訂閱。
Verbose,toggle switch label to enable verbose logging,2.0,Detaljeret,Ausführlich,详细,詳細
Video,content mode title for video files,2.0,Video,Video,视频,影片
View,storyboard string for View,2.0,Vis,Anzeigen,查看,檢視
View,storyboard string for View,2.0,Vis,Anzeigen,查看,檢視
Visible Whitespace,free feature: showing spaces and tabs as visible characters,2.0,Synligt blanktegn,Sichtbare Leerzeichen,显示空白字符,顯示空白字元
Visit,storyboard string for Visit,2.0,Besøg,Besuchen,访问,造訪
Visit,storyboard string for Visit,2.0,Besøg,Besuchen,访问,造訪
Visit %@ Page,"link title to open repository in browser, %@ = hosting provider name",2.0,Besøg %@-side,%@-Seite besuchen,访问 %@ 页面,造訪 %@ 頁面
Visit Gist Page,link title to open a GitHub gist in the browser,2.0,Besøg Gist-side,Gist-Seite besuchen,访问 Gist 页面,造訪 Gist 頁面
Visit GitHub Page,storyboard string for Visit GitHub Page,2.0,Besøg GitHub-side,GitHub-Seite besuchen,访问 GitHub 页面,造訪 GitHub 頁面
Visit Glitch,link title to open the Glitch project in a browser,2.0,Besøg Glitch,Glitch besuchen,访问 Glitch,造訪 Glitch
Volume %lld%%,,2.0,Lydstyrke %lld%%,Lautstärke %lld%%,音量 %lld%%,音量 %lld%%
Welcome to Working Copy,,2.0,Velkommen til Working Copy,Willkommen bei Working Copy,欢迎使用 Working Copy,歡迎使用 Working Copy
What to Commit,,2.0,Hvad der skal committes,Was committet werden soll,提交内容,提交內容
When File Exists,,2.0,Når fil eksisterer,Wenn Datei existiert,当文件存在时,當檔案存在時
Wildcard matches all repositories.,detail for * wildcard repository choice in fetch/pull,2.0,Wildcard matcher alle repositories.,Wildcard passt auf alle Repositories.,通配符匹配所有仓库。,萬用字元會符合所有版本庫。
Without commit HEAD will be tagged.,detail explaining omitting commit targets the current HEAD,2.0,Uden commit vil HEAD blive tagget.,Ohne Commit wird HEAD getaggt.,不指定提交时将对 HEAD 打标签。,不指定提交時將對 HEAD 打標籤。
Without message a lightweight tag is created.,detail explaining omitting message creates a lightweight tag,2.0,Uden besked oprettes et lightweight tag.,Ohne Nachricht wird ein Lightweight-Tag erstellt.,不指定消息时将创建轻量标签。,不指定訊息時將建立輕量標籤。
Word Wrap,toggle to enable word wrap in the editor,2.0,Tekstombrydning,Zeilenumbruch,自动换行,自動換行
Work,,2.0,Arbejde,Arbeit,工作,工作
Working Copy,storyboard string for Working Copy,2.0,Working Copy,Working Copy,Working Copy,Working Copy
Working Copy Enterprise,app name for enterprise version,2.0,Working Copy Enterprise,Working Copy Enterprise,Working Copy Enterprise,Working Copy Enterprise
Working Copy Enterprise %d,"app name for enterprise version, arg: year",2.0,Working Copy Enterprise %d,Working Copy Enterprise %d,Working Copy Enterprise %d,Working Copy Enterprise %d
Working Copy Newsletter,storyboard string for Working Copy Newsletter,2.0,Working Copy-nyhedsbrev,Working Copy Newsletter,Working Copy 新闻通讯,Working Copy 電子報
Working Copy will create a repository of empty commits to color your activity graph without touching existing activity.,explanation of the GitHub activity graph coloring feature,2.0,Working Copy opretter et repository med tomme commits for at farvelægge din aktivitetsgraf uden at røre eksisterende aktivitet.,"Working Copy erstellt ein Repository mit leeren Commits, um deinen Aktivitätsgraphen einzufärben, ohne bestehende Aktivität zu verändern.",Working Copy 将创建一个包含空提交的仓库来为你的活动图着色，而不影响现有活动。,Working Copy 將建立一個包含空提交的版本庫來為你的活動圖著色，而不影響現有活動。
Wrap,toggle button to enable or disable word wrap in commit diff view,2.0,Ombryd,Umbruch,换行,換行
Wrap Lines,diff options toggle to wrap long lines in commit diff view,2.0,Ombryd linjer,Zeilen umbrechen,换行显示,換行顯示
Write ${content} to ${path} in ${repo},,2.0,Skriv ${content} til ${path} i ${repo},Schreibe ${content} nach ${path} in ${repo},将 ${content} 写入 ${repo} 中的 ${path},將 ${content} 寫入 ${repo} 中的 ${path}
Write Repository File,,2.0,Skriv repository-fil,Repository-Datei schreiben,写入仓库文件,寫入版本庫檔案
Write feedback,storyboard string for Write feedback,2.0,Skriv feedback,Feedback schreiben,撰写反馈,撰寫回饋
"Write file or directory to Path in repository. 
                                               
When Path points to an existing directory a file will be written inside the directory.

Writing fails when something already exists at the given location unless you configure 'When File Exists'.

Files you write are staged to be included in next Commit. Adjust options if you want to stage manually.",,2.0,"Skriv fil eller mappe til sti i repository. 
                                               
Når stien peger på en eksisterende mappe skrives en fil inde i mappen.

Skrivning mislykkes når noget allerede eksisterer på den givne placering medmindre du konfigurerer 'Når fil eksisterer'.

Filer du skriver bliver staged til at indgå i næste commit. Juster indstillinger hvis du vil stage manuelt.","Schreibe Datei oder Verzeichnis in den Pfad im Repository. 
                                               
Wenn der Pfad auf ein bestehendes Verzeichnis zeigt, wird eine Datei in das Verzeichnis geschrieben.

Das Schreiben schlägt fehl, wenn am angegebenen Ort bereits etwas existiert, es sei denn, du konfigurierst 'When File Exists'.

Dateien, die du schreibst, werden gestaged, um im nächsten Commit enthalten zu sein. Passe die Optionen an, wenn du manuell stagen möchtest.","将文件或目录写入仓库中的路径。 
                                               
当路径指向现有目录时，文件将写入该目录内。

如果指定位置已存在内容，写入将失败，除非你配置了“当文件存在时”。

你写入的文件会被暂存以包含在下次提交中。如果你想手动暂存，请调整选项。","將檔案或目錄寫入版本庫中的路徑。 
                                               
當路徑指向現有目錄時，檔案將寫入該目錄內。

如果指定位置已存在內容，寫入將失敗，除非你設定了「當檔案存在時」。

你寫入的檔案會被暫存以包含在下次提交中。如果你想手動暫存，請調整選項。"
Write regardless of status.,detail for overwrite write mode,2.0,Skriv uanset status.,Schreiben unabhängig vom Status.,无论状态如何都写入。,無論狀態如何都寫入。
Write text at the end of existing content.,detail for append write mode,2.0,Skriv tekst i slutningen af eksisterende indhold.,Schreibe Text ans Ende des bestehenden Inhalts.,在现有内容末尾写入文本。,在現有內容末尾寫入文字。
Write text before existing content.,detail for prepend write mode,2.0,Skriv tekst før eksisterende indhold.,Schreibe Text vor den bestehenden Inhalt.,在现有内容之前写入文本。,在現有內容之前寫入文字。
Xserve,Mac model name for Xserve hardware,2.0,Xserve,Xserve,Xserve,Xserve
Yes,choice to include unchanged files in status output,2.0,Ja,Ja,是,是
You are logged in as ...,storyboard string for You are logged in as ...,2.0,Du er logget ind som ...,Du bist angemeldet als ...,你已登录为…,你已登入為…
You can add custom %@ instances from the list of hosting providers.,"footer text for built-in providers, %@ is provider kind like GitHub or GitLab",2.0,Du kan tilføje brugerdefinerede %@-instanser fra listen over hostingudbydere.,Du kannst benutzerdefinierte %@-Instanzen aus der Liste der Hosting-Anbieter hinzufügen.,你可以从托管提供商列表中添加自定义 %@ 实例。,你可以從代管服務商清單新增自訂 %@ 實例。
"You need a personal access tokens to use instead of a password to authenticate. If you enable SSH you need to manually upload your public key.

Configure access tokens in your %@ security settings.",Configuration footer for Azure DevOps/TFS; %@ is the server hostname,2.0,"Du skal bruge et personligt adgangstoken i stedet for en adgangskode til godkendelse. Hvis du aktiverer SSH skal du manuelt uploade din offentlige nøgle.

Konfigurer adgangstokens i dine %@ sikkerhedsindstillinger.","Du benötigst ein persönliches Zugangstoken anstelle eines Passworts zur Authentifizierung. Wenn du SSH aktivierst, musst du deinen öffentlichen Schlüssel manuell hochladen.

Konfiguriere Zugangstokens in deinen %@ Sicherheitseinstellungen.","你需要使用个人访问令牌代替密码进行认证。如果你启用 SSH，则需要手动上传你的公钥。

请在你的 %@ 安全设置中配置访问令牌。","你需要使用個人存取權杖代替密碼進行認證。如果你啟用 SSH，則需要手動上傳你的公開金鑰。

請在你的 %@ 安全設定中設定存取權杖。"
"You need a personal access tokens to use instead of a password.

Configure access tokens in your %@ user settings.","configuration footer explaining token auth, %@ is hostname",2.0,"Du skal bruge et personligt adgangstoken i stedet for en adgangskode.

Konfigurer adgangstokens i dine %@ brugerindstillinger.","Du benötigst ein persönliches Zugangstoken anstelle eines Passworts.

Konfiguriere Zugangstokens in deinen %@ Benutzereinstellungen.","你需要使用个人访问令牌代替密码。

请在你的 %@ 用户设置中配置访问令牌。","你需要使用個人存取權杖代替密碼。

請在你的 %@ 使用者設定中設定存取權杖。"
"You need a personal access tokens to use instead of a username.

Configure access tokens in your %@ user settings.",Configuration footer for Gitea server; %@ is the server hostname,2.0,"Du skal bruge et personligt adgangstoken i stedet for et brugernavn.

Konfigurer adgangstokens i dine %@ brugerindstillinger.","Du benötigst ein persönliches Zugangstoken anstelle eines Benutzernamens.

Konfiguriere Zugangstokens in deinen %@ Benutzereinstellungen.","你需要使用个人访问令牌代替用户名。

请在你的 %@ 用户设置中配置访问令牌。","你需要使用個人存取權杖代替使用者名稱。

請在你的 %@ 使用者設定中設定存取權杖。"
You need to enable access to Contacts. Tap to enter %@ Settings.,message shown when Contacts access is denied; %@ is the device type (iPhone/iPad),2.0,Du skal aktivere adgang til Kontakter. Tryk for at åbne %@ Indstillinger.,"Du musst den Zugriff auf Kontakte aktivieren. Tippe, um die %@ Einstellungen zu öffnen.",你需要启用通讯录访问权限。轻触以进入 %@ 设置。,你需要啟用通訊錄存取權限。點一下以進入 %@ 設定。
You need your own API key from ,,2.0,Du skal bruge din egen API-nøgle fra ,Du benötigst deinen eigenen API-Schlüssel von ,你需要自己的 API 密钥，来源：,你需要自己的 API 金鑰，來源：
"Your existing pro update period will be added to this, such that you do not loose anything.",reassurance that existing pro period is preserved during migration,2.0,"Din eksisterende pro-opdateringsperiode lægges til denne, så du ikke mister noget.","Dein bestehender Pro-Aktualisierungszeitraum wird hinzugerechnet, sodass du nichts verlierst.",你现有的 Pro 更新期限将被累加到其中，因此你不会损失任何权益。,你現有的 Pro 更新期限將被累加到其中，因此你不會損失任何權益。
added,file status label for newly added files,2.0,tilføjet,hinzugefügt,已添加,已新增
allow fast-forward,toggle button label when fast-forward merges are enabled,2.0,tillad fast-forward,Fast-Forward erlauben,允许快进,允許快轉
any,,2.0,enhver,beliebig,任意,任意
appcenter,short log kind identifier for App Center CI,2.0,appcenter,appcenter,appcenter,appcenter
base,storyboard string for base,2.0,base,base,base,base
beautiful monospace font by Raph Levien,storyboard string for beautiful monospace font by Raph Levien,2.0,smuk monospace-skrift af Raph Levien,schöne Monospace-Schrift von Raph Levien,Raph Levien 设计的精美等宽字体,Raph Levien 設計的精美等寬字型
binary,file type label for binary files in diff view,2.0,binær,binär,二进制,二進位
binary ,file type label for binary files in changed files list,2.0,binær ,binär ,二进制 ,二進位
bitrise,short log kind identifier for Bitrise CI,2.0,bitrise,bitrise,bitrise,bitrise
branch,noun used in 'Shown branch at callback time' for merge,2.0,branch,Branch,分支,分支
branch,storyboard string for branch,2.0,branch,Branch,分支,分支
buddy,short log kind identifier for Buddy Build CI,2.0,buddy,buddy,buddy,buddy
change to %@,"single change to a file, %@ is filename",2.0,ændring til %@,Änderung an %@,对 %@ 的更改,對 %@ 的變更
changed type,"file status label indicating the file type changed, e.g. file to symlink",2.0,ændret type,Typ geändert,类型已更改,型別已變更
changes to %@,"multiple changes to a single file, %@ is filename",2.0,ændringer til %@,Änderungen an %@,对 %@ 的更改,對 %@ 的變更
changes to %@ and %@,"changes to exactly two files, both %@ are filenames",2.0,ændringer til %@ og %@,Änderungen an %@ und %@,对 %@ 和 %@ 的更改,對 %@ 和 %@ 的變更
changes to %@ and %ld other files,"changes to many files, %@ is the most changed filename, %ld is count of remaining files",2.0,ændringer til %@ og %ld andre filer,Änderungen an %@ und %ld weiteren Dateien,对 %@ 和其他 %ld 个文件的更改,對 %@ 和其他 %ld 個檔案的變更
circleci,short log kind identifier for Circle CI,2.0,circleci,circleci,circleci,circleci
clipboard,Default filename,2.0,udklipsholder,Zwischenablage,剪贴板,剪貼簿
clone,short log kind identifier for git clone,2.0,clone,Clone,克隆,拓製
coding font by Paul D. Hunt,storyboard string for coding font by Paul D. Hunt,2.0,programmeringsfont af Paul D. Hunt,Programmier-Schrift von Paul D. Hunt,Paul D. Hunt 设计的编程字体,Paul D. Hunt 設計的程式設計字型
color(display-p3,,2.0,color(display-p3,color(display-p3,color(display-p3,color(display-p3
comment,storyboard string for comment,2.0,kommentar,Kommentar,备注,備註
commit made by %@ %@,"describes a single commit, first %@ is author name, second %@ is date",2.0,commit lavet af %@ %@,Commit erstellt von %@ %@,%@ 于 %@ 创建的提交,%@ 於 %@ 建立的提交
commit signing,storyboard string for commit signing,2.0,commit-signering,Commit-Signierung,提交签名,提交簽名
console,source label shown for entries evaluated from the console input field,2.0,konsol,Konsole,控制台,控制台
current,file status label indicating the file matches the committed version,2.0,aktuel,aktuell,当前,目前
date,storyboard string for date,2.0,dato,Datum,日期,日期
deleted,file status label for removed files,2.0,slettet,gelöscht,已删除,已刪除
detailed information,storyboard string for detailed information,2.0,detaljerede oplysninger,detaillierte Informationen,详细信息,詳細資訊
docker,short log kind identifier for Docker operation,2.0,docker,docker,docker,docker
earlier,diff header label for the earlier commit in split commit mode,2.0,tidligere,früher,较早,較早
empty,shown in callback URL for disabled parameters with no value,2.0,tom,leer,空,空
empty directory,content description for a directory with no files,2.0,tom mappe,leeres Verzeichnis,空目录,空目錄
enter tag name,storyboard string for enter tag name,2.0,indtast tag-navn,Tag-Name eingeben,输入标签名称,輸入標籤名稱
fast-forward,merge analysis status: fast-forward merge is possible,2.0,fast-forward,fast-forward,快进,快轉
fetch,short log kind identifier for git fetch,2.0,fetch,fetch,获取,抓取
force pushing,operation description when force push is enabled,2.0,force pushing,Force Pushing,强制推送,強制推送
from %@ to %@,"date range for commits, both %@ are formatted dates",2.0,fra %@ til %@,von %@ nach %@,从 %@ 到 %@,從 %@ 到 %@
git,storyboard string for git,2.0,git,git,git,git
"git, http, https and ssh supported","storyboard string for git, http, https and ssh supported",2.0,"git, http, https og ssh understøttet","git, http, https und ssh unterstützt",支持 git、http、https 和 ssh,支援 git、http、https 和 ssh
"git, http, https and ssh supported","storyboard string for git, http, https and ssh supported",2.0,"git, http, https og ssh understøttet","git, http, https und ssh unterstützt",支持 git、http、https 和 ssh,支援 git、http、https 和 ssh
gitee,display name for Gitee hosting provider,2.0,gitee,gitee,gitee,gitee
github-actions,short log kind identifier for GitHub Actions CI,2.0,github-actions,github-actions,github-actions,github-actions
hash,storyboard string for hash,2.0,hash,Hash,哈希,雜湊
head,storyboard string for head,2.0,HEAD,HEAD,HEAD,HEAD
highlight.js,storyboard string for highlight.js,2.0,highlight.js,highlight.js,highlight.js,highlight.js
hosting,short log kind identifier for hosting provider API,2.0,hosting,Hosting,托管,託管
hostname or IP address,,2.0,hostname eller IP-adresse,Hostname oder IP-Adresse,主机名或 IP 地址,主機名稱或 IP 位址
http,storyboard string for http,2.0,http,http,http,http
http://ollama.local:11434/api/chat,,2.0,http://ollama.local:11434/api/chat,http://ollama.local:11434/api/chat,http://ollama.local:11434/api/chat,http://ollama.local:11434/api/chat
https,storyboard string for https,2.0,https,https,https,https
https,storyboard string for https,2.0,https,https,https,https
https://servername.net,storyboard string for https://servername.net,2.0,https://servername.net,https://servername.net,https://servername.net,https://servername.net
iMac,Mac model name for iMac hardware,2.0,iMac,iMac,iMac,iMac
iMac Pro,Mac model name for iMac Pro hardware,2.0,iMac Pro,iMac Pro,iMac Pro,iMac Pro
iOS,operating system name for iPhone,2.0,iOS,iOS,iOS,iOS
iPadOS,operating system name for iPad,2.0,iPadOS,iPadOS,iPadOS,iPadOS
image,file type label for image files in diff view,2.0,billede,Bild,图片,圖片
image ,file type label for image files in changed files list,2.0,billede ,Bild ,图片 ,圖片 
import,short log kind identifier for imported log,2.0,importer,importieren,导入,匯入
in %@ file,Source description for cookie import; %@ is the filename,2.0,i %@ fil,in %@ Datei,在 %@ 文件中,在 %@ 檔案中
incremental syntax highlighting,storyboard string for incremental syntax highlighting,2.0,inkrementel syntaksfremhævning,inkrementelle Syntaxhervorhebung,增量语法高亮,增量式語法突顯
jenkins,short log kind identifier for Jenkins CI,2.0,jenkins,jenkins,jenkins,jenkins
kdhkdsufhsdk,storyboard string for kdhkdsufhsdk,2.0,kdhkdsufhsdk,kdhkdsufhsdk,kdhkdsufhsdk,kdhkdsufhsdk
later,diff header label for the later commit in split commit mode,2.0,senere,später,较晚,較晚
leave empty for default,storyboard string for leave empty for default,2.0,lad stå tom for standard,leer lassen für Standard,留空使用默认值,留空使用預設值
libgit2,storyboard string for libgit2,2.0,libgit2,libgit2,libgit2,libgit2
libssh2,storyboard string for libssh2,2.0,libssh2,libssh2,libssh2,libssh2
line,singular line count label in diff summary,2.0,linje,Zeile,行,行
line ,prefix before line number in search results,2.0,linje ,Zeile ,行 ,行 
line %ld,"line number label in search results, arg: line number",2.0,linje %ld,Zeile %ld,第 %ld 行,第 %ld 行
"line %ld, column %ld",annotation position showing line and column numbers,2.0,"linje %ld, kolonne %ld","Zeile %ld, Spalte %ld",第 %ld 行，第 %ld 列,第 %ld 行，第 %ld 列
lines,plural line count label in diff summary,2.0,linjer,Zeilen,行,行
link,short log kind identifier for repository linking,2.0,link,Link,链接,連結
linux,storyboard string for linux,2.0,linux,linux,linux,linux
linux,storyboard string for linux,2.0,linux,linux,linux,linux
master,storyboard string for master,2.0,master,master,master,master
master,storyboard string for master,2.0,master,master,master,master
merge,merge analysis status: normal merge is possible,2.0,merge,Merge,合并,合併
message,placeholder text in stash message input field,2.0,besked,Nachricht,消息,訊息
message summary,storyboard string for message summary,2.0,beskedoversigt,Zusammenfassung,消息摘要,訊息摘要
modified/renamed ,file status label for modified and renamed file,2.0,ændret/omdøbt ,geändert/umbenannt ,已修改/已重命名 ,已修改/已重新命名 
monospace font with high Unicode coverage,storyboard string for monospace font with high Unicode coverage,2.0,monospace-skrift med høj Unicode-dækning,Monospace-Schrift mit hoher Unicode-Abdeckung,高 Unicode 覆盖率的等宽字体,高 Unicode 覆蓋率的等寬字型
monospace font with programming ligatures,storyboard string for monospace font with programming ligatures,2.0,monospace-font med programmerings-ligaturer,Monospace-Schrift mit Programmier-Ligaturen,带编程连字的等宽字体,帶程式設計連字的等寬字型
new repository name,storyboard string for new repository name,2.0,nyt repository-navn,neuer Repository-Name,新仓库名称,新版本庫名稱
no fast-forward,toggle button label when fast-forward merges are disabled,2.0,ingen fast-forward,kein fast-forward,禁止快进,禁止快轉
no fast-forward,storyboard string for no fast-forward,2.0,no fast-forward,no fast-forward,禁止快进,禁止快轉
none,,2.0,ingen,keine,无,無
not needed,merge analysis status: branch is already up to date,2.0,ikke nødvendigt,nicht benötigt,不需要,不需要
not possible,pull request analysis: operation is not allowed,2.0,ikke muligt,nicht möglich,不可行,不可行
nothing,transfer size text when zero bytes transferred,2.0,intet,nichts,无内容,無內容
o=user.gmail.com=1/dhjfygkhfkuukhfkhdfhkdffh,storyboard string for o=user.gmail.com=1/dhjfygkhfkuukhfkhdfhkdffh,2.0,o=user.gmail.com=1/dhjfygkhfkuukhfkhdfhkdffh,o=user.gmail.com=1/dhjfygkhfkuukhfkhdfhkdffh,o=user.gmail.com=1/dhjfygkhfkuukhfkhdfhkdffh,o=user.gmail.com=1/dhjfygkhfkuukhfkhdfhkdffh
on All Branches,menu option to show commits from all branches,2.0,på alle branches,auf allen Branches,在所有分支上,在所有分支上
on HEAD,menu option to show commits only on current HEAD branch,2.0,på HEAD,auf HEAD,在 HEAD 上,在 HEAD 上
on clipboard,Source description when importing cookies from clipboard,2.0,på udklipsholder,in der Zwischenablage,在剪贴板中,在剪貼簿中
open pull request,pull request analysis: suggest opening a pull request,2.0,åben pull request,offener Pull Request,创建拉取请求,建立 Pull Request
origin:master,storyboard string for origin:master,2.0,origin:master,origin:master,origin:master,origin:master
paid download,label for a recent paid download of the app,2.0,betalt download,bezahlter Download,付费下载,付費下載
part of name or url,storyboard string for part of name or url,2.0,del af navn eller url,Teil des Namens oder der URL,名称或 URL 的部分内容,名稱或 URL 的部分內容
partial,,2.0,delvis,teilweise,部分,部分
pick directory containing submodule,placeholder for directory text field when editing,2.0,vælg mappe der indeholder submodule,Verzeichnis mit Submodule wählen,选择包含子模组的目录,選擇包含子模組的目錄
plain text,content mode label for plain text files,2.0,ren tekst,Klartext,纯文本,純文字
pull,short log kind identifier for git pull,2.0,pull,Pull,拉取,拉取
pull request title,storyboard string for pull request title,2.0,pull request-titel,Pull-Request-Titel,Pull Request 标题,Pull Request 標題
push,short log kind identifier for git push,2.0,push,Push,推送,推送
pushing,operation description for normal push,2.0,pushing,Pushing,正在推送,正在推送
recently performed actions,storyboard string for recently performed actions,2.0,senest udførte handlinger,zuletzt durchgeführte Aktionen,最近执行的操作,最近執行的操作
renamed,file status label indicating the file was moved or renamed,2.0,omdøbt,umbenannt,已重命名,已重新命名
renamed ,file status label for renamed file,2.0,omdøbt ,umbenannt ,已重命名 ,已重新命名 
renders AsciiDoc preview,storyboard string for renders AsciiDoc preview,2.0,renderer AsciiDoc-forhåndsvisning,rendert AsciiDoc-Vorschau,渲染 AsciiDoc 预览,渲染 AsciiDoc 預覽
renders markdown,storyboard string for renders markdown,2.0,renderer Markdown,rendert Markdown,渲染 Markdown,渲染 Markdown
security settings,"Linkable text in Azure DevOps configuration footer, links to token settings page",2.0,sikkerhedsindstillinger,Sicherheitseinstellungen,安全设置,安全設定
shellfish-droplet,default name for a new Digital Ocean droplet,2.0,shellfish-droplet,shellfish-droplet,shellfish-droplet,shellfish-droplet
source.developers.google.com,storyboard string for source.developers.google.com,2.0,source.developers.google.com,source.developers.google.com,source.developers.google.com,source.developers.google.com
ssh,short log kind identifier for SSH connection,2.0,ssh,ssh,ssh,ssh
ssh,storyboard string for ssh,2.0,ssh,ssh,ssh,ssh
ssh,storyboard string for ssh,2.0,ssh,ssh,ssh,ssh
ssh-rsa 2048 06:3e:9a:bc:e0:cb:93:7b:21:31:88:b1:97:aa:cf,storyboard string for ssh-rsa 2048 06:3e:9a:bc:e0:cb:93:7b:21:31:88:b1:97:aa:cf,2.0,ssh-rsa 2048 06:3e:9a:bc:e0:cb:93:7b:21:31:88:b1:97:aa:cf,ssh-rsa 2048 06:3e:9a:bc:e0:cb:93:7b:21:31:88:b1:97:aa:cf,ssh-rsa 2048 06:3e:9a:bc:e0:cb:93:7b:21:31:88:b1:97:aa:cf,ssh-rsa 2048 06:3e:9a:bc:e0:cb:93:7b:21:31:88:b1:97:aa:cf
staged,,2.0,staged,staged,已暂存,已暫存
stunning lib used for Git manipulation,storyboard string for stunning lib used for Git manipulation,2.0,fantastisk bibliotek til Git-manipulation,hervorragende Bibliothek für Git-Operationen,用于 Git 操作的出色库,用於 Git 操作的出色庫
symlink,file type label for symbolic links in SSH file listing,2.0,symlink,Symlink,符号链接,符號連結
symlink ,file type label for symbolic links in changed files list,2.0,symlink ,Symlink ,符号链接 ,符號連結 
syntax highlighting,storyboard string for syntax highlighting,2.0,syntaksfremhævning,Syntaxhervorhebung,语法高亮,語法突顯
tag,storyboard string for tag,2.0,tag,Tag,标签,標籤
tap to edit,storyboard string for tap to edit,2.0,tryk for at redigere,tippen zum Bearbeiten,轻触以编辑,點一下以編輯
tap to learn more,status text shown for the welcome repository,2.0,tryk for at lære mere,"tippe, um mehr zu erfahren",轻触以了解更多,點一下以瞭解更多
tap to set,storyboard string for tap to set,2.0,tryk for at indstille,tippen zum Festlegen,轻触以设置,點一下以設定
tap to set,storyboard string for tap to set,2.0,tryk for at indstille,tippen zum Festlegen,轻触以设置,點一下以設定
tap to set,storyboard string for tap to set,2.0,tryk for at indstille,tippen zum Festlegen,轻触以设置,點一下以設定
text,content type label for text files in editor jump list,2.0,tekst,Text,文本,文字
total,,2.0,total,gesamt,总计,總計
travis,short log kind identifier for Travis CI,2.0,travis,travis,travis,travis
unborn HEAD,branch detail: HEAD points to a branch with no commits yet,2.0,unborn HEAD,unborn HEAD,未诞生的 HEAD,未誕生的 HEAD
upstream:master,storyboard string for upstream:master,2.0,upstream:master,upstream:master,upstream:master,upstream:master
used to work with zip files,storyboard string for used to work with zip files,2.0,bruges til at arbejde med zip-filer,zum Arbeiten mit Zip-Dateien,用于处理 zip 文件,用於處理 zip 檔案
user settings,linkable substring within the access token configuration footer,2.0,brugerindstillinger,Benutzereinstellungen,用户设置,使用者設定
x-callback-url,section header for URL callback settings,2.0,x-callback-url,x-callback-url,x-callback-url,x-callback-url
you,refers to the current user when describing who made commits,2.0,dig,du,你,你
⌁,symbol representing detached HEAD state in branch list,2.0,⌁,⌁,⌁,⌁
✗,label shown on compact switch when in off state,2.0,✗,✗,✗,✗
🔐 Export Private Key,storyboard string for 🔐 Export Private Key,2.0,🔐 Eksporter privat nøgle,🔐 Privaten Schlüssel exportieren,🔐 导出私钥,🔐 匯出私鑰
🔓 Export Public Key,storyboard string for 🔓 Export Public Key,2.0,🔓 Eksporter offentlig nøgle,🔓 Öffentlichen Schlüssel exportieren,🔓 导出公钥,🔓 匯出公開金鑰
😌,emoji shown when migration transfer completes successfully,2.0,😌,😌,😌,😌
Tap + to configure a commit identity.,section header hint when identity list is empty in repo configuration,1.9,Tryk + for at konfigurere en commit-identitet.,"Tippe auf +, um eine Commit-Identität zu konfigurieren.",轻触 + 来配置提交身份。,點一下 + 來設定提交身分。
Clone Repository,callback title: download a full copy of a remote repository,1.8,Clone repository,Clone Repository,克隆仓库,拓製版本庫
Copy URL,context menu action to copy remote URL to clipboard,1.8,Kopiér URL,URL kopieren,复制 URL,複製 URL
Left side,accessibility label for the left-side avatar in merge conflict view,1.8,Venstre side,Linke Seite,左侧,左側
Merge with %@,"accessibility label for merge button, arg: remote name",1.8,Merge med %@,Merge mit %@,与 %@ 合并,與 %@ 合併
Pull repository,callback title: download and integrate remote changes,1.8,Pull repository,Pull Repository,拉取仓库,拉取版本庫
Push repository,callback title: upload local changes to the remote server,1.8,Push repository,Push Repository,推送仓库,推送版本庫
Remote Avatars,menu title for avatar settings,1.8,Remote-avatarer,Remote-Avatare,远程头像,遠端頭像
Remote Pull Default,menu title for pull strategy selection,1.8,Standard for remote pull,Standard für Remote-Pull,远程拉取默认方式,遠端拉取預設方式
Right side,accessibility label for the right-side avatar in merge conflict view,1.8,Højre side,Rechte Seite,右侧,右側
Show at %@,"context menu action to open remote in browser, %@ is hosting provider name",1.8,Vis ved %@,Anzeigen bei %@,在 %@ 上查看,在 %@ 上檢視
file you choose,"placeholder when user will pick a file later, used in activity title",1.7,fil du vælger,"Datei, die du wählst",你选择的文件,你選擇的檔案
"

Enable 'Allow Existing' to continue without error.",appended to Shortcuts create-branch error when branch already exists,1.6,"

Aktivér 'Allow Existing' for at fortsætte uden fejl.","

Aktiviere 'Allow Existing', um ohne Fehler fortzufahren.","

启用“Allow Existing”以继续而不报错。","

啟用「Allow Existing」以繼續而不顯示錯誤。"
"

Tap to learn more.",appended to host key mismatch error to indicate interactive action,1.6,"

Tryk for at læse mere.","

Tippe, um mehr zu erfahren.","

轻触了解更多。","

點一下瞭解更多。"
"

Tap to use '%@' as branch name.","appended to error message suggesting branch name correction, %@ is the reference name",1.6,"

Tryk for at bruge '%@' som branch-navn.","

Tippe, um '%@' als Branch-Name zu verwenden.","

轻触以使用“%@”作为分支名称。","

點一下以使用「%@」作為分支名稱。"
 Consider commiting changes.,appended to revert warning when there are uncommitted changes,1.6, Overvej at committe ændringer.," Erwäge, die Änderungen zu committen.", 建议先提交更改。, 建議先提交變更。
 Tap to Resolve.,appended to merge status message when there are conflicts to resolve,1.6, Tryk for at resolve., Tippe zum Resolven., 轻触以解决。, 點一下以解決。
 Tap to configure.,appended to error about missing repository signature,1.6, Tryk for at konfigurere., Tippe zum Konfigurieren., 轻触以配置。, 點一下以設定。
 Tap to show in the App Store.,appended to error when app is not installed,1.6, Tryk for at vise i App Store.," Tippe, um im App Store anzuzeigen.", 轻触在 App Store 中查看。, 點一下在 App Store 中檢視。
 and ,conjunction joining the last two items in a sync result sentence,1.6, og , und , 和 , 和 
%@ %@ on %@.,"fetch/pull result, args: 'Fetched'/'Pulled', change description, branch name",1.6,%@ %@ på %@.,%@ %@ auf %@.,%@ %@，在 %@ 上。,%@ %@，在 %@ 上。
%@ %ld new branches.,"fetch/pull result, args: 'Fetched'/'Pulled', number of branches",1.6,%@ %ld nye branches.,%@ %ld neue Branches.,%@ %ld 个新分支。,%@ %ld 個新分支。
%@ cancelled,"message when an action is cancelled, %@ is the action name",1.6,%@ annulleret,%@ abgebrochen,%@ 已取消,%@ 已取消
%@ clock is ahead by %@,"log message about server clock difference, first %@ is hostname, second %@ is formatted time duration",1.6,%@ ur er foran med %@,%@ Uhr geht %@ vor,%@ 时钟快了 %@,%@ 時鐘快了 %@
%@ clock is behind by %@,"log message about server clock difference, first %@ is hostname, second %@ is formatted time duration",1.6,%@ ur er bagud med %@,%@ Uhr geht %@ nach,%@ 时钟慢了 %@,%@ 時鐘慢了 %@
%@ does not only contain repositories and will not be collapsed.,Error when folder contains non-repository items; %@ is folder name,1.6,%@ indeholder ikke kun repositories og vil ikke blive skjult.,%@ enthält nicht nur Repositories und wird nicht zugeklappt.,%@ 不仅包含仓库，因此不会被折叠。,%@ 不僅包含版本庫，因此不會被摺疊。
%@ does not support opening issue links.,"error message, %@ is the hosting provider name",1.6,%@ understøtter ikke åbning af issue-links.,%@ unterstützt das Öffnen von Issue-Links nicht.,%@ 不支持打开议题链接。,%@ 不支援開啟議題連結。
%@ ends up as version with thick border. Tap to pick.,"instruction for resolving binary file conflict, arg: filename",1.6,%@ ender som version med tyk kant. Tryk for at vælge.,%@ wird die Version mit dickem Rand. Tippe zum Auswählen.,%@ 将成为带粗边框的版本。轻触以选择。,%@ 將成為帶粗邊框的版本。點一下以選擇。
%@ ends up including centered blocks while blocks outside screen are excluded. Blocks at the edges are pending your decision.,"instruction for resolving text conflict, arg: filename",1.6,"%@ inkluderer centrerede blokke, mens blokke uden for skærmen udelades. Blokke ved kanterne afventer din beslutning.","%@ übernimmt zentrierte Blöcke, während Blöcke außerhalb des Bildschirms ausgeschlossen werden. Blöcke am Rand warten auf deine Entscheidung.",%@ 将包含居中的块，而屏幕外的块将被排除。边缘处的块等待你决定。,%@ 將包含居中的塊，而螢幕外的塊將被排除。邊緣處的塊等待你決定。
%@ exists and has uncomitted changes.,"alert message when importing into an existing repository with uncommitted changes, %@ is the repository name",1.6,%@ findes og har ikke-committede ændringer.,%@ existiert und hat nicht-committete Änderungen.,%@ 已存在且有未提交的更改。,%@ 已存在且有未提交的變更。
%@ is being writen without file coordination going from %ld to %ld bytes. This looks dangerous and will be refused while file coordination is broken.,"error when a write without file coordination causes significant data loss, args: filename, original size, new size",1.6,"%@ skrives uden filkoordinering fra %ld til %ld bytes. Dette ser farligt ud og vil blive afvist, mens filkoordinering er brudt.","%@ wird ohne Dateikoordination geschrieben, von %ld auf %ld Bytes. Das sieht gefährlich aus und wird abgelehnt, solange die Dateikoordination gestört ist.",%@ 正在未经文件协调的情况下被写入，从 %ld 字节变为 %ld 字节。这看起来很危险，在文件协调失效期间将被拒绝。,%@ 正在未經檔案協調的情況下被寫入，從 %ld 位元組變為 %ld 位元組。這看起來很危險，在檔案協調失效期間將被拒絕。
%@ is not installed on your %@. Tap to show in the App Store.,"message when integrated app is missing, args: app name, device type",1.6,%@ er ikke installeret på din %@. Tryk for at vise i App Store.,"%@ ist nicht auf deinem %@ installiert. Tippe, um im App Store anzuzeigen.",%@ 未安装在你的 %@ 上。轻触以在 App Store 中查看。,%@ 未安裝在你的 %@ 上。點一下以在 App Store 中檢視。
"%@ needs to be RSA, ECDSA or Ed25519 Private key in PEM or OpenSSH format.","error when private key format is not recognized, arg: import source name",1.6,"%@ skal være en RSA-, ECDSA- eller Ed25519-privatnøgle i PEM- eller OpenSSH-format.","%@ muss ein RSA-, ECDSA- oder Ed25519-Privatschlüssel im PEM- oder OpenSSH-Format sein.",%@ 需要是 PEM 或 OpenSSH 格式的 RSA、ECDSA 或 Ed25519 私钥。,%@ 需要是 PEM 或 OpenSSH 格式的 RSA、ECDSA 或 Ed25519 私鑰。
%@ new %@ branch.,"fetch/pull result, args: 'Fetched'/'Pulled', branch name",1.6,%@ ny %@ branch.,%@ neuer %@ Branch.,%@新的 %@ 分支。,%@新的 %@ 分支。
%@ newer,"relative time comparison, arg: time duration like '2 hours'",1.6,%@ nyere,%@ neuer,%@ 更新,%@ 更新
%@ older,"relative time comparison, arg: time duration like '2 hours'",1.6,%@ ældre,%@ älter,%@ 更旧,%@ 更舊
%@ on %@ is synced to %@.,"sync mode explanation, %1$@ is directory name, %2$@ is device name, %3$@ is server hostname",1.6,%@ på %@ er synkroniseret til %@.,%@ auf %@ ist mit %@ synchronisiert.,%@ 在 %@ 上已同步到 %@。,%@ 在 %@ 上已同步到 %@。
%@ requires %d numbers: %@,"SVG path parsing error: args are instruction name, required count, and context string",1.6,%@ kræver %d tal: %@,%@ erfordert %d Zahlen: %@,%@ 需要 %d 个数字：%@,%@ 需要 %d 個數字：%@
%@ to %@,"push result clause adding target, %1$@ is 'transmitted X' clause, %2$@ is branch name",1.6,%@ til %@,%@ nach %@,%@ 到 %@,%@ 到 %@
%@ updated %@.,"fetch/pull result, args: 'Fetch'/'Pull', branch name",1.6,%@ opdaterede %@.,%@ hat %@ aktualisiert.,%@更新了 %@。,%@更新了 %@。
%@ updated %ld and created %ld new branches.,"fetch result with both updates and creations, %1$@ is 'Fetch'/'Pull', %2$ld is updated count, %3$ld is created count",1.6,%@ opdaterede %ld og oprettede %ld nye branches.,%@ hat %ld aktualisiert und %ld neue Branches erstellt.,%@更新了 %ld 个并创建了 %ld 个新分支。,%@更新了 %ld 個並建立了 %ld 個新分支。
%@ updated %ld branches.,"fetch/pull result, args: 'Fetch'/'Pull', number of branches",1.6,%@ opdaterede %ld branches.,%@ hat %ld Branches aktualisiert.,%@更新了 %ld 个分支。,%@更新了 %ld 個分支。
%@ will be removed for everyone and %@ not merged to '%@' will be lost.,"warning for deleting remote branch with 1 unmerged commit, first %@ is branch name, second %@ is commit description, third %@ is closest branch",1.6,"%@ vil blive fjernet for alle, og %@ ikke merged til '%@' vil gå tabt.","%@ wird für alle entfernt, und %@, die nicht zu '%@' gemergt wurden, gehen verloren.",%1$@ 将从远程移除，所有人都会受影响；未合并到“%3$@”的 %2$@ 将丢失。,%1$@ 將從遠端移除，所有人都會受影響；未合併到「%3$@」的 %2$@ 將遺失。
%@ will be removed for everyone and all commits will be lost.,"warning when deleting remote branch not merged anywhere, %@ is branch name",1.6,"%@ vil blive fjernet for alle, og alle commits vil gå tabt.","%@ wird für alle entfernt, und alle Commits gehen verloren.",%@ 将从远程移除，所有人都会受影响；所有提交都将丢失。,%@ 將從遠端移除，所有人都會受影響；所有提交都將遺失。
%@ would be removed for everyone and %@ not merged to '%@' would be lost.,"conditional warning for deleting remote branch with 1 unmerged commit, first %@ is branch name, second %@ is commit description, third %@ is closest branch",1.6,"%@ ville blive fjernet for alle, og %@ ikke merged til '%@' ville gå tabt.","%@ würde für alle entfernt, und %@, die nicht zu '%@' gemergt wurden, würden verloren gehen.",如果删除，%1$@ 会从远程移除，所有人都会受影响；未合并到“%3$@”的 %2$@ 会丢失。,若刪除，%1$@ 會從遠端移除，所有人都會受影響；未合併到「%3$@」的 %2$@ 會遺失。
%@ would be removed for everyone and all commits lost.,"conditional warning when deleting disjoint remote branch, %@ is branch name",1.6,"%@ ville blive fjernet for alle, og alle commits ville gå tabt.","%@ würde für alle entfernt, und alle Commits würden verloren gehen.",如果删除，%@ 会从远程移除，所有人都会受影响；所有提交都会丢失。,若刪除，%@ 會從遠端移除，所有人都會受影響；所有提交都會遺失。
%@got hash %@,"commit result clause, %1$@ is branch context (e.g. 'on main '), %2$@ is short commit hash",1.6,%@fik hash %@,%@hat Hash %@,%@得到哈希 %@,%@得到雜湊 %@
%d cloned,"submodule summary: count of cloned submodules, arg: count",1.6,%d clonede,%d geklont,%d 个已克隆,%d 個已拓製
"%d deltas indexed
","transfer progress message, %d is number of deltas processed during fetch",1.6,"%d deltas indekseret
","%d Deltas indiziert
","%d 个增量已索引
","%d 個增量已索引
"
%d pattern read from %@,"singular: one ignore pattern read from .sshignore file, %d is count, %@ is filename",1.6,%d mønster læst fra %@,%d Muster gelesen von %@,从 %@ 读取了 %d 个模式,從 %@ 讀取了 %d 個模式
%d patterns read from %@,"number of ignore patterns read from .sshignore file, %d is count, %@ is filename",1.6,%d mønstre læst fra %@,%d Muster gelesen von %@,从 %@ 读取了 %d 个模式,從 %@ 讀取了 %d 個模式
%d repositories will be using default Identity.,"warning when deleting identity, %d is number of affected repositories",1.6,%d repositories vil bruge standard-identitet.,%d Repositories werden die Standard-Identität verwenden.,%d 个仓库将使用默认身份。,%d 個版本庫將使用預設身分。
%d repositories will be without Identity.,"warning when deleting identity, %d is number of repositories left without any identity",1.6,%d repositories vil være uden identitet.,%d Repositories werden ohne Identität sein.,%d 个仓库将没有身份。,%d 個版本庫將沒有身分。
%d uncloned,"submodule summary: count of submodules not yet cloned, arg: count",1.6,%d ikke-clonede,%d nicht geklont,%d 个未克隆,%d 個未拓製
%d uncommitted changes will be available on the new branch.,"alert message when creating branch with uncommitted changes, arg: number of changes",1.6,%d ikke-committede ændringer vil være tilgængelige på den nye branch.,%d nicht-committete Änderungen werden auf dem neuen Branch verfügbar sein.,%d 个未提交的更改将在新分支上可用。,%d 個未提交的變更將在新分支上可用。
%d/%d cloned,"submodule summary: cloned out of total, args: cloned count, total count",1.6,%d/%d clonet,%d/%d geklont,%d/%d 已克隆,%d/%d 已拓製
%ld ahead,"rebase analysis: number of commits ahead, arg: commit count",1.6,%ld foran,%ld voraus,领先 %ld,領先 %ld
%ld files on server are updated,"upload consequence in help text, passive voice; %ld is number of files",1.6,%ld filer på serveren er opdateret,%ld Dateien auf dem Server werden aktualisiert,服务器上的 %ld 个文件会被更新,伺服器上的 %ld 個檔案會被更新
(commit missing from repository),placeholder when a referenced commit is not found in the repository,1.6,(commit mangler fra repository),(Commit fehlt im Repository),（提交在仓库中缺失）,（提交在版本庫中缺少）
", ",separator between items in a list of upload consequences,1.6,", ",", ",", ",", "
.git location,settings label for choosing where .git directory is stored,1.6,.git-placering,.git-Speicherort,.git 位置,.git 位置
1 cloned,submodule summary: single submodule that is cloned,1.6,1 clonet,1 geklont,1 个已克隆,1 個已拓製
1 repository will be using default Identity.,warning when deleting identity that is used by one repository,1.6,1 repository vil bruge standard-identitet.,1 Repository wird die Standard-Identität verwenden.,1 个仓库将使用默认身份。,1 個版本庫將使用預設身分。
1 repository will be without Identity.,warning when deleting the only identity used by one repository,1.6,1 repository vil være uden identitet.,1 Repository wird ohne Identität sein.,1 个仓库将没有身份。,1 個版本庫將沒有身分。
1 uncloned,submodule summary: single submodule not yet cloned,1.6,1 ikke-clonet,1 nicht geklont,1 个未克隆,1 個未拓製
1 uncommitted change will be available on the new branch.,alert message when creating branch with exactly one uncommitted change,1.6,1 ikke-committet ændring vil være tilgængelig på den nye branch.,1 nicht committete Änderung wird auf dem neuen Branch verfügbar sein.,1 个未提交的更改将在新分支上可用。,1 個未提交的變更將在新分支上可用。
AI Completion,storyboard string for AI Completion,1.6,AI-fuldførelse,AI-Vervollständigung,AI 补全,AI 補全
AI Completion Test,,1.6,AI-fuldførelsestest,AI-Vervollständigungstest,AI 补全测试,AI 補全測試
Access to linked directory blocked by %@. It can help to reconfigure link from title menu on Status & Configuration screen.,error message when access to linked external directory is denied; %@ is the OS name (iOS or iPadOS),1.6,Adgang til linket mappe blokeret af %@. Det kan hjælpe at omkonfigurere link fra titelmenu på Status & Konfiguration-skærmen.,"Zugriff auf verknüpftes Verzeichnis blockiert durch %@. Es kann helfen, den Link über das Titelmenü im Status & Konfiguration-Bildschirm neu zu konfigurieren.",对链接目录的访问被 %@ 阻止。从“状态与配置”屏幕的标题菜单重新配置链接可能有所帮助。,對連結目錄的存取被 %@ 阻止。從「狀態與設定」螢幕的標題選單重新設定連結可能有所幫助。
"Adjust syntax highlighting, text entry settings & AI Completion for text editing and control Preview settings.",,1.6,"Justér syntaksfremhævning, tekstindtastningsindstillinger & AI-fuldførelse til tekstredigering og styr Forhåndsvisning-indstillinger.","Syntaxhervorhebung, Texteingabeeinstellungen & AI-Vervollständigung für Textbearbeitung anpassen und Vorschau-Einstellungen steuern.",调整语法高亮、文本输入设置和 AI 补全以进行文本编辑，并控制预览设置。,調整語法突顯、文字輸入設定和 AI 補全以進行文字編輯，並控制預覽設定。
Allow URL actions,toggle label to enable x-callback-url actions,1.6,Tillad URL-handlinger,URL-Aktionen erlauben,允许 URL 操作,允許 URL 操作
Amend,git operation: modify the most recent commit,1.6,Amend,Amend,修订,修訂
App Integrations,storyboard string for App Integrations,1.6,App-integrationer,App-Integrationen,应用集成,App 整合
App Integrations,storyboard string for App Integrations,1.6,App-integrationer,App-Integrationen,应用集成,App 整合
App Integrations,storyboard string for App Integrations,1.6,App-integrationer,App-Integrationen,应用集成,App 整合
Archive Flatten,,1.6,Arkiv-udfladning,Archiv-Abflachung,压缩包展平,壓縮檔展平
Archive of ${repo} at ${path},,1.6,Arkiv af ${repo} ved ${path},Archiv von ${repo} bei ${path},${repo} 在 ${path} 的归档,${repo} 在 ${path} 的歸檔
Assignee reading not supported for this HostingProvider,error when the hosting provider does not support reading assignees,1.6,Læsning af tildelte ikke understøttet for denne HostingProvider,Lesen von Zugewiesenen wird für diesen HostingProvider nicht unterstützt,此 HostingProvider 不支持读取被分配者,此 HostingProvider 不支援讀取受指派者
Authenticate to access repositories,file provider error message when screen is locked,1.6,Autentificér for at tilgå repositories,"Authentifizieren, um auf Repositories zuzugreifen",验证以访问仓库,驗證以存取版本庫
Auto Scroll,toggle label to sync external screen scrolling with editor,1.6,Auto-scroll,Auto-Scroll,自动滚动,自動滾動
Bad UIDevice.current.identifierForVendor result,error when iOS device identifier needed for licensing is unavailable,1.6,Dårligt UIDevice.current.identifierForVendor-resultat,Fehlerhaftes UIDevice.current.identifierForVendor-Ergebnis,UIDevice.current.identifierForVendor 结果异常,UIDevice.current.identifierForVendor 結果異常
Branch %@ already exists,"error when branch already exists, arg: branch name",1.6,Branch %@ eksisterer allerede,Branch %@ existiert bereits,分支 %@ 已存在,分支 %@ 已存在
Branch '%@' already exists.,Error when creating a named line of development that already exists. %@ is the branch name.,1.6,Branch '%@' eksisterer allerede.,Branch '%@' existiert bereits.,分支“%@”已存在。,分支「%@」已存在。
Cancelled,error when LFS download is cancelled by user,1.6,Annulleret,Abgebrochen,已取消,已取消
"Cancelled request to %@ as certificate was bad.

It can help to deactivate VPN or proxy server.","error when SSL certificate validation fails, arg: URL of the request",1.6,"Annullerede forespørgsel til %@ da certifikatet var ugyldigt.

Det kan hjælpe at deaktivere VPN eller proxyserver.","Anfrage an %@ abgebrochen, da das Zertifikat ungültig war.

Es kann helfen, VPN oder Proxyserver zu deaktivieren.","由于证书无效，已取消对 %@ 的请求。

停用 VPN 或代理服务器可能有所帮助。","由於憑證無效，已取消對 %@ 的請求。

停用 VPN 或代理伺服器可能有所幫助。"
Cannot Undo commit pushed to %@,"error when trying to undo a commit already pushed, %@ is the upstream branch name",1.6,Kan ikke fortryde commit pushet til %@,"Kann Commit nicht rückgängig machen, der zu %@ gepusht wurde",无法撤销已推送到 %@ 的提交,無法撤銷已推送到 %@ 的提交
Cannot delete current branch,error when trying to delete the checked-out branch,1.6,Kan ikke slette nuværende branch,Aktueller Branch kann nicht gelöscht werden,无法删除当前分支,無法刪除目前分支
Cannot get text from binary data,error when trying to display binary file content as text,1.6,Kan ikke hente tekst fra binære data,Text kann nicht aus Binärdaten gelesen werden,无法从二进制数据获取文本,無法從二進位資料取得文字
Cannot get text from binary data in %@,error when binary file cannot be shown as text. %@ is filename,1.6,Kan ikke hente tekst fra binære data i %@,Text kann nicht aus Binärdaten in %@ gelesen werden,无法从 %@ 中的二进制数据获取文本,無法從 %@ 中的二進位資料取得文字
Cannot keep changes when resetting a non-current branch. Set 'Keep Changes' to false or reset the current branch.,error when trying to preserve working directory changes while resetting a branch that is not checked out,1.6,Kan ikke beholde ændringer ved reset af en ikke-aktuel branch. Sæt 'Behold ændringer' til false eller reset den aktuelle branch.,Änderungen können beim Zurücksetzen eines nicht aktuellen Branches nicht beibehalten werden. Setze 'Änderungen behalten' auf false oder setze den aktuellen Branch zurück.,重置非当前分支时无法保留更改。请将“保留更改”设为 false 或重置当前分支。,重設非目前分支時無法保留變更。請將「保留變更」設為 false 或重設目前分支。
Cannot put file outside repository directory,error when trying to write a file to a path outside the repository root,1.6,Kan ikke placere fil uden for repository-mappe,Datei kann nicht außerhalb des Repository-Verzeichnisses abgelegt werden,无法将文件放在仓库目录之外,無法將檔案放在版本庫目錄之外
Changes detected,status text when local file changes are detected before upload begins,1.6,Ændringer registreret,Änderungen erkannt,检测到更改,偵測到變更
Check,button to check if SSH key is configured on hosting provider,1.6,Kontrollér,Prüfen,检查,檢查
Cherry Picking,free feature: applying individual commits from one branch to another,1.6,Cherry picking,Cherry-Picking,拣选,揀選
Cherrypick,action to apply changes from this commit onto the current branch,1.6,Cherrypick,Cherrypick,拣选,揀選
Cherrypick,storyboard string for Cherrypick,1.6,Cherrypick,Cherrypick,拣选,揀選
Christmas Tree commit activity from Working Copy.,description for the holiday activity repository created on GitHub,1.6,Juletræ commit-aktivitet fra Working Copy.,Weihnachtsbaum-Commit-Aktivität von Working Copy.,来自 Working Copy 的圣诞树提交活动。,來自 Working Copy 的聖誕樹提交活動。
Clone Submodule,button to download a git submodule,1.6,Klon submodul,Submodul clonen,克隆子模组,拓製子模組
Clone Submodule,button to download a git submodule,1.6,Klon submodul,Submodul clonen,克隆子模组,拓製子模組
Cloned %@,"success message, arg: date",1.6,Clonet %@,Geklont %@,已克隆 %@,已拓製 %@
Color Scheme,storyboard string for Color Scheme,1.6,Farveskema,Farbschema,配色方案,配色方案
Color scheme override,feature name for overriding the app color scheme,1.6,Tilsidesæt farveskema,Farbschema überschreiben,配色方案覆盖,配色方案覆蓋
Command completed without error.,SSH command result when there is no output but no error either,1.6,Kommando afsluttet uden fejl.,Befehl ohne Fehler abgeschlossen.,命令已完成，无错误。,指令已完成，無錯誤。
Command execution failed,error when starting git-lfs-transfer SSH command fails,1.6,Kommandoudførelse mislykkedes,Befehlsausführung fehlgeschlagen,命令执行失败,指令執行失敗
Command failed with exit code %d: %@,"SSH command error, args: exit code number, command output",1.6,Kommando mislykkedes med afslutningskode %d: %@,Befehl fehlgeschlagen mit Exit-Code %d: %@,命令失败，退出代码 %d：%@,指令失敗，結束碼 %d：%@
Commit HEAD,action to commit submodule HEAD reference,1.6,Commit HEAD,Commit HEAD,提交 HEAD,提交 HEAD
Commit History Editing,feature name for rewriting past commits using interactive rebase,1.6,Redigering af commit-historik,Commit-Historik bearbeiten,提交历史编辑,提交歷史編輯
Commit Submodule,action to commit submodule changes,1.6,Commit Submodule,Commit Submodule,提交子模组,提交子模組
Commit has already been pushed to %@. You need to rewrite history to Delete Commit.,"warning when deleting a pushed commit, %@ is remote name",1.6,Commit er allerede pushet til %@. Du skal omskrive historikken for at slette commit.,"Commit wurde bereits zu %@ gepusht. Du musst die Historik umschreiben, um den Commit zu löschen.",提交已推送到 %@。你需要重写历史才能删除提交。,提交已推送到 %@。你需要重寫歷史才能刪除提交。
Commit has already been pushed to %@. You need to rewrite history to Edit Message.,"warning when editing a pushed commit message, %@ is remote name",1.6,Commit er allerede pushet til %@. Du skal omskrive historikken for at redigere beskeden.,"Commit wurde bereits zu %@ gepusht. Du musst die Historik umschreiben, um die Nachricht zu bearbeiten.",提交已推送到 %@。你需要重写历史才能编辑消息。,提交已推送到 %@。你需要重寫歷史才能編輯訊息。
Commit has already been pushed to %@. You need to rewrite history to Squash Commit.,"warning when squashing a pushed commit, %@ is remote name",1.6,Commit er allerede pushet til %@. Du skal omskrive historikken for at squashe commit.,"Commit wurde bereits zu %@ gepusht. Du musst die Historik umschreiben, um den Commit zu squashen.",提交已推送到 %@。你需要重写历史才能压缩提交。,提交已推送到 %@。你需要重寫歷史才能壓縮提交。
Commit identifier cannot be empty,error when no commit hash or reference was provided for reset,1.6,Commit-identifikator kan ikke være tom,Commit-Bezeichner darf nicht leer sein,提交标识符不能为空,提交識別符號不能為空
"Commit signing requires a RSA, ECDSA or ED25519 key.",error message,1.6,"Commit-signering kræver en RSA-, ECDSA- eller ED25519-nøgle.","Commit-Signierung erfordert einen RSA-, ECDSA- oder ED25519-Schlüssel.",提交签名需要 RSA、ECDSA 或 ED25519 密钥。,提交簽名需要 RSA、ECDSA 或 ED25519 金鑰。
Commit with prefix '%@' not found,,1.6,Commit med præfiks '%@' ikke fundet,Commit mit Präfix '%@' nicht gefunden,未找到前缀为“%@”的提交,未找到字首為「%@」的提交
Commits have already been pushed to %@. You need to rewrite history to Reorder.,"warning when reordering pushed commits, %@ is remote name",1.6,Commits er allerede pushet til %@. Du skal omskrive historikken for at ændre rækkefølgen.,"Commits wurden bereits zu %@ gepusht. Du musst die Historik umschreiben, um die Reihenfolge zu ändern.",提交已推送到 %@。你需要重写历史才能重新排序。,提交已推送到 %@。你需要重寫歷史才能重新排序。
Commits have already been pushed to %@. You need to rewrite history to Reset.,warning that reset requires force-push since commits are on the server; %@ is remote name,1.6,Commits er allerede pushet til %@. Du skal omskrive historikken for at resette.,"Commits wurden bereits zu %@ gepusht. Du musst die Historik umschreiben, um zu resetten.",提交已推送到 %@。你需要重写历史才能重置。,提交已推送到 %@。你需要重寫歷史才能重設。
Configuration passed test.,success message after remote fetch/push test completes,1.6,Konfiguration bestod test.,Konfiguration hat den Test bestanden.,配置通过了测试。,設定已通過測試。
"Configure a GPG private key to sign commits.

Other people can be sure the commits have been signed by someone with access to the private key and if they trust the key as belonging to you, they can verify you as the author.",explanatory text shown when no signing key is configured,1.6,"Konfigurér en privat GPG-nøgle til at signere commits.

Andre kan være sikre på at commits er signeret af nogen med adgang til den private nøgle, og hvis de stoler på at nøglen tilhører dig, kan de bekræfte dig som forfatter.","Konfiguriere einen privaten GPG-Schlüssel zum Signieren von Commits.

Andere können sicher sein, dass die Commits von jemandem mit Zugang zum privaten Schlüssel signiert wurden, und wenn sie darauf vertrauen, dass der Schlüssel dir gehört, können sie dich als Autor verifizieren.","配置 GPG 私钥以签署提交。

其他人可以确认提交已由拥有私钥的人签署，如果他们信任该密钥属于你，就可以验证你为作者。","設定 GPG 私鑰以簽署提交。

其他人可以確認提交已由擁有私鑰的人簽署，如果他們信任該金鑰屬於你，就可以驗證你為作者。"
Configure a SSH key to avoid having to enter your gitee account password in Working Copy.,footer text in Gitee provider configuration screen,1.6,Konfigurér en SSH-nøgle for at undgå at indtaste din gitee-kontoadgangskode i Working Copy.,"Konfiguriere einen SSH-Schlüssel, um die Eingabe deines Gitee-Kontopassworts in Working Copy zu vermeiden.",配置 SSH 密钥以避免在 Working Copy 中输入你的 Gitee 账户密码。,設定 SSH 金鑰以避免在 Working Copy 中輸入你的 Gitee 帳戶密碼。
Configure for %@@github.com,button to upload signing key to GitHub; %@ is the GitHub username,1.6,Konfigurér for %@@github.com,Konfigurieren für %@@github.com,为 %@@github.com 配置,為 %@@github.com 設定
Connect,button to upload SSH key to hosting provider,1.6,Forbind,Verbinden,连接,連線
Connection failed,error when SSH connection for LFS transfer fails,1.6,Forbindelse mislykkedes,Verbindung fehlgeschlagen,连接失败,連線失敗
Consider pushing %@ to a remote before deleting %@.,"delete warning when branch is unpushed, first %@ is the branch name, second %@ is the repository name",1.6,Overvej at pushe %@ til en remote før du sletter %@.,"Erwäge %@ zu einem Remote zu pushen, bevor du %@ löschst.",建议在删除 %2$@ 前将 %1$@ 推送到远程。,建議在刪除 %2$@ 前將 %1$@ 推送到遠端。
Consider pushing %@ to a remote before deleting repository.,"unnamed delete warning when branch is unpushed, %@ is the branch name",1.6,Overvej at pushe %@ til en remote før du sletter repository.,"Erwäge %@ zu einem Remote zu pushen, bevor du das Repository löschst.",考虑在删除仓库之前将 %@ 推送到远程。,考慮在刪除版本庫之前將 %@ 推送到遠端。
Create Missing Directories,,1.6,Opret manglende mapper,Fehlende Verzeichnisse erstellen,创建缺失的目录,建立缺少的目錄
Created %@,"SSH key subtitle showing creation date, arg: formatted date",1.6,Oprettet %@,Erstellt %@,创建于 %@,建立於 %@
Dark Default,name of the default dark syntax highlighting color scheme,1.6,Mørk standard,Dunkel Standard,深色默认,深色預設
Delete %@ on %@ and %@,"confirmation title for deleting tag, args: tag name, device name, remote name",1.6,Slet %@ på %@ og %@,Lösche %@ auf %@ und %@,在 %2$@ 和 %3$@ 上删除 %1$@,在 %2$@ 和 %3$@ 上刪除 %1$@
Delete Key,destructive button to permanently delete the SSH key,1.6,Slet nøgle,Schlüssel löschen,删除密钥,刪除金鑰
Delete Out,short sync strategy label when local file is deleted,1.6,Slet ud,Lösche aus,向外删除,向外刪除
Deleting %@ %@,"progress message when deleting a remote branch, args: repository name, branch name",1.6,Sletter %@ %@,Lösche %@ %@,正在删除 %@ %@,正在刪除 %@ %@
Directory picking,action name used in cancellation error when user dismisses folder picker,1.6,Mappevalg,Verzeichnisauswahl,选择目录,選擇目錄
Disconnected,status text when SSH connection is fully disconnected and sync is stopped,1.6,Afbrudt,Getrennt,已断开连接,已斷開連線
Disconnected. Waiting for changes.,status text when SSH disconnects but sync is still active and watching for local changes,1.6,Afbrudt. Venter på ændringer.,Getrennt. Warte auf Änderungen.,已断开连接。正在等待更改。,已斷開連線。正在等待變更。
Disconnecting due to inactivity.,log message when SSH connection is closed after timeout with no activity,1.6,Afbryder på grund af inaktivitet.,Trenne wegen Inaktivität.,因不活动而断开连接。,因不活動而斷開連線。
Dismiss message,accessibility hint for dismissing the status message banner,1.6,Luk besked,Nachricht schließen,关闭消息,關閉訊息
Documentation,cell title linking to x-callback-url documentation,1.6,Dokumentation,Dokumentation,文档,說明文件
Doing %@ authentication for %@,"progress message, first %@ is credential type (password/token), second %@ is username",1.6,Udfører %@-godkendelse for %@,Führe %@-Authentifizierung für %@ durch,正在为 %2$@ 执行 %1$@ 认证,正在為 %2$@ 執行 %1$@ 認證
Download,action name used in cancellation error when file download is cancelled,1.6,Hent,Herunterladen,下载,下載
Dracula,name of the Dracula syntax highlighting color scheme,1.6,Dracula,Dracula,Dracula,Dracula
Dropbox,cloud storage provider name detected from bookmark data,1.6,Dropbox,Dropbox,Dropbox,Dropbox
ECDSA Key,SSH key type label for ECDSA keys,1.6,ECDSA-nøgle,ECDSA-Schlüssel,ECDSA 密钥,ECDSA 金鑰
EOF,SFTP error: end of file reached,1.6,EOF,EOF,EOF,EOF
Enable AI Completion on a repository-by-repository basis to make sure no source code is sent to %@ servers without your consent. Terms & policies are available at %@ ,,1.6,Aktiver AI-fuldførelse for hvert repository individuelt for at sikre at ingen kildekode sendes til %@-servere uden dit samtykke. Vilkår og politikker er tilgængelige på %@ ,"Aktiviere KI-Vervollständigung für jedes Repository einzeln, um sicherzustellen, dass kein Quellcode ohne deine Zustimmung an %@-Server gesendet wird. Bedingungen und Richtlinien sind verfügbar unter %@ ",按仓库逐一启用 AI 补全，确保未经你同意不会将源代码发送到 %@ 服务器。条款和政策见 %@ ,按版本庫逐一啟用 AI 補全，確保未經你同意不會將原始碼傳送到 %@ 伺服器。條款和政策見 %@ 
Enable AI Completion on a repository-by-repository basis.,,1.6,Aktiver AI-fuldførelse for hvert repository individuelt.,Aktiviere KI-Vervollständigung für jedes Repository einzeln.,按仓库逐一启用 AI 补全。,按版本庫逐一啟用 AI 補全。
"Endpoint not found.

Consider adjusting server field to something like https://account.visualstudio.com/",Error with hint when visualstudio.com URL returns 404,1.6,"Endpoint ikke fundet.

Overvej at ændre serverfeltet til noget i retning af https://account.visualstudio.com/","Endpoint nicht gefunden.

Überlege, das Serverfeld auf etwas wie https://account.visualstudio.com/ anzupassen","未找到端点。

请考虑将服务器字段调整为类似 https://account.visualstudio.com/ 的格式","未找到端點。

請考慮將伺服器欄位調整為類似 https://account.visualstudio.com/ 的格式"
"Endpoint not found.

Consider adjusting server field to something like https://dev.azure.com/account/",Error with hint when dev.azure.com URL returns 404,1.6,"Endpoint ikke fundet.

Overvej at ændre serverfeltet til noget i retning af https://dev.azure.com/account/","Endpoint nicht gefunden.

Überlege, das Serverfeld auf etwas wie https://dev.azure.com/account/ anzupassen","未找到端点。

请考虑将服务器字段调整为类似 https://dev.azure.com/account/ 的格式","未找到端點。

請考慮將伺服器欄位調整為類似 https://dev.azure.com/account/ 的格式"
Enter a hostname and header in Name: Value format.,Error when extra header input is invalid,1.6,Angiv et værtsnavn og en header i formatet Navn: Værdi.,Geben Sie einen Hostnamen und einen Header im Format Name: Wert ein.,输入主机名和标头，格式为“名称: 值”。,輸入主機名稱和標頭，格式為「名稱: 值」。
Enter username and password or switch to SSH protocol to avoid entering credentials.,prompt in authentication dialog when an access token is already configured suggesting SSH as alternative,1.6,Indtast brugernavn og adgangskode eller skift til SSH-protokol for at undgå at indtaste loginoplysninger.,"Benutzername und Passwort eingeben oder zum SSH-Protokoll wechseln, um die Eingabe von Zugangsdaten zu vermeiden.",输入用户名和密码，或切换到 SSH 协议以免输入凭据。,輸入使用者名稱和密碼，或切換到 SSH 通訊協定以免輸入憑證。
Enter username and password.,prompt in authentication dialog for remote credentials,1.6,Indtast brugernavn og adgangskode.,Benutzername und Passwort eingeben.,输入用户名和密码。,輸入使用者名稱和密碼。
Error Handling,,1.6,Fejlhåndtering,Fehlerbehandlung,错误处理,錯誤處理
Error resolving objects,fallback error when LFS batch transfer fails without specific message,1.6,Fejl ved opløsning af objekter,Fehler beim Auflösen von Objekten,解析对象时出错,解析物件時出錯
Error sending EOF to %@:%d,"error when sending end-of-file through SSH channel fails, %@ is host and %d is port",1.6,Fejl ved afsendelse af EOF til %@:%d,Fehler beim Senden von EOF an %@:%d,向 %@:%d 发送 EOF 时出错,向 %@:%d 傳送 EOF 時出錯
Errors,console log filter showing only error messages,1.6,Fejl,Fehler,错误,錯誤
Excluded,short sync strategy label when file is excluded from sync,1.6,Udelukket,Ausgeschlossen,已排除,已排除
Export Private Key,title for dialog when exporting an SSH private signing key,1.6,Eksporter privat nøgle,Privaten Schlüssel exportieren,导出私钥,匯出私鑰
Exporting %@ is not supported,"error when trying to export unsupported key type, arg: key type name",1.6,Eksportering af %@ understøttes ikke,Exportieren von %@ wird nicht unterstützt,不支持导出 %@,不支援匯出 %@
External,segment option indicating .git is stored in external location,1.6,Ekstern,Extern,外部,外部
Failed to create temp file,error when temporary file for LFS download cannot be created,1.6,Kunne ikke oprette midlertidig fil,Temporäre Datei konnte nicht erstellt werden,无法创建临时文件,無法建立臨時檔案
Failed to open file,error when opening downloaded LFS blob file from cache,1.6,Kunne ikke åbne fil,Datei konnte nicht geöffnet werden,无法打开文件,無法開啟檔案
Failed to parse LFS pointer,error when blob cannot be parsed as LFS pointer during SSH upload,1.6,Kunne ikke fortolke LFS-markør,LFS-Zeiger konnte nicht geparst werden,无法解析 LFS 指针,無法解析 LFS 指標
Failed to retrieve hardware ID.,error when Mac hardware identifier needed for licensing cannot be read,1.6,Kunne ikke hente hardware-ID.,Hardware-ID konnte nicht abgerufen werden.,无法获取硬件 ID。,無法取得硬體 ID。
Fast Forward,git merge type: branch pointer moved forward without creating a merge commit,1.6,Fast Forward,Fast Forward,快进,快轉
"Fast-Forward when possible, otherwise Merge.

This is default behaviour when merging in changes from remote.","merge strategy description for merge fallback, default behavior",1.6,"Fast-forward når det er muligt, ellers merge.

Dette er standardadfærden ved indhentning af ændringer fra remote.","Fast-Forward wenn möglich, sonst Merge.

Dies ist das Standardverhalten beim Einbringen von Änderungen vom Remote.","尽可能快进，否则合并。

这是合并远程更改时的默认行为。","儘可能快轉，否則合併。

這是合併遠端變更時的預設行為。"
Fetch received %@ for %@.,"git fetch result summary, args: transfer size, repository name",1.6,Fetch modtog %@ for %@.,Fetch empfing %@ für %@.,获取收到了 %2$@ 的 %1$@。,抓取收到了 %2$@ 的 %1$@。
Fetch received %@ for %d repositories.,"git fetch result summary, args: transfer size, number of repositories",1.6,Fetch modtog %@ for %d repositories.,Fetch empfing %@ für %d Repositories.,获取收到了 %2$d 个仓库的 %1$@。,抓取收到了 %2$d 個版本庫的 %1$@。
Fetched,"past tense of git fetch, used in result message",1.6,Fetchet,Gefetcht,已获取,已抓取
Fetching %@,progress title for downloading updates; %@ is the remote server name,1.6,Fetcher %@,Fetche %@,正在获取 %@,正在抓取 %@
Fetching %@ %@,"progress title for downloading changes; args: repository name, remote server name",1.6,Fetcher %@ %@,Fetche %@ %@,正在获取 %@ %@,正在抓取 %@ %@
File must be located inside a Working Copy repository.,Shortcuts error when a file passed to the File Repository action is not inside any repository,1.6,Filen skal være placeret inde i et Working Copy-repository.,Die Datei muss sich in einem Working Copy-Repository befinden.,文件必须位于 Working Copy 仓库内。,檔案必須位於 Working Copy 版本庫內。
File was outside Git repository,error when trying to ignore or unignore a file that is not inside a Git repository,1.6,Filen var uden for Git-repository,Die Datei befand sich außerhalb des Git-Repositorys,文件位于 Git 仓库之外,檔案位於 Git 版本庫之外
Filename already in use. Pick some other name.,error message when creating a file with a name that already exists,1.6,Filnavnet er allerede i brug. Vælg et andet navn.,Dateiname bereits in Verwendung. Wähle einen anderen Namen.,文件名已被使用。请选择其他名称。,檔名已被使用。請選擇其他名稱。
Files app Synchronisation,free feature: syncing repository files with the iOS Files app,1.6,Filer-app-synkronisering,Dateien-App-Synchronisierung,“文件”App 同步,「檔案」App 同步
Folder is not allowed to contain slashes.,Shortcuts clone error when folder name contains slash characters,1.6,Mappenavn må ikke indeholde skråstreger.,Ordnername darf keine Schrägstriche enthalten.,文件夹名称不允许包含斜杠。,資料夾名稱不允許包含斜槓。
Full merge required but only fast-forward is allowed.,error when merge cannot be fast-forwarded but repository settings only allow fast-forward,1.6,"Fuld merge påkrævet, men kun fast-forward er tilladt.","Vollständiger Merge erforderlich, aber nur Fast-Forward ist erlaubt.",需要完整合并，但仅允许快进。,需要完整合併，但僅允許快轉。
GPG key %@,"title for a GPG signing key, %@ is the key ID",1.6,GPG-nøgle %@,GPG-Schlüssel %@,GPG 密钥 %@,GPG 金鑰 %@
GitHub cannot make pull request as it does not consider %@ a fork of %@.,"error when PR creation fails, first %@ is head repo URL, second %@ is base repo URL",1.6,"GitHub kan ikke oprette pull request, da det ikke betragter %@ som en fork af %@.","GitHub kann keinen Pull Request erstellen, da es %@ nicht als Fork von %@ betrachtet.",GitHub 无法创建拉取请求，因为它不认为 %@ 是 %@ 的复刻。,GitHub 無法建立 Pull Request，因為它不認為 %@ 是 %@ 的 Fork。
GitLab & Stash integration,free feature: integration with GitLab and Atlassian Stash hosting,1.6,GitLab & Stash-integration,GitLab- & Stash-Integration,GitLab 和 Stash 集成,GitLab 和 Stash 整合
Gruvbox Dark,name of the Gruvbox Dark syntax highlighting color scheme,1.6,Gruvbox Dark,Gruvbox Dark,Gruvbox Dark,Gruvbox Dark
Happy holidays from Working Copy,commit message used for holiday activity commits on GitHub,1.6,Glædelig jul fra Working Copy,Frohe Feiertage von Working Copy,Working Copy 祝你节日快乐,Working Copy 祝你節日快樂
Haptic Feedback,toggle label for haptic feedback setting in Repository Agent menu,1.6,Haptisk feedback,Haptisches Feedback,触觉反馈,觸覺回饋
"History rewriting is not allowed for branch '%@'.

Enable it in Working Copy:
1. Open the branch details
2. Enable 'Allow History Rewriting'",error when branch is protected from having its commit history changed. %@ is branch name,1.6,"Omskrivning af historik er ikke tilladt for branch '%@'.

Aktivér det i Working Copy:
1. Åbn branch-detaljerne
2. Aktivér 'Tillad omskrivning af historik'","Umschreiben des Verlaufs ist für Branch '%@' nicht erlaubt.

Aktiviere es in Working Copy:
1. Öffne die Branch-Details
2. Aktiviere 'Umschreiben des Verlaufs erlauben'","不允许对分支“%@”进行历史改写。

在 Working Copy 中启用：
1. 打开分支详情
2. 启用“允许历史改写”","不允許對分支「%@」進行歷史改寫。

在 Working Copy 中啟用：
1. 開啟分支詳細資訊
2. 啟用「允許歷史改寫」"
Ignore,action title for adding a file to .gitignore,1.6,Ignorér,Ignorieren,忽略,忽略
Import ECDSA and Ed25219 SSH keys,free feature: importing additional SSH key types,1.6,Importér ECDSA- og Ed25519 SSH-nøgler,ECDSA- und Ed25519-SSH-Schlüssel importieren,导入 ECDSA 和 Ed25519 SSH 密钥,匯入 ECDSA 和 Ed25519 SSH 金鑰
Imported %@,"SSH key subtitle showing import date, arg: formatted date",1.6,Importerede %@,%@ importiert,已导入 %@,已匯入 %@
Installation of davfs2 completed.,,1.6,Installation af davfs2 fuldført.,Installation von davfs2 abgeschlossen.,davfs2 安装完成。,davfs2 安裝完成。
"Interactive git shell is not enabled and repositories cannot be listed. It might be possible to configure %@ to allow this.

Tap to learn more","error suggesting git-shell-commands setup, %@ is server name",1.6,"Interaktiv git-shell er ikke aktiveret, og repositories kan ikke vises. Det kan være muligt at konfigurere %@ til at tillade dette.

Tryk for at læse mere","Interaktive Git-Shell ist nicht aktiviert und Repositories können nicht aufgelistet werden. Es ist möglicherweise möglich, %@ so zu konfigurieren, dass dies erlaubt wird.

Tippe, um mehr zu erfahren","未启用交互式 Git Shell，无法列出仓库。可以尝试配置 %@ 以允许此功能。

轻触了解更多","未啟用互動式 Git Shell，無法列出版本庫。可以嘗試設定 %@ 以允許此功能。

點一下瞭解更多"
Internal WebDAV Server stopped,storyboard string for Internal WebDAV Server stopped,1.6,Intern WebDAV-server stoppet,Interner WebDAV-Server gestoppt,内部 WebDAV 服务器已停止,內部 WebDAV 伺服器已停止
Interpreting last error as: %@,"log message when an error is translated to a more user-friendly form, %@ is the improved error description",1.6,Fortolker sidste fejl som: %@,Letzter Fehler wird interpretiert als: %@,将上一个错误解释为：%@,將上一個錯誤解釋為：%@
Invalid ECDSA private key in OpenSSH format,Error when ECDSA key components are missing or corrupt during signing,1.6,Ugyldig ECDSA privat nøgle i OpenSSH-format,Ungültiger privater ECDSA-Schlüssel im OpenSSH-Format,无效的 OpenSSH 格式 ECDSA 私钥,無效的 OpenSSH 格式 ECDSA 私鑰
Invalid RSA private key in OpenSSH format,Error when RSA key components are missing or corrupt during signing,1.6,Ugyldig RSA privat nøgle i OpenSSH-format,Ungültiger privater RSA-Schlüssel im OpenSSH-Format,无效的 OpenSSH 格式 RSA 私钥,無效的 OpenSSH 格式 RSA 私鑰
Invalid SSH URL,error when SSH URL cannot be parsed for LFS,1.6,Ugyldig SSH URL,Ungültige SSH-URL,无效的 SSH URL,無效的 SSH URL
Invalid SSH url,error when SSH URL cannot be parsed into host/port/path,1.6,Ugyldig SSH-url,Ungültige SSH-URL,无效的 SSH URL,無效的 SSH URL
Invalid Siri Shortcut.,error when Siri shortcut URL cannot be parsed,1.6,Ugyldig Siri-genvej.,Ungültiger Siri-Kurzbefehl.,无效的 Siri 快捷指令。,無效的 Siri 捷徑。
Invalid date field,license validation error when date in server response cannot be parsed,1.6,Ugyldigt datofelt,Ungültiges Datumsfeld,无效的日期字段,無效的日期欄位
Invalid ed25519 private key,Error when ed25519 private key data is too short for signing,1.6,Ugyldig ed25519 privat nøgle,Ungültiger privater ed25519-Schlüssel,无效的 ed25519 私钥,無效的 ed25519 私鑰
Invalid starting page,error when file provider receives an unrecognized pagination token,1.6,Ugyldig startside,Ungültige Startseite,无效的起始页,無效的起始頁
"It looks like Docker isn't installed on $SERVER.

Tap to try and install it using apt-get.","prompt asking user to install Docker on remote server, $SERVER is replaced with the server name",1.6,"Det ser ud til, at Docker ikke er installeret på $SERVER.

Tryk for at prøve at installere det med apt-get.","Es sieht so aus, als wäre Docker nicht auf $SERVER installiert.

Tippe, um die Installation mit apt-get zu versuchen.","看起来 $SERVER 上未安装 Docker。

轻触尝试使用 apt-get 安装。","看起來 $SERVER 上未安裝 Docker。

點一下嘗試使用 apt-get 安裝。"
Keychain error %d,"error message when keychain operation fails, %d is the OS status code",1.6,Nøglering-fejl %d,Schlüsselbund-Fehler %d,钥匙串错误 %d,鑰匙圈錯誤 %d
LFS: ,prefix added to error messages to identify them as LFS errors,1.6,LFS: ,LFS: ,LFS：,LFS：
Label reading not supported for this HostingProvider,error when the hosting provider does not support reading issue labels,1.6,Læsning af labels understøttes ikke for denne hosting-udbyder,Lesen von Labels wird für diesen Hosting-Anbieter nicht unterstützt,此 HostingProvider 不支持读取标签,此 HostingProvider 不支援讀取標籤
Light Default,name of the default light syntax highlighting color scheme,1.6,Lys standard,Hell Standard,浅色默认,淺色預設
Listening to remote connections on port %d,"status message for reverse port forwarding, %d is the remote port number",1.6,Lytter efter fjernforbindelser på port %d,Lauscht auf Remote-Verbindungen auf Port %d,正在监听端口 %d 上的远程连接,正在監聽埠 %d 上的遠端連線
Local Directory,section caption label for submodule local directory,1.6,Lokal mappe,Lokales Verzeichnis,本地目录,本機目錄
"Local changes detected, upload pending.",log message when local file changes are detected and upload will follow,1.6,"Lokale ændringer fundet, upload afventer.","Lokale Änderungen erkannt, Upload ausstehend.",检测到本地更改，上传等待中。,偵測到本機變更，等待上傳。
Missing ContentController for patch and content.,error when trying to apply a patch without an active content editor,1.6,Manglende ContentController til patch og indhold.,Fehlender ContentController für Patch und Inhalt.,缺少用于补丁和内容的 ContentController。,缺少用於修補檔和內容的 ContentController。
Missing SSH Private Key from %@.,"error when imported private key is empty, arg: import source name",1.6,Manglende privat SSH-nøgle fra %@.,Fehlender privater SSH-Schlüssel von %@.,缺少来自 %@ 的 SSH 私钥。,缺少來自 %@ 的 SSH 私鑰。
Missing URL,share extension error when no URL is available to download,1.6,Manglende URL,Fehlende URL,缺少 URL,缺少 URL
Missing author configuration for repository.,error when user.name or user.email is not configured and a commit cannot be created,1.6,Manglende forfatterkonfiguration for repository.,Fehlende Autorenkonfiguration für Repository.,仓库缺少作者配置。,版本庫缺少作者設定。
Missing authorization code,error when OAuth callback has no authorization code,1.6,Manglende autorisationskode,Fehlender Autorisierungscode,缺少授权码,缺少授權碼
Missing branch in WidgetFetchIntent,error when widget fetch intent has no branch specified,1.6,Manglende branch i WidgetFetchIntent,Fehlender Branch in WidgetFetchIntent,WidgetFetchIntent 中缺少分支,WidgetFetchIntent 中缺少分支
Missing branch to checkout,error when the branch object is nil during checkout,1.6,Manglende branch til checkout,Fehlender Branch zum Auschecken,缺少要检出的分支,缺少要簽出的分支
Missing branch value,error when checkout callback lacks branch parameter,1.6,Manglende branch-værdi,Fehlender Branch-Wert,缺少分支值,缺少分支值
Missing cmd value,error when SSH command callback lacks cmd parameter,1.6,Manglende cmd-værdi,Fehlender cmd-Wert,缺少 cmd 值,缺少 cmd 值
Missing code,error when Gitee OAuth response is missing the authorization code,1.6,Manglende kode,Fehlender Code,缺少授权码,缺少授權碼
Missing content for %@,"error when local server fails to load a resource, %@ is the URL",1.6,Manglende indhold for %@,Fehlender Inhalt für %@,缺少 %@ 的内容,缺少 %@ 的內容
Missing content to write,Shortcuts write-file error when no file data or content was provided,1.6,Manglende indhold at skrive,Fehlender Inhalt zum Schreiben,缺少要写入的内容,缺少要寫入的內容
Missing file,error when preview server cannot find the requested file,1.6,Manglende fil,Fehlende Datei,缺少文件,缺少檔案
Missing implementation for createRepository:private:callback:,error when the hosting provider does not support creating repositories,1.6,Manglende implementering for createRepository:private:callback:,Fehlende Implementierung für createRepository:private:callback:,缺少 createRepository:private:callback: 的实现,缺少 createRepository:private:callback: 的實現
Missing name for repository to initialize.,error when init callback lacks name parameter,1.6,Manglende navn for repository at initialisere.,Fehlender Name für zu initialisierendes Repository.,缺少要初始化的仓库名称。,缺少要初始化的版本庫名稱。
Missing newly created branch '$BRANCH',Shortcuts create-branch error when branch was created but cannot be found for checkout; $BRANCH is replaced with the branch name,1.6,Manglende nyoprettet branch '$BRANCH',Fehlender neu erstellter Branch '$BRANCH',缺少新创建的分支 “$BRANCH”,缺少新建立的分支「$BRANCH」
Missing refresh token,error when OAuth token exchange returns no refresh token,1.6,Manglende refresh token,Fehlender Refresh Token,缺少刷新令牌,缺少重新整理權杖
Missing repository identifier.,error when relinking fails because repository has no unique identifier,1.6,Manglende repository-identifikator.,Fehlende Repository-Kennung.,缺少仓库标识符。,缺少版本庫識別符號。
Missing script: %@.py,error when a Python script resource cannot be found; %@ is the script filename without extension,1.6,Manglende script: %@.py,Fehlendes Script: %@.py,缺少脚本：%@.py,缺少指令碼：%@.py
Missing server value,error when SSH command callback lacks server parameter,1.6,Manglende serverværdi,Fehlender Serverwert,缺少服务器值,缺少伺服器值
Missing shortcut : %@,error when a shortcut bundle cannot be found; %@ is the bundle name,1.6,Manglende genvej: %@,Fehlender Kurzbefehl: %@,缺少快捷指令：%@,缺少捷徑：%@
Missing tag name value,error when tag callback lacks name parameter,1.6,Manglende tag-navnværdi,Fehlender Tag-Namenwert,缺少标签名称值,缺少標籤名稱值
Modified files,alert title warning about uncommitted changes when creating a branch,1.6,Ændrede filer,Geänderte Dateien,已修改的文件,已修改的檔案
Moving items to the trash is not supported.,error when an app tries to trash a Working Copy file provider item,1.6,Flytning af elementer til papirkurven understøttes ikke.,Das Verschieben von Elementen in den Papierkorb wird nicht unterstützt.,不支持将项目移到废纸篓。,不支援將項目移到垃圾桶。
Multiple files at path %@. Try using zip command instead.,"error when read targets a directory, arg: directory path",1.6,Flere filer ved stien %@. Prøv at bruge zip-kommandoen i stedet.,Mehrere Dateien am Pfad %@. Versuche stattdessen den zip-Befehl zu verwenden.,路径 %@ 下有多个文件。请尝试使用 zip 命令。,路徑 %@ 下有多個檔案。請嘗試使用 zip 指令。
Multiple repositories matching repo parameter.,error when repo parameter matches more than one repository,1.6,Flere repositories matcher repo-parameteren.,Mehrere Repositories stimmen mit dem Repo-Parameter überein.,多个仓库匹配 repo 参数。,有多個版本庫符合 repo 參數。
Name '%@' is already in use.,Shortcuts clone error when a repository with the given name already exists; %@ is the existing name,1.6,Navnet '%@' er allerede i brug.,Der Name '%@' wird bereits verwendet.,名称 “%@” 已被使用。,名稱「%@」已被使用。
Never connected to SSH host before. Host key not accepted.,error when connecting to an SSH host for the first time,1.6,Aldrig forbundet til SSH-vært før. Værtsnøgle ikke accepteret.,Noch nie mit SSH-Host verbunden. Hostschlüssel nicht akzeptiert.,之前从未连接过此 SSH 主机。主机密钥未被接受。,之前從未連線過此 SSH 主機。主機金鑰未被接受。
No branch '$BRANCH',Shortcuts merge error when the specified branch does not exist; $BRANCH is replaced with the branch name,1.6,Ingen branch '$BRANCH',Kein Branch '$BRANCH',没有分支 “$BRANCH”,沒有分支「$BRANCH」
No branch information found in %@,"error when URL does not contain branch info, %@ is the URL or branch name",1.6,Ingen branch-information fundet i %@,Keine Branch-Information in %@ gefunden,在 %@ 中未找到分支信息,在 %@ 中未找到分支資訊
No branch named %@,"error when checkout branch not found, arg: branch name",1.6,Ingen branch med navnet %@,Kein Branch mit dem Namen %@,没有名为 %@ 的分支,沒有名為 %@ 的分支
No branch named '%@' and it doesn't follow expected URL structure for branches,"error when branch name or URL cannot be resolved, %@ is the branch name or URL",1.6,Ingen branch med navnet '%@' og den følger ikke forventet URL-struktur for branches,Kein Branch mit dem Namen '%@' und er folgt nicht der erwarteten URL-Struktur für Branches,没有名为 “%@” 的分支，且不符合预期的分支 URL 结构,沒有名為「%@」的分支，且不符合預期的分支 URL 結構
No cookies found %@.,Error when no cookies could be parsed from input; %@ is the source location like 'in file' or 'on clipboard',1.6,Ingen cookies fundet %@.,Keine Cookies gefunden %@.,%@未找到 Cookie。,%@未找到 Cookie。
No files to commit.,error when commit finds no modified files,1.6,Ingen filer at committe.,Keine Dateien zum Committen.,没有要提交的文件。,沒有要提交的檔案。
No fonts found in %@,"error when imported font file contains no usable fonts, %@ is filename",1.6,Ingen skrifttyper fundet i %@,Keine Schriftarten in %@ gefunden,在 %@ 中未找到字体,在 %@ 中未找到字型
No matching references. You can use Pattern=refs/heads/* for all branches and Pattern=* for all references,Shortcuts list-references error when the glob pattern matches no refs,1.6,Ingen matchende referencer. Du kan bruge Pattern=refs/heads/* for alle branches og Pattern=* for alle referencer,Keine passenden Referenzen. Du kannst Pattern=refs/heads/* für alle Branches und Pattern=* für alle Referenzen verwenden,没有匹配的引用。你可以使用 Pattern=refs/heads/* 匹配所有分支，Pattern=* 匹配所有引用,沒有相符的引用。你可以使用 Pattern=refs/heads/* 比對所有分支，使用 Pattern=* 比對所有引用
"No modified files to commit.

Disable 'Fail when nothing to Commit' to change this behaviour.",Shortcuts commit error when there are no modified files at all,1.6,"Ingen ændrede filer at committe.

Deaktiver 'Fejl når intet at committe' for at ændre denne adfærd.","Keine geänderten Dateien zum Committen.

Deaktiviere 'Fehler wenn nichts zu committen' um dieses Verhalten zu ändern.","没有已修改的文件可提交。

禁用“无内容可提交时失败”可更改此行为。","沒有已修改的檔案可提交。

停用「無內容可提交時失敗」可變更此行為。"
No more authentication methods.,progress message when all authentication options have been exhausted,1.6,Ingen flere godkendelsesmetoder.,Keine weiteren Authentifizierungsmethoden.,没有更多的认证方式。,沒有更多的認證方式。
Not available on this device,,1.6,Ikke tilgængelig på denne enhed,Auf diesem Gerät nicht verfügbar,在此设备上不可用,在此裝置上不可用
Not inside repository,error when a file provider operation targets a path outside any repository,1.6,Ikke inde i repository,Nicht innerhalb eines Repositorys,不在仓库内,不在版本庫內
Nothing,short sync strategy label when no sync is needed,1.6,Intet,Nichts,无,無
Nothing at path %@,"error when read finds no file, arg: file path",1.6,Intet ved stien %@,Nichts unter Pfad %@,路径 %@ 处无内容,路徑 %@ 處無內容
Nothing is responding at %@ port %d,"connection timeout error, %@ is the hostname, %d is the port number",1.6,Intet svarer på %@ port %d,Nichts antwortet auf %@ Port %d,%@ 端口 %d 无响应,%@ 埠 %d 無回應
Nothing is synced between %@ and %@.,"no sync explanation, %1$@ is device name, %2$@ is server hostname",1.6,Intet synkroniseres mellem %@ og %@.,Nichts wird zwischen %@ und %@ synchronisiert.,%@ 和 %@ 之间没有同步任何内容。,%@ 和 %@ 之間沒有同步任何內容。
Nothing staged for commit,error when attempting to commit but the index has no changes compared to HEAD,1.6,Intet staged til commit,Nichts zum Committen staged,没有暂存内容可提交,沒有暫存內容可提交
"Nothing staged for commit.

Change 'What to Commit' to include everything modified in repository or disable 'Fail when nothing to Commit'.",Shortcuts commit error when target is staged files but nothing is staged,1.6,"Intet staged til commit.

Ændr 'Hvad der committes' til at inkludere alt ændret i repository eller deaktiver 'Fejl når intet at committe'.","Nichts zum Committen staged.

Ändere 'Was committet wird', um alles Geänderte im Repository einzubeziehen, oder deaktiviere 'Fehler wenn nichts zu committen'.","没有暂存内容可提交。

将“提交内容”更改为包含仓库中所有已修改的内容，或禁用“无内容可提交时失败”。","沒有暫存內容可提交。

將「提交內容」變更為包含版本庫中所有已修改的內容，或停用「無內容可提交時失敗」。"
ObjectivePGP,storyboard string for ObjectivePGP,1.6,ObjectivePGP,ObjectivePGP,ObjectivePGP,ObjectivePGP
One Light,name of the One Light syntax highlighting color scheme,1.6,One Light,One Light,One Light,One Light
Ongoing rebase in branch %@. Tap to complete this.,"banner message about an unfinished rebase, arg: branch name",1.6,Igangværende rebase i branch %@. Tryk for at fuldføre.,"Laufender Rebase in Branch %@. Tippe, um dies abzuschließen.",分支 %@ 中有正在进行的变基。轻触完成。,分支 %@ 中有正在進行的重定基底。點一下完成。
Only include working directory,detail for archive without .git,1.6,Inkluder kun working directory,Nur Arbeitsverzeichnis einbeziehen,仅包含工作目录,僅包含工作目錄
Only working directory is stored in %@.,section footer when .git is internal; %@ is the external storage location name,1.6,Kun working directory er gemt i %@.,Nur das Arbeitsverzeichnis ist in %@ gespeichert.,仅工作目录存储在 %@ 中。,僅工作目錄儲存在 %@ 中。
Only working directory is stored outside Working Copy.,section footer when .git is internal but working directory is linked externally and location name is unknown,1.6,Kun working directory er gemt udenfor Working Copy.,Nur das Arbeitsverzeichnis ist außerhalb von Working Copy gespeichert.,仅工作目录存储在 Working Copy 外部。,僅工作目錄儲存在 Working Copy 外部。
Open Locally,share sheet activity: open file via local WebDAV server,1.6,Åbn lokalt,Lokal öffnen,本地打开,本機開啟
OpenSSH Key,SSH key type label for Ed25519/OpenSSH keys,1.6,OpenSSH-nøgle,OpenSSH-Schlüssel,OpenSSH 密钥,OpenSSH 金鑰
"Other people can be sure the commits have been signed by someone with access to the private key and if they trust the key as belonging to you, they can verify you as the author.

You need to make sure the public key is available where commits need to be verified.",explanatory text shown when a signing key is already configured,1.6,"Andre kan være sikre på at commits er blevet signeret af nogen med adgang til den private nøgle, og hvis de har tillid til at nøglen tilhører dig, kan de bekræfte dig som forfatter.

Du skal sørge for at den offentlige nøgle er tilgængelig der hvor commits skal verificeres.","Andere können sicher sein, dass die Commits von jemandem mit Zugang zum privaten Schlüssel signiert wurden, und wenn sie darauf vertrauen, dass der Schlüssel dir gehört, können sie dich als Autor verifizieren.

Du musst sicherstellen, dass der öffentliche Schlüssel dort verfügbar ist, wo Commits verifiziert werden müssen.","其他人可以确认提交已由拥有私钥的人签名，如果他们信任该密钥属于你，就可以验证你是作者。

你需要确保公钥在需要验证提交的地方可用。","其他人可以確認提交已由擁有私鑰的人簽名，如果他們信任該金鑰屬於你，就可以驗證你是作者。

你需要確保公開金鑰在需要驗證提交的地方可用。"
Output Zip archive,,1.6,Output Zip-arkiv,Zip-Archiv ausgeben,输出 Zip 归档,輸出 Zip 歸檔
Overwrite All,button to overwrite all files including .git folder when importing into existing repository,1.6,Overskriv alle,Alle überschreiben,全部覆盖,全部覆蓋
PaperColor Light,name of the PaperColor Light syntax highlighting color scheme,1.6,PaperColor Light,PaperColor Light,PaperColor Light,PaperColor Light
Passphrase entries must match.,error when passphrase and confirmation do not match during key generation,1.6,Adgangskoderne skal være ens.,Die Passphrase-Eingaben müssen übereinstimmen.,密码短语输入必须一致。,密碼短語輸入必須一致。
Passphrase needed to decode private key,Error when an encrypted key requires a passphrase that was not provided,1.6,Adgangskode nødvendig for at dekode privat nøgle,Passphrase zum Entschlüsseln des privaten Schlüssels erforderlich,需要密码短语来解密私钥,需要密碼短語來解密私鑰
Passphrase was incorrect and did not properly decode key,Error when the provided passphrase does not decrypt the key,1.6,Adgangskoden var forkert og dekodede ikke nøglen korrekt,Die Passphrase war falsch und hat den Schlüssel nicht korrekt entschlüsselt,密码短语不正确，未能正确解密密钥,密碼短語不正確，未能正確解密金鑰
Path %@ does not exists,"error when status path is not found, arg: file path",1.6,Stien %@ findes ikke,Pfad %@ existiert nicht,路径 %@ 不存在,路徑 %@ 不存在
"Path specification covers %d modified files, but commit limit is %d.","error when commit exceeds file limit with path, args: file count, limit",1.6,"Stispecifikation dækker %d ændrede filer, men commit-grænsen er %d.","Pfadangabe umfasst %d geänderte Dateien, aber das Commit-Limit ist %d.",路径规格涵盖 %d 个已修改文件，但提交限制为 %d。,路徑規格涵蓋 %d 個已修改檔案，但提交限制為 %d。
Pending connect,status text when SSH disconnects while download or command execution is pending,1.6,Afventende forbindelse,Ausstehende Verbindung,等待连接,等待連線
Please enter text to sign,validation error when text field is empty in sign text alert,1.6,Indtast venligst tekst der skal signeres,Bitte gib den zu signierenden Text ein,请输入要签名的文本,請輸入要簽名的文字
Please enter your %@ credentials.,"authentication prompt message, arg: service or host name",1.6,Indtast venligst dine %@-legitimationsoplysninger.,Bitte gib deine %@-Anmeldedaten ein.,请输入你的 %@ 凭据。,請輸入你的 %@ 憑證。
Please supply private key,Error when a public key was provided but a private key is required,1.6,Angiv venligst privat nøgle,Bitte gib den privaten Schlüssel an,请提供私钥,請提供私鑰
Pull Request creation not supported for this HostingProvider,error when hosting provider does not support creating pull requests,1.6,Oprettelse af pull request understøttes ikke for denne HostingProvider,Pull-Request-Erstellung wird für diesen HostingProvider nicht unterstützt,此 HostingProvider 不支持创建 Pull Request,此 HostingProvider 不支援建立 Pull Request
Pull request reading not supported for this HostingProvider,error when hosting provider does not support reading pull requests,1.6,Læsning af pull request understøttes ikke for denne HostingProvider,Lesen von Pull Requests wird für diesen HostingProvider nicht unterstützt,此 HostingProvider 不支持读取 Pull Request,此 HostingProvider 不支援讀取 Pull Request
Pulled,"past tense of git pull, used in result message",1.6,Pulled,Gepullt,已拉取,已拉取
Pulling %@ %@,"progress title for downloading and integrating changes; args: repository name, remote server name",1.6,Puller %@ %@,Pulle %@ %@,正在拉取 %@ %@,正在拉取 %@ %@
Purge,action to delete a cloned submodule's local data,1.6,Rens,Entfernen,清除,清除
Purge Submodule,button to remove a submodule from device,1.6,Fjern submodule,Submodule entfernen,清除子模组,清除子模組
Push not allowed,Error when the server rejected uploading changes.,1.6,Push ikke tilladt,Push nicht erlaubt,不允许推送,不允許推送
Pushing %@ %@ → %@,"push progress, args: repo name, local branch, remote branch",1.6,Pusher %@ %@ → %@,Pushe %@ %@ → %@,正在推送 %@ %@ → %@,正在推送 %@ %@ → %@
Pushing %@ to %@,"progress title for uploading changes; args: repository name, remote server name",1.6,Pusher %@ til %@,Pushe %@ zu %@,正在推送 %@ 到 %@,正在推送 %@ 到 %@
RSA Key,SSH key type label for RSA keys,1.6,RSA-nøgle,RSA-Schlüssel,RSA 密钥,RSA 金鑰
Rebase,git operation: reapply commits on top of another base,1.6,Rebase,Rebase,变基,重定基底
Rebase if needed,merge strategy option for pulling,1.6,Rebase om nødvendigt,Rebase falls nötig,需要时变基,需要時重定基底
Rebase support,replaying commits on top of a different starting point,1.6,Rebase-understøttelse,Rebase-Unterstützung,变基支持,重定基底支援
Receipt needs to be updated for new app version.,license validation error when app receipt is outdated,1.6,Kvittering skal opdateres for ny app-version.,Beleg muss für neue App-Version aktualisiert werden.,收据需要为新版应用更新。,收據需要為新版 App 更新。
Receiving from %@:%d failed,"error when reading data from SSH port forwarding channel fails, %@ is host and %d is port",1.6,Modtagelse fra %@:%d mislykkedes,Empfangen von %@:%d fehlgeschlagen,从 %@:%d 接收失败,從 %@:%d 接收失敗
Refusing checkout with modified files.,error when branch checkout is blocked because working directory has modifications,1.6,Afviser checkout med ændrede filer.,Checkout mit geänderten Dateien abgelehnt.,拒绝在有已修改文件时检出。,拒絕在有已修改檔案時簽出。
Refusing write to existing file $PATH. Use 'Exists' option to change this behaviour.,Shortcuts write-file error when file already exists; $PATH is replaced with the file path,1.6,Afviser skrivning til eksisterende fil $PATH. Brug 'Exists'-indstillingen for at ændre dette.,"Schreiben in bestehende Datei $PATH abgelehnt. Verwende die 'Exists'-Option, um dieses Verhalten zu ändern.",拒绝写入已存在的文件 $PATH。使用“Exists”选项来更改此行为。,拒絕寫入已存在的檔案 $PATH。使用「Exists」選項來變更此行為。
"Refusing write to existing file %@.

Use 'When File Exists' option to change this behaviour.",Shortcuts error when file already exists and overwrite is disabled. %@ is file path,1.6,"Afviser skrivning til eksisterende fil %@.

Brug 'Når fil eksisterer'-indstillingen for at ændre dette.","Schreiben in bestehende Datei %@ abgelehnt.

Verwende die 'Wenn Datei existiert'-Option, um dieses Verhalten zu ändern.","拒绝写入已存在的文件 %@。

使用“当文件存在时”选项来更改此行为。","拒絕寫入已存在的檔案 %@。

使用「當檔案存在時」選項來變更此行為。"
Remove Key from %@,button to delete signing key; %@ is the device model name like iPhone or iPad,1.6,Fjern nøgle fra %@,Schlüssel von %@ entfernen,从 %@ 移除密钥,從 %@ 移除金鑰
Repository Name is not allowed to contain slashes.,Shortcuts clone error when repository name contains slash characters,1.6,Repository-navn må ikke indeholde skråstreger.,Repository-Name darf keine Schrägstriche enthalten.,仓库名称不允许包含斜杠。,版本庫名稱不允許包含斜槓。
Repository created. It will be empty until you push.,success message after creating a new remote repository,1.6,Repository oprettet. Det vil være tomt indtil du pusher.,"Repository erstellt. Es ist leer, bis du pushst.",仓库已创建。在你推送之前它将是空的。,版本庫已建立。在你推送之前它將是空的。
Repository forking not supported for this HostingProvider,error when the hosting provider does not support forking repositories,1.6,Fork af repository understøttes ikke for denne HostingProvider,Forken des Repositorys wird für diesen HostingProvider nicht unterstützt,此 HostingProvider 不支持复刻仓库,此 HostingProvider 不支援 Fork 版本庫
"Repository has %d modified files, but commit limit is %d.","error when commit exceeds file limit for whole repo, args: file count, limit",1.6,"Repository har %d ændrede filer, men commit-grænsen er %d.","Repository hat %d geänderte Dateien, aber das Commit-Limit ist %d.",仓库有 %d 个已修改文件，但提交限制为 %d。,版本庫有 %d 個已修改檔案，但提交限制為 %d。
Repository name cannot contain .. as it will be used as a directory name.,error when repository name has parent directory traversal,1.6,Repository-navn kan ikke indeholde .. da det bruges som mappenavn.,"Repository-Name darf .. nicht enthalten, da er als Verzeichnisname verwendet wird.",仓库名称不能包含 ..，因为它将用作目录名。,版本庫名稱不能包含 ..，因為它將用作目錄名。
Repository name cannot contain / : newline or control characters.,error when the forced repository name contains invalid characters,1.6,Repository-navn kan ikke indeholde / : linjeskift eller kontroltegn.,Repository-Name darf / : Zeilenumbrüche oder Steuerzeichen nicht enthalten.,仓库名称不能包含 /、:、换行符或控制字符。,版本庫名稱不能包含 /、:、換行符或控制字元。
"Repository name cannot contain any of the following characters: /:\*?""<>|!",error when repository name has invalid characters,1.6,"Repository-navn kan ikke indeholde følgende tegn: /:\*?""<>|!","Repository-Name darf keines der folgenden Zeichen enthalten: /:\*?""<>|!","仓库名称不能包含以下任何字符：/:\*?""<>|!","版本庫名稱不能包含以下任何字元：/:\*?""<>|!"
Repository names must not contain slashes,error when renaming repository with invalid characters,1.6,Repository-navne må ikke indeholde skråstreger,Repository-Namen dürfen keine Schrägstriche enthalten,仓库名称不能包含斜杠,版本庫名稱不能包含斜槓
Request outside root directory.,error when preview server request tries to access file outside repository,1.6,Forespørgsel uden for rodmappen.,Anfrage außerhalb des Stammverzeichnisses.,请求超出根目录。,請求超出根目錄。
Reset of %@ will lose all changes in working directory.,hard reset warning: all uncommitted file changes will be lost; %@ is branch name,1.6,Reset af %@ vil miste alle ændringer i working directory.,Reset von %@ wird alle Änderungen im Arbeitsverzeichnis verlieren.,重置 %@ 将丢失工作目录中的所有更改。,重設 %@ 將遺失工作目錄中的所有變更。
Response is too old. Make sure your local clock is accurate.,license validation error when server response timestamp is expired,1.6,Svaret er for gammelt. Sørg for at dit lokale ur er korrekt.,"Antwort ist zu alt. Stelle sicher, dass deine lokale Uhr korrekt ist.",响应已过期。请确保你的本地时钟准确。,回應已過期。請確保你的本機時鐘準確。
Revert HEAD,action to revert submodule HEAD reference,1.6,Revert HEAD,Revert HEAD,还原 HEAD,還原 HEAD
Revert Submodule,action to revert submodule changes,1.6,Revert submodule,Revert Submodule,还原子模组,還原子模組
Rules exclude this from sync.,sync action description when file is excluded by rules,1.6,Regler udelukker dette fra synkronisering.,Regeln schließen dies von der Synchronisierung aus.,规则将此排除在同步之外。,規則將此排除在同步之外。
SFTP error %ld,"SFTP error with numeric error code, %ld is the error code number",1.6,SFTP-fejl %ld,SFTP-Fehler %ld,SFTP 错误 %ld,SFTP 錯誤 %ld
SSH Commit Signing,feature name for cryptographically signing commits with SSH keys,1.6,SSH commit-signering,SSH-Commit-Signierung,SSH 提交签名,SSH 提交簽名
SSH Key,SSH key type label for unknown key types,1.6,SSH-nøgle,SSH-Schlüssel,SSH 密钥,SSH 金鑰
SSH Key,storyboard string for SSH Key,1.6,SSH-nøgle,SSH-Schlüssel,SSH 密钥,SSH 金鑰
SSH Key,storyboard string for SSH Key,1.6,SSH-nøgle,SSH-Schlüssel,SSH 密钥,SSH 金鑰
SSH Key,storyboard string for SSH Key,1.6,SSH-nøgle,SSH-Schlüssel,SSH 密钥,SSH 金鑰
SSH Keys,storyboard string for SSH Keys,1.6,SSH-nøgler,SSH-Schlüssel,SSH 密钥,SSH 金鑰
SSH Keys,storyboard string for SSH Keys,1.6,SSH-nøgler,SSH-Schlüssel,SSH 密钥,SSH 金鑰
SSH Keys are tried until one works.,subtitle explaining automatic SSH key selection,1.6,SSH-nøgler prøves indtil én virker.,"SSH-Schlüssel werden ausprobiert, bis einer funktioniert.",SSH 密钥会逐一尝试直到有一个成功。,SSH 金鑰會逐一嘗試直到有一個成功。
"SSH host key verification failed.

%@ has fingerprint %@ which was not expected.","host key mismatch error, first %@ is hostname, second %@ is the fingerprint",1.6,"SSH-verifikation af værtsnøgle mislykkedes.

%@ har fingeraftryk %@ som ikke var forventet.","SSH-Hostschlüssel-Verifizierung fehlgeschlagen.

%@ hat den Fingerabdruck %@, der nicht erwartet wurde.","SSH 主机密钥验证失败。

%@ 的指纹为 %@，与预期不符。","SSH 主機金鑰驗證失敗。

%@ 的指紋為 %@，與預期不符。"
SSZipArchive,storyboard string for SSZipArchive,1.6,SSZipArchive,SSZipArchive,SSZipArchive,SSZipArchive
Save error,share extension alert title when saving a file fails,1.6,Fejl ved gemning,Fehler beim Sichern,保存错误,儲存錯誤
Screen Lock,storyboard string for Screen Lock,1.6,Skærmlås,Bildschirmsperre,屏幕锁定,螢幕鎖定
Screen Lock,storyboard string for Screen Lock,1.6,Skærmlås,Bildschirmsperre,屏幕锁定,螢幕鎖定
"Screen Lock is deprecated.

Long-press the Working Copy icon on your Home Screen and select ""Require %@"".","deprecation message, %@ is biometric name like Face ID or Touch ID",1.6,"Skærmlås er forældet.

Hold Working Copy-ikonet inde på din hjemmeskærm og vælg ""Kræv %@"".","Bildschirmsperre ist veraltet.

Halte das Working Copy-Symbol auf deinem Startbildschirm gedrückt und wähle ""Erfordere %@"".","屏幕锁定已弃用。

长按主屏幕上的 Working Copy 图标并选择“需要 %@”。","螢幕鎖定已棄用。

長按主畫面上的 Working Copy 圖示並選擇「需要 %@」。"
Server not running any supported protocol.,error when no compatible hosting provider could be detected on the server,1.6,Server kører ikke nogen understøttet protokol.,Server unterstützt kein bekanntes Protokoll.,服务器未运行任何受支持的协议。,伺服器未執行任何受支援的通訊協定。
Server response does not indicate Forgejo.,Error when server detection fails to identify a Forgejo instance,1.6,Serversvar indikerer ikke Forgejo.,Serverantwort deutet nicht auf Forgejo hin.,服务器响应未指示为 Forgejo。,伺服器回應未指示為 Forgejo。
Server response does not indicate GitLab.,error when server detection fails for GitLab,1.6,Serversvar indikerer ikke GitLab.,Serverantwort deutet nicht auf GitLab hin.,服务器响应未指示为 GitLab。,伺服器回應未指示為 GitLab。
Server response does not indicate Gitea.,Error when server detection fails to identify a Gitea instance,1.6,Serversvar indikerer ikke Gitea.,Serverantwort deutet nicht auf Gitea hin.,服务器响应未指示为 Gitea。,伺服器回應未指示為 Gitea。
Server value is neither valid as regular or Secure Copy URL.,error when the entered server address cannot be parsed as a URL,1.6,Serverværdi er hverken gyldig som almindelig eller Secure Copy URL.,Serverwert ist weder als normale noch als Secure Copy URL gültig.,服务器值既不是有效的常规 URL，也不是有效的 Secure Copy URL。,伺服器值既不是有效的常規 URL，也不是有效的 Secure Copy URL。
Shutdown WebDAV server.,detail for stopping WebDAV server,1.6,Luk WebDAV-server ned.,WebDAV-Server herunterfahren.,关闭 WebDAV 服务器。,關閉 WebDAV 伺服器。
Sign,confirm button to sign text with SSH key,1.6,Signér,Signieren,签名,簽名
Sign in with ChatGPT,button label to authenticate with a ChatGPT account for AI completion,1.6,Log ind med ChatGPT,Mit ChatGPT anmelden,使用 ChatGPT 登录,使用 ChatGPT 登入
Signature verification failed,license validation error when cryptographic signature is invalid,1.6,Signaturverifikation mislykkedes,Signaturverifizierung fehlgeschlagen,签名验证失败,簽名驗證失敗
Signed commits,free feature: PGP signing of commits,1.6,Signerede commits,Signierte Commits,已签名的提交,已簽名的提交
Signing failed,error message when SSH signing operation fails,1.6,Signering mislykkedes,Signierung fehlgeschlagen,签名失败,簽名失敗
Signing key already configured on GitHub.,message when signing key was already uploaded to GitHub,1.6,Signeringsnøgle allerede konfigureret på GitHub.,Signierungsschlüssel bereits auf GitHub konfiguriert.,签名密钥已在 GitHub 上配置。,簽名金鑰已在 GitHub 上設定。
Skip configuration,button to skip SSH key configuration during server creation,1.6,Spring konfiguration over,Konfiguration überspringen,跳过配置,跳過設定
Solarized Light,name of the Solarized Light syntax highlighting color scheme,1.6,Solarized Light,Solarized Light,Solarized Light,Solarized Light
Speak Responses,toggle label for text-to-speech setting in Repository Agent menu,1.6,Oplæs svar,Antworten vorlesen,朗读回复,朗讀回覆
Squash not allowed for this commit,error when git squash (combining commits) is not possible,1.6,Squash ikke tilladt for denne commit,Squash für diesen Commit nicht erlaubt,此提交不允许压缩,此提交不允許壓縮
Stage changes to commit,error: user needs to stage files first,1.6,Stage ændringer for at committe,"Stage Änderungen, um zu committen",暂存更改以进行提交,暫存變更以進行提交
Staging %@ with all zero bytes is almost certainly not intended.,"error when partial staging would result in all-zero content, %@ is the file path",1.6,At stage %@ med alle nul-bytes er næsten helt sikkert ikke tilsigtet.,%@ mit ausschließlich Null-Bytes zu stagen ist mit ziemlicher Sicherheit nicht beabsichtigt.,暂存全为零字节的 %@ 几乎可以肯定不是你的本意。,暫存全為零位元組的 %@ 幾乎可以肯定不是你的本意。
Start WebDAV,name of the shortcut that starts the WebDAV server,1.6,Start WebDAV,WebDAV starten,启动 WebDAV,啟動 WebDAV
Start WebDAV server,quick action title to start the WebDAV file server,1.6,Start WebDAV-server,WebDAV-Server starten,启动 WebDAV 服务器,啟動 WebDAV 伺服器
Startup WebDAV server.,detail for starting WebDAV server,1.6,Start WebDAV-server.,WebDAV-Server starten.,启动 WebDAV 服务器。,啟動 WebDAV 伺服器。
Stash contains all changes.,message shown when stash already contains all changes,1.6,Stash indeholder alle ændringer.,Stash enthält bereits alle Änderungen.,储藏已包含所有更改。,貯存已包含所有變更。
Stashing,toolbar group label for stash/unstash actions,1.6,Stashing,Stashing,储藏,貯存
Status check requires Working Copy 3.5.2 or later.,error when File Provider proxy is too old for status check,1.6,Statuskontrol kræver Working Copy 3.5.2 eller nyere.,Statusprüfung erfordert Working Copy 3.5.2 oder neuer.,状态检查需要 Working Copy 3.5.2 或更高版本。,狀態檢查需要 Working Copy 3.5.2 或更高版本。
Status=%d from executing command.,"SSH command error with exit code, %d is the status code",1.6,Status=%d fra udførelse af kommando.,Status=%d bei Ausführung des Befehls.,执行命令返回 Status=%d。,執行指令回傳 Status=%d。
Status=%d: %@,"SSH command error with exit code and output, %d is status code, %@ is command output",1.6,Status=%d: %@,Status=%d: %@,Status=%d: %@,Status=%d: %@
Stop WebDAV server,quick action title to stop the WebDAV file server,1.6,Stop WebDAV-server,WebDAV-Server stoppen,停止 WebDAV 服务器,停止 WebDAV 伺服器
Stop using SSH key,button to disconnect an SSH signing key,1.6,Stop brug af SSH-nøgle,SSH-Schlüssel nicht mehr verwenden,停止使用 SSH 密钥,停止使用 SSH 金鑰
Submodule configuration,feature name for adding and configuring Git submodules,1.6,Submodule-konfiguration,Submodule-Konfiguration,子模组配置,子模組設定
Submodule support,free feature: working with Git submodules,1.6,Submodule-understøttelse,Submodule-Unterstützung,子模组支持,子模組支援
Submodules,storyboard string for Submodules,1.6,Submodules,Submodules,子模组,子模組
Sync not needed.,status when already in sync,1.6,Sync ikke nødvendig.,Sync nicht erforderlich.,无需同步。,無需同步。
Synchronize,storyboard string for Synchronize,1.6,Synkroniser,Synchronisieren,同步,同步
Synchronize,storyboard string for Synchronize,1.6,Synkroniser,Synchronisieren,同步,同步
Synchronize,storyboard string for Synchronize,1.6,Synkroniser,Synchronisieren,同步,同步
Synchronize,storyboard string for Synchronize,1.6,Synkroniser,Synchronisieren,同步,同步
Tap colored parts of URL to change values and tap cell itself to Copy URLs to clipboard and Paste into another app.,footer hint for callback URL list when drag is not available,1.6,"Tryk på farvede dele af URL for at ændre værdier, og tryk på selve cellen for at kopiere URL til udklipsholder og indsætte i en anden app.","Tippe auf farbige Teile der URL, um Werte zu ändern, und tippe auf die Zelle selbst, um URLs in die Zwischenablage zu kopieren und in eine andere App einzufügen.",轻触 URL 的彩色部分来更改值，轻触单元格本身可将 URL 复制到剪贴板，以便粘贴到另一个应用中。,點一下 URL 的彩色部分來變更值，點一下儲存格本身可將 URL 複製到剪貼簿，以便貼上到另一個 App 中。
Tap to edit name or url,prompt to enter a repository name or remote URL,1.6,Tryk for at redigere navn eller URL,Tippe zum Bearbeiten von Name oder URL,轻触以编辑名称或 URL,點一下以編輯名稱或 URL
Tap to edit remote url,prompt to enter a remote repository URL for cloning,1.6,Tryk for at redigere remote-URL,Tippe zum Bearbeiten der Remote-URL,轻触以编辑远程 URL,點一下以編輯遠端 URL
Target path for repository is already in use.,error when cloning would overwrite an existing directory,1.6,Målsti for repository er allerede i brug.,Zielpfad für Repository wird bereits verwendet.,仓库的目标路径已被使用。,版本庫的目標路徑已被使用。
Test,table section footer for signing key test,1.6,Test,Test,测试,測試
The commit has already been pushed to %@. You need to rewrite history to Undo.,warning when undoing a pushed commit; %@ is the remote name,1.6,Denne commit er allerede pushet til %@. Du skal omskrive historik for at fortryde.,"Der Commit wurde bereits zu %@ gepusht. Du musst die Historie umschreiben, um ihn rückgängig zu machen.",此提交已被推送到 %@。你需要重写历史记录才能撤销。,此提交已被推送到 %@。你需要重寫歷史記錄才能撤銷。
The repository name '%@' is already in use.,"error when init finds existing repository, arg: repository name",1.6,Repository-navnet '%@' er allerede i brug.,Der Repository-Name '%@' wird bereits verwendet.,仓库名称“%@”已被使用。,版本庫名稱「%@」已被使用。
The working directory file has uncommitted changes that will be overwritten.,warning shown before reverting a file that has uncommitted changes,1.6,"Filen i working directory har ikke-committede ændringer, der vil blive overskrevet.","Die Datei im Arbeitsverzeichnis hat nicht-committete Änderungen, die überschrieben werden.",工作目录中的文件有未提交的更改，这些更改将被覆盖。,工作目錄中的檔案有未提交的變更，這些變更將被覆蓋。
There are changes in %@ that will be lost beyond recovery. Consider commiting and pushing changes to remote.,"named variant of delete warning, %@ is the repository name",1.6,Der er ændringer i %@ der vil gå uigenkaldeligt tabt. Overvej at committe og pushe ændringer til remote.,"Es gibt Änderungen in %@, die unwiderruflich verloren gehen. Erwäge, Änderungen zu committen und zum Remote zu pushen.",%@ 中有更改将永久丢失且无法恢复。请考虑将更改提交并推送到远程。,%@ 中有變更將永久遺失且無法恢復。請考慮將變更提交並推送到遠端。
There are changes that will be lost beyond recovery. Consider commiting and pushing changes to remote.,delete warning when repository has uncommitted or unpushed changes,1.6,Der er ændringer der vil gå uigenkaldeligt tabt. Overvej at committe og pushe ændringer til remote.,"Es gibt Änderungen, die unwiderruflich verloren gehen. Erwäge, Änderungen zu committen und zum Remote zu pushen.",有更改将永久丢失且无法恢复。请考虑将更改提交并推送到远程。,有變更將永久遺失且無法恢復。請考慮將變更提交並推送到遠端。
There is already a pull request opened between these branches.,error when a merge request already exists for the selected branches,1.6,Der er allerede en pull request åbnet mellem disse branches.,Es gibt bereits einen Pull Request zwischen diesen Branches.,这些分支之间已存在一个拉取请求。,這些分支之間已存在一個 Pull Request。
This Hosting Provider is undecided.,error when the server type has not been determined yet,1.6,Denne hostingudbyder er ikke bestemt.,Dieser Hosting-Anbieter ist nicht festgelegt.,此托管提供商尚未确定。,此代管服務商尚未確定。
Token Usage,menu label for viewing AI token usage statistics in Repository Agent,1.6,Tokenforbrug,Token-Verbrauch,令牌用量,權杖用量
Transmitting to %@:%d failed,"error when sending data through SSH port forwarding channel fails, %@ is host and %d is port",1.6,Afsendelse til %@:%d mislykkedes,Übertragung an %@:%d fehlgeschlagen,向 %@:%d 传输失败,向 %@:%d 傳輸失敗
Trying to read file outside repository.,error when attempting to access a file not within any repository,1.6,Forsøger at læse fil udenfor repository.,"Versuch, eine Datei außerhalb des Repository zu lesen.",正在尝试读取仓库外部的文件。,正在嘗試讀取版本庫外部的檔案。
URL Callback actions not enabled. Tap to configure.,status bar message when callbacks are disabled,1.6,URL Callback-handlinger ikke aktiveret. Tryk for at konfigurere.,URL-Callback-Aktionen nicht aktiviert. Tippe zum Konfigurieren.,URL Callback 操作未启用。轻触以配置。,URL Callback 操作未啟用。點一下以設定。
URL Callback key incorrect. Tap to view or edit.,status bar message when callback key does not match,1.6,URL Callback-nøgle er forkert. Tryk for at se eller redigere.,URL-Callback-Schlüssel ist falsch. Tippe zum Ansehen oder Bearbeiten.,URL Callback 密钥不正确。轻触以查看或编辑。,URL Callback 金鑰不正確。點一下以檢視或編輯。
Unable to access file at %@ for writing,"error when file cannot be opened for writing, arg: file path",1.6,Kan ikke tilgå fil ved %@ for skrivning,Datei bei %@ kann nicht zum Schreiben geöffnet werden,无法访问 %@ 处的文件进行写入,無法存取 %@ 處的檔案進行寫入
Unable to access repository while device is locked.,error shown when data protection prevents accessing files on a locked device,1.6,Kan ikke tilgå repository mens enheden er låst.,"Zugriff auf Repository nicht möglich, während das Gerät gesperrt ist.",设备锁定时无法访问仓库。,裝置鎖定時無法存取版本庫。
Unable to add %@ to staging index.,"error when a file cannot be added to the git index, %@ is the file path",1.6,Kan ikke tilføje %@ til staging index.,%@ kann nicht zum Staging-Index hinzugefügt werden.,无法将 %@ 添加到暂存索引。,無法將 %@ 新增到暫存索引。
Unable to allocate space for grand parent commits,error when memory allocation fails during commit amend operation,1.6,Kan ikke allokere plads til bedsteforælder-commits,Speicher für Großeltern-Commits kann nicht zugewiesen werden,无法为祖父提交分配空间,無法為祖父提交分配空間
Unable to clone %@ without cell.,"error when backup clone fails, %@ = repository name",1.6,Kan ikke clone %@ uden mobilforbindelse.,%@ kann ohne Mobilfunkverbindung nicht geklont werden.,没有蜂窝网络无法克隆 %@。,沒有行動網路時無法拓製 %@。
Unable to commit when detached from HEAD. You need to revert changes or create a new branch.,error when trying to commit in detached HEAD state,1.6,Kan ikke committe ved detached HEAD. Du skal reverte ændringer eller oprette en ny branch.,Committen nicht möglich bei detached HEAD. Du musst Änderungen reverten oder einen neuen Branch erstellen.,处于游离 HEAD 状态时无法提交。你需要还原更改或创建新分支。,處於游離 HEAD 狀態時無法提交。你需要還原變更或建立新分支。
Unable to connect to %@:%d: %s,"error when reverse port forwarding cannot connect to local target, %@ is host, %d is port, %s is system error",1.6,Kan ikke oprette forbindelse til %@:%d: %s,Verbindung zu %@:%d nicht möglich: %s,无法连接到 %@:%d：%s,無法連線到 %@:%d：%s
Unable to coordinate access to %@ for accessing.,"file coordination error, %@ is the file path",1.6,Kan ikke koordinere adgang til %@ for tilgang.,Zugriff auf %@ kann nicht koordiniert werden.,无法协调对 %@ 的访问。,無法協調對 %@ 的存取。
Unable to coordinate access to %@ for listing.,"file coordination error, %@ is the directory path",1.6,Kan ikke koordinere adgang til %@ for liste.,Zugriff auf %@ für Auflistung kann nicht koordiniert werden.,无法协调对 %@ 的列表访问。,無法協調對 %@ 的清單存取。
Unable to coordinate access to file,error when file coordination times out during hunk revert,1.6,Kan ikke koordinere adgang til fil,Zugriff auf Datei kann nicht koordiniert werden,无法协调对文件的访问,無法協調對檔案的存取
Unable to copy font %@: %@,"error when font file cannot be copied, first %@ is filename, second %@ is error description",1.6,Kan ikke kopiere skrifttype %@: %@,Schriftart %@ kann nicht kopiert werden: %@,无法复制字体 %@：%@,無法複製字型 %@：%@
Unable to create a repository not contained in a project.,Error when trying to create an Azure DevOps repository without selecting a project,1.6,Kan ikke oprette et repository der ikke er indeholdt i et projekt.,"Repository kann nicht erstellt werden, wenn es nicht in einem Projekt enthalten ist.",无法创建不属于任何项目的仓库。,無法建立不屬於任何專案的版本庫。
"Unable to create directory '%@':
%@","Shortcuts write-file error when directory creation fails; first %@ is directory name, second %@ is the error description",1.6,"Kan ikke oprette mappe '%@':
%@","Verzeichnis '%@' kann nicht erstellt werden:
%@","无法创建目录“%@”：
%@","無法建立目錄「%@」：
%@"
Unable to create listening socket for port forwarning,error when local listening socket for SSH port forwarding cannot be created,1.6,Kan ikke oprette lyttesocket til portvideresendelse,Listening-Socket für Portweiterleitung kann nicht erstellt werden,无法为端口转发创建监听套接字,無法為埠轉發建立監聽通訊端
Unable to create local socket for port forwarding: %s,"error when local socket creation fails during reverse port forwarding, %s is the system error string",1.6,Kan ikke oprette lokal socket til portvideresendelse: %s,Lokaler Socket für Portweiterleitung kann nicht erstellt werden: %s,无法为端口转发创建本地套接字：%s,無法為埠轉發建立本機通訊端：%s
Unable to create pull request between repositories on %@ and %@.,"error when base and head are on different hosting providers, %@ are provider names like GitHub or GitLab",1.6,Kan ikke oprette pull request mellem repositories på %@ og %@.,Pull Request zwischen Repositories auf %@ und %@ kann nicht erstellt werden.,无法在 %@ 和 %@ 上的仓库之间创建拉取请求。,無法在 %@ 和 %@ 上的版本庫之間建立 Pull Request。
Unable to decode Ecdsa private key,Error when extracting public key from ECDSA private key,1.6,Kan ikke dekode Ecdsa privat nøgle,Ecdsa-Privatschlüssel kann nicht dekodiert werden,无法解码 ECDSA 私钥,無法解碼 ECDSA 私鑰
Unable to decode RSA private key,Error when extracting public key from RSA private key,1.6,Kan ikke dekode RSA privat nøgle,RSA-Privatschlüssel kann nicht dekodiert werden,无法解码 RSA 私钥,無法解碼 RSA 私鑰
Unable to decode base64.,error when base64 parameter cannot be decoded,1.6,Kan ikke dekode base64.,Base64 kann nicht dekodiert werden.,无法解码 base64。,無法解碼 base64。
Unable to decode private key block,Error when the encrypted private key data cannot be read,1.6,Kan ikke dekode privat nøgle-blok,Privater Schlüsselblock kann nicht dekodiert werden,无法解码私钥块,無法解碼私鑰區塊
Unable to decode text when calculating differences,error when file text encoding cannot be converted to UTF-8 for diff,1.6,Kan ikke dekode tekst ved beregning af forskelle,Text kann beim Berechnen der Unterschiede nicht dekodiert werden,计算差异时无法解码文本,計算差異時無法解碼文字
Unable to delete current branch '$BRANCH',Shortcuts delete-branch error when trying to delete the currently checked-out branch; $BRANCH is replaced with the branch name,1.6,Kan ikke slette den aktuelle branch '$BRANCH',Aktueller Branch '$BRANCH' kann nicht gelöscht werden,无法删除当前分支“$BRANCH”,無法刪除目前分支「$BRANCH」
Unable to determine lfs server,error when LFS server discovery via SSH fails,1.6,Kan ikke bestemme LFS-server,LFS-Server kann nicht ermittelt werden,无法确定 LFS 服务器,無法確定 LFS 伺服器
"Unable to download LFS object %@.

%@","LFS download failure, args: filename or OID, error description",1.6,"Kan ikke downloade LFS-objekt %@.

%@","LFS-Objekt %@ kann nicht heruntergeladen werden.

%@","无法下载 LFS 对象 %@。

%@","無法下載 LFS 物件 %@。

%@"
Unable to encode text as %@.,"error when text encoding fails, arg: encoding name like UTF-8",1.6,Kan ikke kode tekst som %@.,Text kann nicht als %@ kodiert werden.,无法将文本编码为 %@。,無法將文字編碼為 %@。
Unable to fetch data from clipboard,error when clipboard contains no usable data for write callback,1.6,Kan ikke hente data fra udklipsholder,Daten können nicht aus der Zwischenablage abgerufen werden,无法从剪贴板获取数据,無法從剪貼簿取得資料
Unable to file files from %@,"error when parent controller is not a directory, %@ is the controller description",1.6,Kan ikke finde filer fra %@,Dateien können nicht aus %@ gefunden werden,无法从 %@ 查找文件,無法從 %@ 查詢檔案
Unable to find %@ in directory %@,"error when file not found, first %@ is filename, second %@ is directory path",1.6,Kan ikke finde %@ i mappe %@,%@ kann nicht im Verzeichnis %@ gefunden werden,无法在目录 %2$@ 中找到 %1$@,無法在目錄 %2$@ 中找到 %1$@
Unable to find path without first picking repository.,error when trying to navigate to a file path without a repository selected,1.6,Kan ikke finde sti uden først at vælge repository.,Pfad kann nicht ohne vorherige Auswahl eines Repositorys gefunden werden.,未先选择仓库无法查找路径。,未先選擇版本庫無法查詢路徑。
Unable to find repository '$REPO',Shortcuts error when repository name cannot be resolved; $REPO is replaced with the repository name,1.6,Kan ikke finde repository '$REPO',Repository '$REPO' kann nicht gefunden werden,无法找到仓库“$REPO”,無法找到版本庫「$REPO」
Unable to generate RSA key,Error when RSA key generation fails,1.6,Kan ikke generere RSA-nøgle,RSA-Schlüssel kann nicht generiert werden,无法生成 RSA 密钥,無法產生 RSA 金鑰
Unable to import %@,"error title when importing a directory or zip fails, %@ is the filename",1.6,Kan ikke importere %@,%@ kann nicht importiert werden,无法导入 %@,無法匯入 %@
Unable to import key data: %@,error when key import fails; %@ is the error description,1.6,Kan ikke importere nøgledata: %@,Schlüsseldaten können nicht importiert werden: %@,无法导入密钥数据：%@,無法匯入金鑰資料：%@
Unable to load %@: %@,"error loading a file, first %@ is the filename, second %@ is the error description",1.6,Kan ikke indlæse %@: %@,%@ kann nicht geladen werden: %@,无法加载 %@：%@,無法載入 %@：%@
Unable to load font %@,"error when font file cannot be loaded, %@ is filename",1.6,Kan ikke indlæse skrifttype %@,Schriftart %@ kann nicht geladen werden,无法加载字体 %@,無法載入字型 %@
Unable to lookup PR #%d for %@,"error when pull request cannot be found, %d is PR number, %@ is repository URL",1.6,Kan ikke finde PR #%d for %@,PR #%d für %@ kann nicht gefunden werden,无法查找 %2$@ 的 PR #%1$d,無法查詢 %2$@ 的 PR #%1$d
Unable to make SSH session,error when libssh2 session initialization fails,1.6,Kan ikke oprette SSH-session,SSH-Sitzung kann nicht erstellt werden,无法创建 SSH 会话,無法建立 SSH 工作階段
Unable to make local socket for port forwarding non-blocking: %s,"error when setting socket to non-blocking mode fails during port forwarding, %s is the system error string",1.6,Kan ikke gøre lokal socket til portvideresendelse ikke-blokerende: %s,Lokaler Socket für Portweiterleitung kann nicht auf nicht-blockierend gesetzt werden: %s,无法将端口转发的本地套接字设为非阻塞：%s,無法將埠轉發的本機通訊端設為非阻塞：%s
Unable to move Keychain contents.,error message when transferring keychain data from enterprise app fails,1.6,Kan ikke flytte Keychain-indhold.,Keychain-Inhalte können nicht verschoben werden.,无法移动钥匙串内容。,無法移動鑰匙圈內容。
Unable to move LFS object into place,error when moving a downloaded LFS object to its final storage location,1.6,Kan ikke flytte LFS-objekt på plads,LFS-Objekt kann nicht an die richtige Stelle verschoben werden,无法将 LFS 对象移动到位,無法將 LFS 物件移動到位
Unable to open %@ for writing: %@,"error when local file cannot be opened for SFTP download, first %@ is file path, second %@ is exception reason",1.6,Kan ikke åbne %@ for skrivning: %@,%@ kann nicht zum Schreiben geöffnet werden: %@,无法打开 %@ 进行写入：%@,無法開啟 %@ 進行寫入：%@
Unable to open channel,error when SSH channel cannot be opened for command execution,1.6,Kan ikke åbne kanal,Kanal kann nicht geöffnet werden,无法打开通道,無法開啟通道
Unable to parse pull request URL,error when the pull request URL format is not recognized,1.6,Kan ikke fortolke pull request-URL,Pull-Request-URL kann nicht geparst werden,无法解析拉取请求 URL,無法解析 Pull Request URL
"Unable to push changes, that couldn't be fast-forwarded.",short error when push is rejected and force push dialog will be shown,1.6,Kan ikke pushe ændringer der ikke kunne fast-forwardes.,"Änderungen können nicht gepusht werden, da kein Fast-Forward möglich war.",无法推送，因为更改无法快进。,無法推送，因為變更無法快轉。
Unable to read gists,error when fetching user's GitHub gists fails,1.6,Kan ikke læse gists,Gists können nicht gelesen werden,无法读取 gists,無法讀取 gists
Unable to read personal repos,error when fetching user's own GitHub repositories fails,1.6,Kan ikke læse personlige repos,Persönliche Repos können nicht gelesen werden,无法读取个人仓库,無法讀取個人版本庫
Unable to read private key block,Error when encrypted private key data cannot be read while recoding,1.6,Kan ikke læse privat nøgle-blok,Privater Schlüsselblock kann nicht gelesen werden,无法读取私钥块,無法讀取私鑰區塊
Unable to read repos for team %@,"error when fetching team repositories fails, %@ is the team name",1.6,Kan ikke læse repos for team %@,Repos für Team %@ können nicht gelesen werden,无法读取团队 %@ 的仓库,無法讀取團隊 %@ 的版本庫
Unable to read security key handle from %@,"Error when FIDO security key handle cannot be read, %@ is the key type",1.6,Kan ikke læse sikkerhedsnøgle-håndtag fra %@,Sicherheitsschlüssel-Handle kann nicht aus %@ gelesen werden,无法从 %@ 读取安全密钥句柄,無法從 %@ 讀取安全金鑰控制代碼
Unable to read starred gists,error when fetching user's starred GitHub gists fails,1.6,Kan ikke læse stjernemarkerede gists,Markierte Gists können nicht gelesen werden,无法读取已加星标的 gists,無法讀取已加星號標記的 gists
Unable to read starred repos,error when fetching user's starred GitHub repositories fails,1.6,Kan ikke læse stjernemarkerede repos,Markierte Repos können nicht gelesen werden,无法读取已加星标的仓库,無法讀取已加星號標記的版本庫
Unable to read teams,error when fetching GitHub organization teams fails,1.6,Kan ikke læse teams,Teams können nicht gelesen werden,无法读取团队,無法讀取團隊
Unable to read user,error when fetching GitHub user profile fails,1.6,Kan ikke læse bruger,Benutzer kann nicht gelesen werden,无法读取用户,無法讀取使用者
Unable to revert text that was not found in file,error when the text to revert no longer matches the file content,1.6,Kan ikke tilbageføre tekst der ikke blev fundet i filen,"Text kann nicht zurückgesetzt werden, da er in der Datei nicht gefunden wurde",无法还原在文件中未找到的文本,無法還原在檔案中未找到的文字
Unable to satisfy request because of low-memory conditions,error shown when operation is aborted due to low device memory,1.6,Kan ikke opfylde forespørgsel på grund af lav hukommelse,Anfrage kann aufgrund von wenig Arbeitsspeicher nicht erfüllt werden,因内存不足无法满足请求,因記憶體不足無法滿足請求
Unable to setup libgit2,error when the libgit2 library fails to initialize,1.6,Kan ikke opsætte libgit2,libgit2 kann nicht eingerichtet werden,无法初始化 libgit2,無法初始化 libgit2
Unable to show branch without picking repository.,error when trying to navigate to a branch without a repository selected,1.6,Kan ikke vise branch uden at vælge repository.,Branch kann nicht ohne Auswahl eines Repositorys angezeigt werden.,未选择仓库无法显示分支。,未選擇版本庫無法顯示分支。
Unable to show commit without picking repository.,error when trying to navigate to a commit without a repository selected,1.6,Kan ikke vise commit uden at vælge repository.,Commit kann nicht ohne Auswahl eines Repositorys angezeigt werden.,未选择仓库无法显示提交。,未選擇版本庫無法顯示提交。
Unable to start audio recording. Missing input node.,error when audio engine has no input node for speech recording,1.6,Kan ikke starte lydoptagelse. Manglende inputnode.,Audioaufnahme kann nicht gestartet werden. Eingangsknoten fehlt.,无法开始录音。缺少输入节点。,無法開始錄音。缺少輸入節點。
Unable to suggest AI commit message,error when AI failed to generate a description for the commit,1.6,Kan ikke foreslå AI commit-besked,KI-Commit-Nachricht kann nicht vorgeschlagen werden,无法生成 AI 提交消息建议,無法產生 AI 提交訊息建議
Unable to verify your paid download of %@. Please restart the migration transfer in Working Copy Enterprise.,"error when enterprise receipt verification fails, %@ is the enterprise app name",1.6,Kan ikke verificere dit betalte download af %@. Genstart venligst migreringsoverførslen i Working Copy Enterprise.,Dein bezahlter Download von %@ kann nicht verifiziert werden. Bitte starte die Migrationsübertragung in Working Copy Enterprise neu.,无法验证你的 %@ 付费下载。请在 Working Copy Enterprise 中重新开始迁移传输。,無法驗證你的 %@ 付費下載。請在 Working Copy Enterprise 中重新開始遷移傳輸。
Unable to verify your paid download. Please restart the transfer process in Working Copy Enterprise.,error when enterprise receipt cannot be verified and app name is unknown,1.6,Kan ikke verificere dit betalte download. Genstart venligst overførselsprocessen i Working Copy Enterprise.,Dein bezahlter Download kann nicht verifiziert werden. Bitte starte den Übertragungsvorgang in Working Copy Enterprise neu.,无法验证你的付费下载。请在 Working Copy Enterprise 中重新开始传输过程。,無法驗證你的付費下載。請在 Working Copy Enterprise 中重新開始傳輸過程。
Unable to write to command stdin,error when writing input data to SSH command fails,1.6,Kan ikke skrive til kommandoens stdin,Schreiben auf die Standardeingabe des Befehls nicht möglich,无法写入命令的 stdin,無法寫入指令的 stdin
"Unable to write to directory '%@' that doesn't exist.

Toggle 'Create Missing Directories' to change this behaviour.",Shortcuts error when target directory is missing. %@ is directory path,1.6,"Kan ikke skrive til mappen '%@' der ikke eksisterer.

Slå 'Opret manglende mapper' til for at ændre denne adfærd.","In das Verzeichnis '%@' kann nicht geschrieben werden, da es nicht existiert.

Aktiviere 'Fehlende Verzeichnisse erstellen', um dieses Verhalten zu ändern.","无法写入不存在的目录“%@”。

开启“创建缺失的目录”可更改此行为。","無法寫入不存在的目錄「%@」。

開啟「建立缺少的目錄」可變更此行為。"
Unable to write to directory '%@' that doesn't exist. Toggle 'Create Missing Directories' to change this behaviour.,Shortcuts write-file error when target directory is missing; %@ is the directory name,1.6,Kan ikke skrive til mappen '%@' der ikke eksisterer. Slå 'Opret manglende mapper' til for at ændre denne adfærd.,"In das Verzeichnis '%@' kann nicht geschrieben werden, da es nicht existiert. Aktiviere 'Fehlende Verzeichnisse erstellen', um dieses Verhalten zu ändern.",无法写入不存在的目录“%@”。开启“创建缺失的目录”可更改此行为。,無法寫入不存在的目錄「%@」。開啟「建立缺少的目錄」可變更此行為。
Unable to write to file: %@,"error when writing received data to local file fails, %@ is the exception reason",1.6,Kan ikke skrive til fil: %@,In Datei kann nicht geschrieben werden: %@,无法写入文件：%@,無法寫入檔案：%@
Unfinished editing of %@ branch. Tap to cancel edits.,"banner message about an unfinished interactive rebase edit, arg: branch name",1.6,Uafsluttet redigering af %@ branch. Tryk for at annullere redigeringer.,"Unvollständige Bearbeitung des %@ Branch. Tippe, um Änderungen abzubrechen.",%@ 分支编辑未完成。轻触以取消编辑。,%@ 分支編輯未完成。點一下以取消編輯。
Unknown,short sync strategy label for unrecognized strategy,1.6,Ukendt,Unbekannt,未知,未知
Unknown Sync strategy.,sync action description for unrecognized strategy,1.6,Ukendt synkroniseringsstrategi.,Unbekannte Sync-Strategie.,未知的同步策略。,未知的同步策略。
Unknown branch name '%@'.,"error when branch name not found in repository, %@ is branch name",1.6,Ukendt branch-navn '%@'.,Unbekannter Branch-Name '%@'.,未知的分支名称“%@”。,未知的分支名稱「%@」。
Unknown hostname %@,"error when DNS lookup fails for a server, %@ is the hostname",1.6,Ukendt værtsnavn %@,Unbekannter Hostname %@,未知的主机名 %@,未知的主機名稱 %@
Unknown search scope,error when commit search uses an unrecognized scope,1.6,Ukendt søgeområde,Unbekannter Suchbereich,未知的搜索范围,未知的搜尋範圍
Unsupported command %@: %@,SVG path parsing error: args are command letter and context string,1.6,Kommando ikke understøttet %@: %@,Nicht unterstützter Befehl %@: %@,不支持的命令 %@：%@,不支援的指令 %@：%@
Unsupported install action: %@,error when an unknown app integration action is requested; %@ is the action name,1.6,Installationshandling ikke understøttet: %@,Nicht unterstützte Installationsaktion: %@,不支持的安装操作：%@,不支援的安裝操作：%@
Update,action to update submodule to the commit referenced by parent,1.6,Opdater,Aktualisieren,更新,更新
Upload done. Waiting for changes.,status text after all files have been successfully uploaded,1.6,Upload færdig. Venter på ændringer.,Upload abgeschlossen. Warte auf Änderungen.,上传完成。等待更改。,上傳完成。等待變更。
Use existing SSH key,button to pick an existing SSH key for commit signing,1.6,Brug eksisterende SSH-nøgle,Vorhandenen SSH-Schlüssel verwenden,使用现有 SSH 密钥,使用現有 SSH 金鑰
Use existing SSH key,storyboard string for Use existing SSH key,1.6,Brug eksisterende SSH-nøgle,Vorhandenen SSH-Schlüssel verwenden,使用现有 SSH 密钥,使用現有 SSH 金鑰
Use existing SSH key,storyboard string for Use existing SSH key,1.6,Brug eksisterende SSH-nøgle,Vorhandenen SSH-Schlüssel verwenden,使用现有 SSH 密钥,使用現有 SSH 金鑰
Username is required,credential prompt when server requires a username for SSH,1.6,Brugernavn er påkrævet,Benutzername ist erforderlich,需要用户名,需要使用者名稱
Users' Guide,substring highlighted as a link in the SSH key list footer,1.6,Brugervejledning,Benutzerhandbuch,用户指南,使用者指南
Verify,button to verify SSH key passphrase and proceed with import,1.6,Bekræft,Überprüfen,验证,驗證
Waiting for changes,status text when all files are uploaded and watching for local changes,1.6,Venter på ændringer,Warte auf Änderungen,等待更改,等待變更
WebDAV Server,storyboard string for WebDAV Server,1.6,WebDAV-server,WebDAV-Server,WebDAV 服务器,WebDAV 伺服器
WebDAV Server,storyboard string for WebDAV Server,1.6,WebDAV-server,WebDAV-Server,WebDAV 服务器,WebDAV 伺服器
WebDAV Server,storyboard string for WebDAV Server,1.6,WebDAV-server,WebDAV-Server,WebDAV 服务器,WebDAV 伺服器
WebDav Server,storyboard string for WebDav Server,1.6,WebDAV-server,WebDAV-Server,WebDAV 服务器,WebDAV 伺服器
When you tap $BUTTON $CONSEQUENCE. Then '$COMMAND' will be run and when done files created or updated are downloaded to '$LOCAL'.,"help text describing upload, command execution and download; $BUTTON, $CONSEQUENCE, $COMMAND, $LOCAL are replaced",1.6,Når du trykker $BUTTON $CONSEQUENCE. Derefter køres '$COMMAND' og når det er færdigt downloades oprettede eller opdaterede filer til '$LOCAL'.,"Wenn du $BUTTON tippst, $CONSEQUENCE. Dann wird '$COMMAND' ausgeführt und wenn fertig werden erstellte oder aktualisierte Dateien nach '$LOCAL' heruntergeladen.",轻触 $BUTTON $CONSEQUENCE 后，将运行“$COMMAND”；完成后，创建或更新的文件会下载到“$LOCAL”。,點一下 $BUTTON $CONSEQUENCE 後，將執行「$COMMAND」；完成後，建立或更新的檔案會下載到「$LOCAL」。
When you tap $BUTTON $CONSEQUENCE. Then '$COMMAND' will be run.,"help text with directory mapping describing upload consequences and command; $BUTTON, $CONSEQUENCE, $COMMAND are replaced",1.6,Når du trykker $BUTTON $CONSEQUENCE. Derefter køres '$COMMAND'.,"Wenn du $BUTTON tippst, $CONSEQUENCE. Dann wird '$COMMAND' ausgeführt.",轻触 $BUTTON $CONSEQUENCE 后，将运行“$COMMAND”。,點一下 $BUTTON $CONSEQUENCE 後，將執行「$COMMAND」。
When you tap $BUTTON '$COMMAND' will be run on $HOST and when done files created or updated are downloaded to '$LOCAL'.,"help text describing command execution and download when no upload changes; $BUTTON, $COMMAND, $HOST, $LOCAL are replaced",1.6,Når du trykker $BUTTON køres '$COMMAND' på $HOST og når det er færdigt downloades oprettede eller opdaterede filer til '$LOCAL'.,"Wenn du $BUTTON tippst, wird '$COMMAND' auf $HOST ausgeführt und wenn fertig werden erstellte oder aktualisierte Dateien nach '$LOCAL' heruntergeladen.",轻触 $BUTTON 后，“$COMMAND”将在 $HOST 上运行；完成后，创建或更新的文件会下载到“$LOCAL”。,當你點一下 $BUTTON，「$COMMAND」將在 $HOST 上執行，完成後建立或更新的檔案將下載到「$LOCAL」。
When you tap $BUTTON '$COMMAND' will be run on $HOST.,"help text with directory mapping when no upload changes; $BUTTON, $COMMAND, $HOST are replaced",1.6,Når du trykker $BUTTON køres '$COMMAND' på $HOST.,"Wenn du $BUTTON tippst, wird '$COMMAND' auf $HOST ausgeführt.",轻触 $BUTTON 后，“$COMMAND”将在 $HOST 上运行。,當你點一下 $BUTTON，「$COMMAND」將在 $HOST 上執行。
Working Copy Enterprise 2018,app name used in receipt verification error message,1.6,Working Copy Enterprise 2018,Working Copy Enterprise 2018,Working Copy Enterprise 2018,Working Copy Enterprise 2018
Working Copy has no pull request support for repository at %@,"error when hosting provider does not support pull requests, %@ is the repository URL",1.6,Working Copy har ikke pull request-understøttelse for repository på %@,Working Copy hat keine Pull-Request-Unterstützung für das Repository bei %@,Working Copy 不支持位于 %@ 的仓库的拉取请求,Working Copy 不支援位於 %@ 的版本庫的 Pull Request 功能
Working Copy needs a Identity when making commits. You should pick a personal Email address from Contacts.,action sheet message prompting user to create their first commit identity,1.6,Working Copy har brug for en identitet når der laves commits. Du bør vælge en personlig e-mailadresse fra Kontakter.,Working Copy benötigt eine Identität beim Erstellen von Commits. Du solltest eine persönliche E-Mail-Adresse aus den Kontakten wählen.,Working Copy 在提交时需要一个身份。你应该从通讯录中选择一个个人电子邮件地址。,Working Copy 在提交時需要一個身分。你應該從通訊錄中選擇一個個人電子郵件地址。
You are not allowed to move items to this directory.,error when attempting to move files outside a repository,1.6,Du har ikke tilladelse til at flytte elementer til denne mappe.,"Du hast keine Berechtigung, Elemente in dieses Verzeichnis zu verschieben.",你没有权限将项目移动到此目录。,你沒有權限將項目移動到此目錄。
You are not allowed to rename repository directories.,error when attempting to rename a top-level repository folder,1.6,Du har ikke tilladelse til at omdøbe repository-mapper.,"Du hast keine Berechtigung, Repository-Verzeichnisse umzubenennen.",你没有权限重命名仓库目录。,你沒有權限重新命名版本庫目錄。
"You can amend, split, squash and remove selected commits.

Tap commits to toggle selection.",tip shown when entering interactive rebase editing mode,1.6,"Du kan amend, split, squash og fjerne valgte commits.

Tryk på commits for at skifte valg.","Du kannst ausgewählte Commits amenden, splitten, squashen und entfernen.

Tippe auf Commits, um die Auswahl umzuschalten.","你可以修订、拆分、压缩和移除选中的提交。

轻触提交以切换选择。","你可以修訂、拆分、壓縮和移除選中的提交。

點一下提交以切換選擇。"
You can read more about SSH Key configuration in the Users' Guide.,footer text in SSH key list linking to documentation,1.6,Du kan læse mere om SSH-nøglekonfiguration i brugervejledningen.,Du kannst mehr über SSH-Schlüsselkonfiguration im Benutzerhandbuch lesen.,你可以在用户指南中阅读更多关于 SSH 密钥配置的信息。,你可以在使用者指南中閱讀更多關於 SSH 金鑰設定的資訊。
You have commits on %@ that need to be pushed but you are not allowed to push.,"error message, %@ is branch name",1.6,Du har commits på %@ der skal pushes men du har ikke tilladelse til at pushe.,"Du hast Commits auf %@, die gepusht werden müssen, aber du hast keine Berechtigung zum Pushen.",你在 %@ 上有需要推送的提交，但你没有推送权限。,你在 %@ 上有需要推送的提交，但你沒有推送權限。
You need latest commits from %@ and %@ to continue pull request.,"prompt to fetch, %@ are two remote names",1.6,Du mangler de seneste commits fra %@ og %@ for at fortsætte pull request.,"Du benötigst die neuesten Commits von %@ und %@, um mit dem Pull Request fortzufahren.",你需要从 %@ 和 %@ 获取最新的提交才能继续拉取请求。,你需要從 %@ 和 %@ 抓取最新的提交才能繼續 Pull Request。
You need latest commits from %@ to continue pull request.,"prompt to fetch, %@ is remote name",1.6,Du mangler de seneste commits fra %@ for at fortsætte pull request.,"Du benötigst die neuesten Commits von %@, um mit dem Pull Request fortzufahren.",你需要从 %@ 获取最新的提交才能继续拉取请求。,你需要從 %@ 抓取最新的提交才能繼續 Pull Request。
"You need to accept terms for AI commit message suggestions inside Working Copy.

Request AI Suggestion once inside app.",error when AI terms have not been accepted in the main app,1.6,"Du skal acceptere vilkår for AI commit-beskedforslag inde i Working Copy.

Anmod om AI-forslag én gang inde i appen.","Du musst die Bedingungen für KI-Commit-Nachrichtenvorschläge in Working Copy akzeptieren.

Fordere einmal einen KI-Vorschlag in der App an.","你需要在 Working Copy 中接受 AI 提交消息建议的条款。

请在应用内请求一次 AI 建议。","你需要在 Working Copy 中接受 AI 提交訊息建議的條款。

請在 App 內請求一次 AI 建議。"
You need to commit at least once before you can push.,error when trying to push a repository with no commits (unborn HEAD),1.6,Du skal committe mindst én gang før du kan pushe.,"Du musst mindestens einmal committen, bevor du pushen kannst.",你需要至少提交一次才能推送。,你需要至少提交一次才能推送。
You need to commit changes before switching branches. Tap to commit.,warning shown when trying to checkout with uncommitted changes,1.6,Du skal committe ændringer inden du skifter branch. Tryk for at committe.,"Du musst Änderungen committen, bevor du den Branch wechselst. Tippe zum Committen.",你需要在切换分支之前提交更改。轻触以提交。,你需要在切換分支之前提交變更。點一下以提交。
You need to configure a command to run on $HOST after your local files have been uploaded.,help text when command field is empty with file upload; $HOST is replaced with server name,1.6,Du skal konfigurere en kommando der skal køres på $HOST efter dine lokale filer er uploadet.,"Du musst einen Befehl konfigurieren, der auf $HOST ausgeführt wird, nachdem deine lokalen Dateien hochgeladen wurden.",你需要配置一个在本地文件上传后在 $HOST 上运行的命令。,你需要設定一個在本機檔案上傳後在 $HOST 上執行的指令。
You need to configure a command to run on $HOST.,help text when command field is empty with directory mapping; $HOST is replaced with server name,1.6,Du skal konfigurere en kommando der skal køres på $HOST.,"Du musst einen Befehl konfigurieren, der auf $HOST ausgeführt wird.",你需要配置一个在 $HOST 上运行的命令。,你需要設定一個在 $HOST 上執行的指令。
You need to create or pick a Identity.,prompt shown when identity is required before committing,1.6,Du skal oprette eller vælge en identitet.,Du musst eine Identität erstellen oder auswählen.,你需要创建或选择一个身份。,你需要建立或選擇一個身分。
You need to dismiss %@ and try again.,"error when navigation blocked by presented controller, %@ is the controller title",1.6,Du skal lukke %@ og prøve igen.,Du musst %@ schließen und es erneut versuchen.,你需要关闭 %@ 然后重试。,你需要關閉 %@ 然後重試。
You need to pick a directory outside the Working Copy location.,error when user picks a directory inside the app's own storage for linking,1.6,Du skal vælge en mappe uden for Working Copy-placeringen.,Du musst ein Verzeichnis außerhalb des Working Copy-Speicherorts wählen.,你需要选择 Working Copy 位置之外的目录。,你需要選擇 Working Copy 位置之外的目錄。
You need to restart Delete after setting identity information.,"message shown after user sets their Git identity, prompting them to retry branch deletion",1.6,Du skal genstarte Delete efter indstilling af identitetsoplysninger.,Du musst Delete nach dem Festlegen der Identitätsinformationen neu starten.,你需要在设置身份信息后重新开始删除操作。,你需要在設定身分資訊後重新開始刪除操作。
You need to restart commit after setting identity information.,"message shown after user configures identity, prompting to retry commit",1.6,Du skal genstarte commit efter indstilling af identitetsoplysninger.,Du musst den Commit nach dem Festlegen der Identitätsinformationen neu starten.,你需要在设置身份信息后重新开始提交操作。,你需要在設定身分資訊後重新開始提交操作。
You need to specify filename with destination parameter.,error when move callback lacks destination parameter,1.6,Du skal angive filnavn med destination-parameteren.,Du musst einen Dateinamen mit dem destination-Parameter angeben.,你需要通过 destination 参数指定文件名。,你需要透過 destination 參數指定檔名。
You need to specify filename with source parameter.,error when move callback lacks source parameter,1.6,Du skal angive filnavn med source-parameteren.,Du musst einen Dateinamen mit dem source-Parameter angeben.,你需要通过 source 参数指定文件名。,你需要透過 source 參數指定檔名。
You need to specify repository with repo parameter.,error when callback requires single repo but none specified,1.6,Du skal angive repository med repo-parameteren.,Du musst ein Repository mit dem repo-Parameter angeben.,你需要通过 repo 参数指定仓库。,你需要透過 repo 參數指定版本庫。
You need to specify the remote reference on repository %@ to push %@ to.,"instruction when destination field is empty, first %@ is remote name, second %@ is source reference",1.6,Du skal angive remote-referencen på repository %@ at pushe %@ til.,"Du musst die Remote-Referenz auf Repository %@ angeben, zu der %@ gepusht werden soll.",你需要指定仓库 %@ 上的远程引用以推送 %@。,你需要指定版本庫 %@ 上的遠端引用以推送 %@。
You need to specify the remote repository to push %@ to.,"instruction when remote field is empty, %@ is source reference name",1.6,Du skal angive remote-repositoriet at pushe %@ til.,"Du musst das Remote-Repository angeben, zu dem %@ gepusht werden soll.",你需要指定要将 %@ 推送到的远程仓库。,你需要指定要將 %@ 推送到的遠端版本庫。
"You need to supply a Netlify access token to access Large Media objects.

Look for a 64-hexdigit 'token' in  ~/.netlify/config.json on a machine where the Netlify CLI is available.

Use this token as the password.",authentication prompt for Netlify LFS Large Media,1.6,"Du skal angive et Netlify-adgangstoken for at tilgå Large Media-objekter.

Find et 64-hexcifret 'token' i  ~/.netlify/config.json på en maskine hvor Netlify CLI er tilgængelig.

Brug dette token som adgangskode.","Du benötigst ein Netlify-Zugangstoken, um auf Large Media-Objekte zuzugreifen.

Suche nach einem 64-stelligen Hex-'token' in  ~/.netlify/config.json auf einem Rechner, auf dem die Netlify CLI verfügbar ist.

Verwende dieses Token als Passwort.","你需要提供 Netlify 访问令牌才能访问 Large Media 对象。

在安装了 Netlify CLI 的机器上，在 ~/.netlify/config.json 中查找由 64 个十六进制字符组成的“token”。

请使用此令牌作为密码。","你需要提供 Netlify 存取權杖才能存取 Large Media 物件。

在安裝了 Netlify CLI 的機器上，在 ~/.netlify/config.json 中尋找由 64 個十六進位字元組成的「token」。

請使用此權杖作為密碼。"
"You picked a public key, but a private key is needed to sign commits.",error when user imports a public key instead of a private key,1.6,"Du valgte en offentlig nøgle, men en privat nøgle er nødvendig for at signere commits.","Du hast einen öffentlichen Schlüssel ausgewählt, aber ein privater Schlüssel wird zum Signieren von Commits benötigt.",你选择了一个公钥，但签名提交需要私钥。,你選擇了一個公開金鑰，但簽名提交需要私鑰。
You will not be able to Push to or Fetch from remote.,warning shown before deleting a remote,1.6,Du vil ikke kunne pushe til eller fetche fra remote.,Du wirst nicht zum Remote pushen oder davon fetchen können.,你将无法向远程推送或从远程获取。,你將無法向遠端推送或從遠端抓取。
Zip entire repository including .git,detail for archive with .git,1.6,Zip hele repositoriet inklusiv .git,Gesamtes Repository inklusive .git zippen,压缩整个仓库（包括 .git）,壓縮整個版本庫（包括 .git）
added %ld branches,"fetch result clause, %ld is number of new branches added",1.6,tilføjede %ld branches,%ld Branches hinzugefügt,添加了 %ld 个分支,添加了 %ld 個分支
added 1 branch,fetch result clause when exactly one new branch was added,1.6,tilføjede 1 branch,1 Branch hinzugefügt,添加了 1 个分支,添加了 1 個分支
added annotations,fetch result clause when git notes/annotations were received,1.6,tilføjede annotationer,Annotationen hinzugefügt,添加了注解,添加了註解
connection lost,SFTP error: connection to server was lost,1.6,forbindelse mistet,Verbindung verloren,连接丢失,連線中斷
dark mode,label for dark appearance color scheme preview,1.6,mørk tilstand,dunkler Modus,深色模式,深色模式
directory not empry,SFTP error: cannot remove directory because it is not empty,1.6,mappe ikke tom,Verzeichnis nicht leer,目录非空,目錄非空
ensureValidPullRequest:callback: not implemented for this hosting provider.,error when pull request validation is not supported by this hosting provider,1.6,ensureValidPullRequest:callback: ikke implementeret for denne hosting-udbyder.,ensureValidPullRequest:callback: nicht implementiert für diesen Hosting-Anbieter.,ensureValidPullRequest:callback: 此托管提供商未实现。,ensureValidPullRequest:callback: 此代管服務商未實作。
fast-forward %ld,"rebase analysis: fast-forward by number of commits, arg: commit count",1.6,fast-forward %ld,fast-forward %ld,快进 %ld,快轉 %ld
file already exists,SFTP error: file already exists at destination,1.6,filen findes allerede,Datei existiert bereits,文件已存在,檔案已存在
https://github.com/torvalds/linux.git,storyboard string for https://github.com/torvalds/linux.git,1.6,https://github.com/torvalds/linux.git,https://github.com/torvalds/linux.git,https://github.com/torvalds/linux.git,https://github.com/torvalds/linux.git
https://github.com/torvalds/linux.git,storyboard string for https://github.com/torvalds/linux.git,1.6,https://github.com/torvalds/linux.git,https://github.com/torvalds/linux.git,https://github.com/torvalds/linux.git,https://github.com/torvalds/linux.git
ignored,file status label indicating the file is excluded via .gitignore,1.6,ignoreret,ignoriert,已忽略,已忽略
information about x-callback-url actions,subtitle for documentation cell,1.6,information om x-callback-url handlinger,Informationen über x-callback-url-Aktionen,关于 x-callback-url 操作的信息,關於 x-callback-url 操作的資訊
information about x-callback-url actions,storyboard string for information about x-callback-url actions,1.6,information om x-callback-url-handlinger,Informationen über x-callback-url-Aktionen,关于 x-callback-url 操作的信息,關於 x-callback-url 操作的資訊
invalid filename,SFTP error: filename contains invalid characters,1.6,ugyldigt filnavn,ungültiger Dateiname,无效的文件名,無效的檔名
invalid handle,SFTP error: file handle is invalid,1.6,ugyldigt handle,ungültiges Handle,无效的句柄,無效的控制代碼
light mode,label for light appearance color scheme preview,1.6,lys tilstand,heller Modus,浅色模式,淺色模式
link loop,SFTP error: too many symbolic links encountered,1.6,link-løkke,Link-Schleife,链接循环,連結迴圈
no connection,SFTP error: connection to server not established,1.6,ingen forbindelse,keine Verbindung,无连接,無連線
no media,SFTP error: no storage media available,1.6,ingen medie,keine Medien,无媒体,無媒體
no such file,SFTP error: requested file does not exist,1.6,filen findes ikke,Datei nicht gefunden,文件不存在,檔案不存在
no such path,SFTP error: specified path does not exist,1.6,stien findes ikke,Pfad nicht gefunden,路径不存在,路徑不存在
not a directory,SFTP error: path is not a directory,1.6,ikke en mappe,kein Verzeichnis,不是目录,不是目錄
not make any changes,upload consequence when nothing needs to be uploaded or updated,1.6,ikke foretage ændringer,keine Änderungen vornehmen,不做任何更改,不做任何變更
nothing at path %@,"error when zip finds no files, arg: file path",1.6,intet på stien %@,nichts unter Pfad %@,路径 %@ 下无内容,路徑 %@ 下無內容
oAuth not supported for %@,"error message, %@ is the hosting service name",1.6,oAuth understøttes ikke for %@,oAuth wird nicht unterstützt für %@,%@ 不支持 oAuth,%@ 不支援 oAuth
one file on server is updated,"upload consequence in help text, passive voice",1.6,én fil på serveren er opdateret,eine Datei auf dem Server wird aktualisiert,服务器上的一个文件会被更新,伺服器上的一個檔案會被更新
operation unsupported,SFTP error: requested operation not supported by server,1.6,handling ikke understøttet,Aktion nicht unterstützt,操作不支持,操作不支援
received %@,"fetch result clause, %@ is transfer size (e.g. '1.2 MB')",1.6,modtaget %@,empfangen %@,已接收 %@,已接收 %@
rewrite required,rebase analysis: branch history needs rewriting,1.6,omskrivning påkrævet,Umschreibung erforderlich,需要重写,需要重寫
runs the internal WebDAV server,storyboard string for runs the internal WebDAV server,1.6,kører den interne WebDAV-server,betreibt den internen WebDAV-Server,运行内部 WebDAV 服务器,執行內部 WebDAV 伺服器
submodule ,file type label for submodule entries in changed files list,1.6,submodule ,Submodule ,子模组 ,"子模組 "
submodule cloning,action name shown when user cancels submodule clone operation,1.6,submodule cloning,Submodule-Clonen,子模组克隆,子模組拓製
sync,short log kind identifier for repository sync,1.6,synkroniser,synchronisieren,同步,同步
the local directory from %@ is mounted on %@,"describes WebDAV directory mapping; first %@ is device name, second %@ is server hostname",1.6,den lokale mappe fra %@ er monteret på %@,das lokale Verzeichnis von %@ ist auf %@ eingehängt,来自 %@ 的本地目录已挂载到 %@,來自 %@ 的本機目錄已掛載到 %@
transmitted %@,"push result clause, %@ is transfer size (e.g. '1.2 MB')",1.6,sendt %@,übertragen %@,已传输 %@,已傳輸 %@
unknown principle,SFTP error: unknown owner or group,1.6,ukendt princip,unbekanntes Prinzip,未知主体,未知主體
webdav,storyboard string for webdav,1.6,webdav,webdav,webdav,webdav
website,Fallback hostname in Gitea scope error message,1.6,websted,Webseite,网站,網站
write protect,SFTP error: file or volume is write-protected,1.6,skrivebeskyttelse,Schreibschutz,写保护,防寫
x-callback-url editing,free feature: editing files via x-callback-url automation,1.6,x-callback-url redigering,x-callback-url-Bearbeitung,x-callback-url 编辑,x-callback-url 編輯
x-callback-url support,free feature: automation via x-callback-url scheme,1.6,x-callback-url understøttelse,x-callback-url-Unterstützung,x-callback-url 支持,x-callback-url 支援
x-callbacks-url disabled,storyboard string for x-callbacks-url disabled,1.6,x-callback-url deaktiveret,x-callback-url deaktiviert,x-callback-url 已禁用,x-callback-url 已停用
"

This can happen if the .bashrc on the remote server does any output.",hint appended to SFTP packet error explaining a common cause,1.5,"

Dette kan ske, hvis .bashrc på fjernserveren producerer output.","

Dies kann passieren, wenn die .bashrc auf dem Remote-Server Ausgaben erzeugt.","

如果远程服务器上的 .bashrc 产生了任何输出，就可能发生这种情况。","

如果遠端伺服器上的 .bashrc 產生了任何輸出，就可能發生這種情況。"
Ask about this repository...,placeholder text in the agent prompt input field,1.5,Spørg om dette repository…,Über dieses Repository fragen …,询问关于此仓库的问题…,詢問關於此版本庫的問題…
Biometric authentication failed,error when Face ID or Touch ID authentication fails for Secure Enclave key,1.5,Biometrisk autentificering mislykkedes,Biometrische Authentifizierung fehlgeschlagen,生物识别验证失败,生物辨識驗證失敗
Gerrit dialog cancelled.,error when user cancels Gerrit review dialog during push,1.5,Gerrit-dialog annulleret.,Gerrit-Dialog abgebrochen.,Gerrit 对话框已取消。,Gerrit 對話方塊已取消。
Invalid parameters,error when repo or remote is nil for LFS SSH upload,1.5,Ugyldige parametre,Ungültige Parameter,无效的参数,無效的參數
Repeat passphrase,placeholder in passphrase confirmation text field during key generation,1.5,Gentag adgangskode,Passphrase wiederholen,重复密码短语,重複密碼短語
Unable to show Gerrit dialog.,error when Gerrit review dialog cannot be displayed because no screen is available,1.5,Kan ikke vise Gerrit-dialog.,Gerrit-Dialog kann nicht angezeigt werden.,无法显示 Gerrit 对话框。,無法顯示 Gerrit 對話方塊。
Use $DIFF where the diff should be inserted.,help text explaining the $DIFF placeholder in the user prompt for commit message generation,1.5,Brug $DIFF der hvor diff'en skal indsættes.,"Verwende $DIFF, wo der Diff eingefügt werden soll.",在需要插入差异的位置使用 $DIFF。,在需要插入差異的位置使用 $DIFF。
User Prompt,section header for the custom prompt used when generating commit messages,1.5,Brugerprompt,Benutzer-Prompt,用户提示词,使用者提示詞
Enter passphrase to unlock secret key for %@,"alert message asking user to type passphrase, %@ is the key user ID",1.4,Indtast adgangskode for at låse hemmelig nøgle op for %@,"Passphrase eingeben, um den geheimen Schlüssel für %@ zu entsperren",输入密码短语以解锁 %@ 的私钥,輸入密碼短語以解鎖 %@ 的私鑰
Export Secret Key,storyboard string for Export Secret Key,1.4,Eksporter privat nøgle,Privaten Schlüssel exportieren,导出私钥,匯出私鑰
Export Secret Key,storyboard string for Export Secret Key,1.4,Eksporter privat nøgle,Privaten Schlüssel exportieren,导出私钥,匯出私鑰
Jump,button to confirm jumping to entered line number,1.4,Spring til,Springen,跳转,跳轉
Network settings,accessibility label for port forwarding button in navigation bar,1.4,Netværksindstillinger,Netzwerkeinstellungen,网络设置,網路設定
No private keys found.,error when imported key data contains no secret/private keys,1.4,Ingen private nøgler fundet.,Keine privaten Schlüssel gefunden.,未找到私钥。,未找到私鑰。
Password or Access token,placeholder for Beanstalk password field,1.4,Adgangskode eller Access token,Passwort oder Access Token,密码或访问令牌,密碼或存取權杖
Please do not share screenshots or discuss these features publicly.,Alert message for secret feature unlock in beta builds,1.4,Del venligst ikke skærmbilleder eller diskuter disse funktioner offentligt.,Bitte teile keine Screenshots und diskutiere diese Funktionen nicht öffentlich.,请勿分享截图或公开讨论这些功能。,請勿分享截圖或公開討論這些功能。
Preview Code,Placeholder text for secret unlock code input field,1.4,Forhåndsvis kode,Code-Vorschau,预览功能解锁码,預覽功能解鎖碼
Preview features will be unlocked,Alert title for secret feature unlock in beta builds,1.4,Preview-funktioner vil blive låst op,Vorschau-Funktionen werden freigeschaltet,预览功能将被解锁,預覽功能將被解鎖
Rebase from %@,"accessibility label for merge button when rebase is preferred, arg: remote name",1.4,Rebase fra %@,Rebase von %@,从 %@ 变基,從 %@ 重定基底
Reload,"button to reload the SSH key list, only shown in beta builds",1.4,Genindlæs,Neu laden,重新加载,重新載入
Secure Enclave,navigation bar title for Secure Enclave key detail screen,1.4,Secure Enclave,Secure Enclave,Secure Enclave,Secure Enclave
Unlock Secret key,Touch ID / Face ID prompt reason when exporting private signing key,1.4,Lås hemmelig nøgle op,Geheimen Schlüssel entsperren,解锁私钥,解鎖私鑰
Unlock secret key for %@,"biometric authentication prompt to unlock signing key, %@ is the key user ID",1.4,Lås hemmelig nøgle op for %@,Geheimen Schlüssel für %@ entsperren,解锁 %@ 的私钥,解鎖 %@ 的私鑰
Use x-callback-url for automation and inter-app communication. Your URL key should be kept secret.,footer explaining x-callback-url purpose and key secrecy,1.4,Brug x-callback-url til automatisering og kommunikation mellem apps. Din URL-nøgle bør holdes hemmelig.,Verwende x-callback-url für Automatisierung und Kommunikation zwischen Apps. Dein URL-Schlüssel sollte geheim gehalten werden.,使用 x-callback-url 进行自动化和应用间通信。你的 URL 密钥应妥善保密。,使用 x-callback-url 進行自動化和 App 間通訊。你的 URL 金鑰應妥善保密。
%@ clipboard to %@,"activity title: first arg is verb (Write/Append/Prepend), second is file name",1.3,%@ udklipsholder til %@,%@ Zwischenablage nach %@,将剪贴板内容%1$@至 %2$@,將剪貼簿內容%1$@至 %2$@
%@ in %@,"Handoff activity title for file in repository, args: file path, repository name",1.3,%@ i %@,%@ in %@,%@ 在 %@ 中,%@ 在 %@ 中
%@ settings,settings menu title; %@ is the current preview mode name,1.3,%@-indstillinger,%@-Einstellungen,%@ 设置,%@ 設定
AI Suggestions,menu title for AI-generated commit message suggestions,1.3,AI-forslag,AI-Vorschläge,AI 建议,AI 建議
Action…,context menu item to run text action extensions,1.3,Handling…,Aktion…,操作…,操作…
Add branch,accessibility label for the button that creates a new branch,1.3,Tilføj branch,Branch hinzufügen,添加分支,新增分支
Add to repository,menu title for adding files to the repository,1.3,Tilføj til repository,Zum Repository hinzufügen,添加到仓库,新增到版本庫
Back,accessibility label for the multi-level back navigation button,1.3,Tilbage,Zurück,返回,返回
Button Location,menu title for choosing where the floating action button appears,1.3,Knapplacering,Schaltflächenposition,按钮位置,按鈕位置
Checkout branch,callback title: switch the working copy to a different branch,1.3,Checkout branch,Branch auschecken,检出分支,簽出分支
Clear Session,menu item to clear the agent conversation history,1.3,Ryd session,Sitzung zurücksetzen,清除会话,清除工作階段
Color…,context menu item to adjust color codes,1.3,Farve…,Farbe…,颜色…,顏色…
Commit Graph,accessibility label,1.3,Commit-graf,Commit-Graph,提交图,提交圖
Commit Log,callback title: list of past saved versions in the repository,1.3,Commit-log,Commit-Log,提交日志,提交日誌
Commit repository,callback title: save current changes as a new version,1.3,Commit repository,Commit Repository,提交仓库,提交版本庫
Compose Email,context menu action to compose an email to the commit author,1.3,Skriv e-mail,E-Mail verfassen,撰写邮件,撰寫郵件
Copy %@ status to clipboard as JSON,activity title: arg is file or directory whose Git status is copied,1.3,Kopiér %@-status til udklipsholder som JSON,Kopiere %@-Status als JSON in die Zwischenablage,将 %@ 状态以 JSON 格式复制到剪贴板,將 %@ 狀態以 JSON 格式複製到剪貼簿
Copy %@ to clipboard,activity title: arg is file name or path to read,1.3,Kopiér %@ til udklipsholder,Kopiere %@ in die Zwischenablage,将 %@ 复制到剪贴板,將 %@ 複製到剪貼簿
Copy Public Key,context menu action to copy the public key to clipboard,1.3,Kopiér offentlig nøgle,Öffentlichen Schlüssel kopieren,复制公钥,複製公開金鑰
Create Universal Link,activity title when creating a universal link to copy,1.3,Opret Universal Link,Universal Link erstellen,创建 Universal Link,建立 Universal Link
Dash,context menu item to look up documentation in Dash app,1.3,Dash,Dash,Dash,Dash
Delete branch,callback title for deleting a Git branch from a repository,1.3,Slet branch,Branch löschen,删除分支,刪除分支
Delete branch %@ in %@,"activity title: first arg is branch name, second is repository name",1.3,Slet branch %@ i %@,Branch %@ in %@ löschen,删除 %2$@ 中的分支 %1$@,刪除 %2$@ 中的分支 %1$@
Display,"submenu title for display settings like font size, line numbers, and theme",1.3,Visning,Anzeige,显示,顯示
Don't Commit,context menu action to exclude a diff line from commit,1.3,Commit ikke,Nicht committen,不提交,不提交
Entry,accessibility noun for keyboard navigation of table rows,1.3,Post,Eintrag,条目,項目
Execute command on %@: %@,"activity title: first arg is server hostname, second is the shell command to run",1.3,Udfør kommando på %@: %@,Befehl auf %@ ausführen: %@,在 %@ 上执行命令：%@,在 %@ 上執行指令：%@
Export PDF,activity title for exporting file content as PDF,1.3,Eksporter PDF,PDF exportieren,导出 PDF,匯出 PDF
Export Session…,menu item to export the agent conversation as a Markdown file,1.3,Eksporter session…,Sitzung exportieren…,导出会话…,匯出工作階段…
Fetch repository,callback title: download latest changes from server without integrating them,1.3,Fetch repository,Repository fetchen,获取仓库,抓取版本庫
Find,context menu item to search for selected text,1.3,Søg,Suchen,查找,尋找
Font: %@,"menu title showing current font, %@ is font name",1.3,Skrifttype: %@,Schriftart: %@,字体：%@,字型：%@
Image Mode,menu title for choosing image diff comparison mode,1.3,Billedtilstand,Bildmodus,图像模式,影像模式
Import Cookie,Submenu title for cookie import options,1.3,Importér cookie,Cookie importieren,导入 Cookie,匯入 Cookie
Init empty repository %@,activity title: arg is the name for the new repository,1.3,Init tomt repository %@,Leeres Repository %@ initialisieren,初始化空仓库 %@,初始化空版本庫 %@
Initialize Repository,callback title for creating a new empty Git repository,1.3,Initialisér repository,Repository initialisieren,初始化仓库,初始化版本庫
Insert Link,context menu item to insert a Markdown link,1.3,Indsæt link,Link einfügen,插入链接,插入連結
Link Repository to Document,activity title for linking a repository to a document package,1.3,Forbind repository til dokument,Repository mit Dokument verknüpfen,将仓库链接到文稿,將版本庫連結到文件
Link Repository to Folder,activity title for linking a repository to an external folder,1.3,Forbind repository til mappe,Repository mit Ordner verknüpfen,将仓库链接到文件夹,將版本庫連結到資料夾
List Commits,submenu title for choosing which commits to display,1.3,Vis commits,Commits auflisten,列出提交,列出提交
List repositories,callback title for action that lists all repositories,1.3,Vis repositories,Repositories auflisten,列出仓库,列出版本庫
List status,callback title for listing Git status of files in a repository,1.3,Vis status,Status anzeigen,列出状态,列出狀態
Lock Screen,keyboard shortcut label for locking the app screen,1.3,Låseskærm,Sperrbildschirm,锁定屏幕,鎖定螢幕
Move %@ to %@,"activity title: first arg is source path, second is destination path",1.3,Flyt %@ til %@,Verschiebe %@ nach %@,将 %@ 移动到 %@,將 %@ 移動到 %@
Move files,callback title for moving or renaming files in a repository,1.3,Flyt filer,Dateien verschieben,移动文件,移動檔案
Next Command,keyboard shortcut label for navigating to next console command in history,1.3,Næste kommando,Nächster Befehl,下一条命令,下一條指令
Next Search,keyboard shortcut label for navigating to next search history entry,1.3,Næste søgning,Nächste Suche,下一个搜索,下一個搜尋
Open in Chrome,activity title to open a URL in Chrome browser,1.3,Åbn i Chrome,In Chrome öffnen,在 Chrome 中打开,在 Chrome 中開啟
Open in Firefox,activity title to open a URL in Firefox browser,1.3,Åbn i Firefox,In Firefox öffnen,在 Firefox 中打开,在 Firefox 中開啟
Open in New Window,menu item to detach agent panel into its own window,1.3,Åbn i nyt vindue,In neuem Fenster öffnen,在新窗口中打开,在新視窗中開啟
Open in Safari,activity title to open a URL in Safari browser,1.3,Åbn i Safari,In Safari öffnen,在 Safari 中打开,在 Safari 中開啟
Open in Textastic,activity title to open a directory in the Textastic code editor,1.3,Åbn i Textastic,In Textastic öffnen,在 Textastic 中打开,在 Textastic 中開啟
Other modes,submenu title for additional file preview modes beyond the preferred ones,1.3,Andre tilstande,Andere Modi,其他模式,其他模式
Pick first,keyboard shortcut title to select first search result,1.3,Vælg først,Zuerst wählen,选择第一个,選擇第一個
Preferences…,application menu item to open preferences,1.3,Indstillinger…,Einstellungen…,偏好设置…,偏好設定…
Previous %@,revert menu item for the file version in the parent commit; %@ is the filename,1.3,Forrige %@,Vorheriges %@,上一个 %@,上一個 %@
Previous Command,keyboard shortcut label for navigating to previous console command in history,1.3,Forrige kommando,Vorheriger Befehl,上一条命令,上一條指令
Previous Search,keyboard shortcut label for navigating to previous search history entry,1.3,Forrige søgning,Vorherige Suche,上一次搜索,上一次搜尋
Read file,callback title for reading content from a file in a repository,1.3,Læs fil,Datei lesen,读取文件,讀取檔案
Rename %@ to %@,"activity title: first arg is old file name, second is new file name",1.3,Omdøb %@ til %@,%@ in %@ umbenennen,将 %@ 重命名为 %@,將 %@ 重新命名為 %@
Repository Images,submenu title for images found inside the repository,1.3,Repository-billeder,Repository-Bilder,仓库图片,版本庫圖片
Repository actions,accessibility label for the floating repository action button,1.3,Repository-handlinger,Repository-Aktionen,仓库操作,版本庫操作
Return to Panel,menu item to reattach agent window back into the side panel,1.3,Tilbage til panel,Zurück zum Panel,返回面板,返回面板
Share Snapshot,activity title for exporting a commit as a file snapshot,1.3,Del øjebliksbillede,Snapshot teilen,共享快照,分享快照
Share Universal Link,activity title when sharing a universal link via share sheet,1.3,Del Universal Link,Universal Link teilen,共享通用链接,分享通用連結
Show Date,context menu action to show full commit date,1.3,Vis dato,Datum anzeigen,显示日期,顯示日期
Symbol,menu title for choosing an SF Symbol as repository icon,1.3,Symbol,Symbol,符号,符號
Tag commit,callback title: add a named label to a specific saved version,1.3,Tag commit,Commit taggen,为提交添加标签,為提交新增標籤
Text Mode,menu title for choosing text diff display mode,1.3,Teksttilstand,Textmodus,文本模式,文字模式
Text Size: %d,"menu title showing current font size, arg: point size",1.3,Tekststørrelse: %d,Textgröße: %d,文字大小：%d,文字大小：%d
Theme: %@,editor color theme menu item; %@ is the current theme name,1.3,Tema: %@,Theme: %@,主题：%@,主題：%@
This %@,revert menu item for the file version in this commit; %@ is the filename,1.3,Denne %@,Dieses %@,此 %@,此 %@
Toggle,accessibility label for markdown checkbox toggle button,1.3,Skift,Umschalten,切换,切換
Untrack File,activity title to stop tracking a file in git,1.3,Fjern fra sporing,Datei nicht mehr verfolgen,取消跟踪文件,取消追蹤檔案
Write,verb for file write mode in activity title,1.3,Skriv,Schreiben,写入,寫入
Write file,callback title for writing content to a file in a repository,1.3,Skriv fil,Datei schreiben,写入文件,寫入檔案
not staged for commit,accessibility label for file not staged for commit,1.3,ikke staged til commit,nicht staged für Commit,未暂存待提交,未暫存待提交
partially staged for commit,accessibility label for file partially staged for commit,1.3,delvist staged til commit,teilweise staged für Commit,部分暂存待提交,部分暫存待提交
staged for commit,accessibility label for file fully staged for commit,1.3,staged til commit,staged für Commit,已暂存待提交,已暫存待提交
"

Rebase requires history rewriting. ",appended to error message when rebase fails because history rewriting is not allowed,1.2,"

Rebase kræver omskrivning af historik. ","

Rebase erfordert das Umschreiben der Historie. ","

变基需要重写历史。 ","

重定基底需要重寫歷史。 "
 Submodule,suffix appended to remote action titles like Fetch or Push for submodule remotes,1.2, Submodule, Submodule, 子模组, 子模組
"%@

Working Copy workflow needs to be installed in Editorial. Tap to install workflow.","prompt to install Editorial workflow, %@ is the error message",1.2,"%@

Working Copy-workflow skal installeres i Editorial. Tryk for at installere workflow.","%@

Der Working Copy-Workflow muss in Editorial installiert werden. Tippe, um den Workflow zu installieren.","%@

Working Copy 工作流需要安装到 Editorial 中。轻触以安装工作流。","%@

Working Copy 工作流程需要安裝到 Editorial 中。點一下以安裝工作流程。"
%@ doesn't provide sufficient directory access. Use iCloud Drive or the 'On My %@' location.,"error for unsupported cloud provider, first %@ is provider name, second %@ is device model",1.2,%@ giver ikke tilstrækkelig mappeadgang. Brug iCloud Drive eller 'On My %@'-placeringen.,%@ bietet keinen ausreichenden Verzeichniszugriff. Verwende iCloud Drive oder den Speicherort 'On My %@'.,%@ 未提供足够的目录访问权限。请使用 iCloud Drive 或“我的 %@”位置。,%@ 未提供足夠的目錄存取權限。請使用 iCloud Drive 或「我的 %@」位置。
%ld missing directories are created,"upload consequence in help text, passive voice; %ld is number of directories",1.2,%ld manglende mapper oprettes,%ld fehlende Verzeichnisse werden erstellt,将创建 %ld 个缺失的目录,將建立 %ld 個缺少的目錄
%ld missing files are transferred,"upload consequence in help text, passive voice; %ld is number of files",1.2,%ld manglende filer overføres,%ld fehlende Dateien werden übertragen,将传输 %ld 个缺失的文件,將傳輸 %ld 個缺少的檔案
All SSH Keys rejected.,error when multiple SSH keys were all rejected by server,1.2,Alle SSH-nøgler afvist.,Alle SSH-Schlüssel abgelehnt.,所有 SSH 密钥均被拒绝。,所有 SSH 金鑰均被拒絕。
BZ2_bzCompress failed,error when bzip2 compression fails during processing,1.2,BZ2_bzCompress mislykkedes,BZ2_bzCompress fehlgeschlagen,BZ2_bzCompress 失败,BZ2_bzCompress 失敗
BZ2_bzCompressInit failed,error when bzip2 compression initialization fails,1.2,BZ2_bzCompressInit mislykkedes,BZ2_bzCompressInit fehlgeschlagen,BZ2_bzCompressInit 失败,BZ2_bzCompressInit 失敗
BZ2_bzDecompress failed,error when bzip2 decompression fails during processing,1.2,BZ2_bzDecompress mislykkedes,BZ2_bzDecompress fehlgeschlagen,BZ2_bzDecompress 失败,BZ2_bzDecompress 失敗
BZ2_bzDecompressInit failed,error when bzip2 decompression initialization fails,1.2,BZ2_bzDecompressInit mislykkedes,BZ2_bzDecompressInit fehlgeschlagen,BZ2_bzDecompressInit 失败,BZ2_bzDecompressInit 失敗
Cancel branch editing,error subject when cancelling an interactive rebase edit,1.2,Annullér branch-redigering,Branch-Bearbeitung abbrechen,取消分支编辑,取消分支編輯
Cherry pick resulted in %lu conflicts,warning after cherry pick with merge conflicts; %lu is the number of conflicting files,1.2,Cherry pick resulterede i %lu konflikter,Cherry-Pick führte zu %lu Konflikten,拣选导致了 %lu 个冲突,揀選導致了 %lu 個衝突
Cherry pick successful,success message after cherry picking a commit without conflicts,1.2,Cherry pick lykkedes,Cherry-Pick erfolgreich,拣选成功,揀選成功
Commit needs a parent,error during rebase,1.2,Commit kræver en forælder,Commit benötigt einen Eltern-Commit,提交需要一个父提交,提交需要一個父提交
Enter or pick the URL for the submodule.,instruction when remote URL field is empty,1.2,Indtast eller vælg URL for submodule.,Gib die URL für das Submodule ein oder wähle sie aus.,输入或选择子模组的 URL。,輸入或選擇子模組的 URL。
Error,short sync strategy label when a general error occurred,1.2,Fejl,Fehler,错误,錯誤
Expected exactly one private key,Error when OpenSSH key file contains zero or multiple keys,1.2,Forventede præcis én privat nøgle,Genau ein privater Schlüssel erwartet,预期恰好一个私钥,預期恰好一個私鑰
Expired sync anchor,error when file provider sync anchor is no longer valid,1.2,Udløbet synkroniseringsanker,Abgelaufener Synchronisierungsanker,同步锚点已过期,同步錨點已過期
Files in %@ missing from %@ are uploaded before running command. ,"upload sync explanation, %1$@ is local directory name, %2$@ is server hostname",1.2,Filer i %@ der mangler fra %@ uploades før kommandoen køres. ,"Dateien in %@, die in %@ fehlen, werden vor der Befehlsausführung hochgeladen. ",%1$@ 中存在、但 %2$@ 上缺少的文件将在运行命令前上传。 ,%1$@ 中存在、但 %2$@ 上缺少的檔案將在執行指令前上傳。 
General Sync error.,sync action description for general error,1.2,Generel synkroniseringsfejl.,Allgemeiner Synchronisierungsfehler.,一般同步错误。,一般同步錯誤。
Generated RSA-%d signing key for %@.,"success message after key generation; %d is key bit length, %@ is user identity like 'Name <email>'",1.2,Genererede RSA-%d signeringsnøgle til %@.,RSA-%d-Signaturschlüssel für %@ generiert.,已为 %2$@ 生成 RSA-%1$d 签名密钥。,已為 %2$@ 產生 RSA-%1$d 簽名金鑰。
HTTP error %d,error message with HTTP status code,1.2,HTTP-fejl %d,HTTP-Fehler %d,HTTP 错误 %d,HTTP 錯誤 %d
History rewriting cannot end up with empty branch,error when interactive rebase would result in a branch with no commits,1.2,Omskrivning af historik kan ikke resultere i tom branch,Umschreiben des Verlaufs darf nicht in einem leeren Branch enden,历史改写不能导致空分支,歷史改寫不能導致空分支
Incorrect password. Please try again.,error shown when screen lock password is wrong,1.2,Forkert adgangskode. Prøv venligst igen.,Falsches Passwort. Bitte versuche es erneut.,密码不正确。请重试。,密碼不正確。請重試。
Invalid private key,fallback error when PGP key data cannot be parsed for signing test,1.2,Ugyldig privat nøgle,Ungültiger privater Schlüssel,无效的私钥,無效的私鑰
Invalid submodule path,error when trying to purge a submodule with an empty path,1.2,Ugyldig submodule-sti,Ungültiger Submodule-Pfad,无效的子模组路径,無效的子模組路徑
"It looks like Docker isn't installed on %@.

Tap to try and install it using apt-get.",error when Docker is missing on server; %@ is the server hostname,1.2,"Det ser ud til, at Docker ikke er installeret på %@.

Tryk for at prøve at installere det med apt-get.","Es sieht so aus, als wäre Docker nicht auf %@ installiert.

Tippe, um die Installation mit apt-get zu versuchen.","看起来 %@ 上未安装 Docker。

轻触尝试使用 apt-get 安装。","看起來 %@ 上未安裝 Docker。

點一下嘗試使用 apt-get 安裝。"
"It looks like you cannot mount WebDAV shares on %@.

Tap to try and install davfs2 using apt-get.",error when davfs2 is missing on server; %@ is the server hostname,1.2,"Det ser ud til, at du ikke kan montere WebDAV-drev på %@.

Tryk for at prøve at installere davfs2 med apt-get.","Es sieht so aus, als könntest du keine WebDAV-Freigaben auf %@ einbinden.

Tippe, um die Installation von davfs2 mit apt-get zu versuchen.","看起来你无法在 %@ 上挂载 WebDAV 共享。

轻触尝试使用 apt-get 安装 davfs2。","看起來你無法在 %@ 上掛載 WebDAV 共用。

點一下嘗試使用 apt-get 安裝 davfs2。"
Key derivation function $KDF not supported,"Error with unsupported KDF in OpenSSH key, $KDF is replaced with the KDF name",1.2,Nøgleafledningsfunktion $KDF understøttes ikke,Schlüsselableitungsfunktion $KDF wird nicht unterstützt,不支持密钥派生函数 $KDF,不支援金鑰衍生函式 $KDF
Key type $TYPE not supported,"Error with unsupported SSH key type, $TYPE is replaced with the key type name",1.2,Nøgletype $TYPE understøttes ikke,Schlüsseltyp $TYPE wird nicht unterstützt,不支持密钥类型 $TYPE,不支援金鑰型別 $TYPE
Last sync seems to not be fully completed.,error when a previous sync operation is still in progress,1.2,Sidste synkronisering ser ikke ud til at være fuldført.,Letzte Synchronisierung scheint nicht vollständig abgeschlossen zu sein.,上次同步似乎未完全完成。,上次同步似乎未完全完成。
Missing,upload sync mode: upload only missing files,1.2,Mangler,Fehlend,缺少,缺少
Missing Base64 wrappers in OpenSSH private key,Error when BEGIN/END markers are missing from OpenSSH key,1.2,Manglende Base64-ombrydning i OpenSSH privat nøgle,Fehlende Base64-Umschließung im privaten OpenSSH-Schlüssel,OpenSSH 私钥中缺少 Base64 包装,OpenSSH 私鑰中缺少 Base64 包裝
Missing GitHub hosting provider,error when GitHub provider is not configured during holiday activity creation,1.2,Manglende GitHub hosting-udbyder,Fehlender GitHub Hosting-Provider,缺少 GitHub 托管服务商,缺少 GitHub 代管服務商
Missing implementation for connectSSHKey:title:callback:,error when the hosting provider does not support uploading SSH keys,1.2,Manglende implementering for connectSSHKey:title:callback:,Fehlende Implementierung für connectSSHKey:title:callback:,缺少 connectSSHKey:title:callback: 的实现,缺少 connectSSHKey:title:callback: 的實現
Missing implementation for disconnectSSHKey:controller:callback:,error when the hosting provider does not support removing SSH keys,1.2,Manglende implementering for disconnectSSHKey:controller:callback:,Fehlende Implementierung für disconnectSSHKey:controller:callback:,缺少 disconnectSSHKey:controller:callback: 的实现,缺少 disconnectSSHKey:controller:callback: 的實現
Missing local directory,error when local URL is nil during sync,1.2,Manglende lokal mappe,Fehlendes lokales Verzeichnis,缺少本地目录,缺少本機目錄
Missing local sync directory.,error when local sync directory cannot be resolved,1.2,Manglende lokal synkroniseringsmappe.,Fehlendes lokales Synchronisierungsverzeichnis.,缺少本地同步目录。,缺少本機同步目錄。
Missing stash %@,"error when a stash cannot be found by identifier, arg: stash hash",1.2,Manglende stash %@,Fehlender Stash %@,缺少储藏 %@,缺少貯存 %@
Missing submodule configuration for %@,"error when submodule entry cannot be found in .gitmodules, %@ is the submodule directory name",1.2,Manglende submodule-konfiguration for %@,Fehlende Submodule-Konfiguration für %@,缺少 %@ 的子模组配置,缺少 %@ 的子模組設定
No SSH key available,error message when trying to sign text without an SSH key,1.2,Ingen SSH-nøgle tilgængelig,Kein SSH-Schlüssel verfügbar,没有可用的 SSH 密钥,沒有可用的 SSH 金鑰
No key found.,error when imported data contains no signing key,1.2,Ingen nøgle fundet.,Kein Schlüssel gefunden.,未找到密钥。,未找到金鑰。
No keys found. You can import keys exported from GPG or the entire secret keyring.,error when imported data has no PGP keys,1.2,Ingen nøgler fundet. Du kan importere nøgler eksporteret fra GPG eller hele den hemmelige nøglering.,Keine Schlüssel gefunden. Du kannst aus GPG exportierte Schlüssel oder den gesamten geheimen Schlüsselbund importieren.,未找到密钥。你可以导入从 GPG 导出的私钥或整个私钥环。,未找到金鑰。你可以匯入從 GPG 匯出的私鑰或整個私鑰環。
No place to present results for command: %@,"error when no view controller is available to show command output, %@ is the command string",1.2,Intet sted at vise resultater for kommando: %@,"Kein Ort, um Ergebnisse für Befehl anzuzeigen: %@",没有位置显示命令的结果：%@,沒有位置顯示指令的結果：%@
No stashes available,error shown when trying to unstash but no stashes exist,1.2,Ingen stashes tilgængelige,Keine Stashes verfügbar,没有可用的储藏,沒有可用的貯存
Nothing to restore from for %@,"error when no backup exists to restore, arg: filename",1.2,Intet at gendanne fra for %@,Nichts zum Wiederherstellen von %@ vorhanden,%@ 没有可恢复的来源,%@ 沒有可恢復的來源
Nothing to restore to for %@,"error when no restore target can be determined, arg: filename",1.2,Intet at gendanne til for %@,Kein Ziel zum Wiederherstellen für %@ vorhanden,%@ 没有可恢复的目标,%@ 沒有可恢復的目標
"RSA, ECDSA and ED25519 keys are supported for commit signing.",error message when SSH key type is not supported for signing,1.2,"RSA-, ECDSA- og ED25519-nøgler understøttes til commit-signering.","RSA-, ECDSA- und ED25519-Schlüssel werden für Commit-Signierung unterstützt.",提交签名支持 RSA、ECDSA 和 ED25519 密钥。,提交簽名支援 RSA、ECDSA 和 ED25519 金鑰。
Refusing cherry-pick with modified files.,error when cherry-pick is blocked because working directory has modifications,1.2,Afviser cherry-pick med ændrede filer.,Cherry-Pick mit geänderten Dateien abgelehnt.,拒绝在有已修改文件时拣选。,拒絕在有已修改檔案時揀選。
Refusing download to local .git directory: %@,"error when download target is inside .git directory, %@ is the filename",1.2,Afviser download til lokalt .git-bibliotek: %@,Download in lokales .git-Verzeichnis abgelehnt: %@,拒绝下载到本地 .git 目录：%@,拒絕下載到本機 .git 目錄：%@
Refusing to delete/overwrite non-empty directory %@,"sync error when directory has contents, arg: directory name",1.2,Afviser at slette/overskrive ikke-tom mappe %@,Löschen/Überschreiben des nicht leeren Verzeichnisses %@ abgelehnt,拒绝删除/覆盖非空目录 %@,拒絕刪除/覆蓋非空目錄 %@
Refusing to reorder commit sequence with holes in it.,error when selected commits for reordering are not consecutive,1.2,Afviser at omsortere commit-sekvens med huller i den.,Umsortierung der Commit-Sequenz mit Lücken abgelehnt.,拒绝重新排列有间隔的提交序列。,拒絕重新排列有間隔的提交序列。
Refusing to squash commit sequence with holes in it.,error when selected commits for squash are not consecutive,1.2,Afviser at squashe commit-sekvens med huller i den.,Squash der Commit-Sequenz mit Lücken abgelehnt.,拒绝压缩有间隔的提交序列。,拒絕壓縮有間隔的提交序列。
Refusing when Path contains $DIR,Shortcuts write-file error when path contains unsafe directory component like .. or .git; $DIR is replaced with the directory name,1.2,Afviser når sti indeholder $DIR,"Ablehnung, wenn Pfad $DIR enthält",路径包含 $DIR 时拒绝,路徑包含 $DIR 時拒絕
SSH Key rejected.,error when a single SSH key is not accepted by server,1.2,SSH-nøgle afvist.,SSH-Schlüssel abgelehnt.,SSH 密钥被拒绝。,SSH 金鑰被拒絕。
Signing not supported for OpenSSH key type %@,"Error when trying to sign with an unsupported key type, %@ is the key type",1.2,Signering understøttes ikke for OpenSSH-nøgletype %@,Signierung wird für OpenSSH-Schlüsseltyp %@ nicht unterstützt,不支持对 OpenSSH 密钥类型 %@ 进行签名,不支援對 OpenSSH 金鑰型別 %@ 進行簽名
"Signing with private key succeeded, but key user %@ does not match the Git identity & signed commits might not verify.",warning after signing test when key user ID does not match git identity; %@ is the PGP key user ID,1.2,"Signering med privat nøgle lykkedes, men nøglebrugeren %@ matcher ikke Git-identiteten, og signerede commits verificerer muligvis ikke.","Signierung mit privatem Schlüssel erfolgreich, aber der Schlüsselbenutzer %@ stimmt nicht mit der Git-Identität überein und signierte Commits verifizieren möglicherweise nicht.",使用私钥签名成功，但密钥用户 %@ 与 Git 身份不匹配，已签名的提交可能无法验证。,使用私鑰簽名成功，但金鑰使用者 %@ 與 Git 身分不符，已簽名的提交可能無法驗證。
Submodule changes will be lost beyond recovery. Consider commiting and pushing changes first.,warning before purging a submodule that has uncommitted changes,1.2,Submodule-ændringer vil gå uigenkaldeligt tabt. Overvej at committe og pushe ændringer først.,Submodule-Änderungen gehen unwiderruflich verloren. Erwäge zuerst Änderungen zu committen und zu pushen.,子模组更改将永久丢失且无法恢复。请考虑先提交并推送更改。,子模組變更將永久遺失且無法恢復。請考慮先提交並推送變更。
Submodule will be configured in %@ and cloned from %@ when you tap Confirm.,"confirmation text, first %@ is directory name, second %@ is remote URL",1.2,Submodule konfigureres i %@ og klones fra %@ når du trykker Bekræft.,"Submodule wird in %@ konfiguriert und von %@ geklont, wenn du auf Bestätigen tippst.",轻触确认后，子模组将在 %@ 中配置并从 %@ 克隆。,點一下確認後，子模組將在 %@ 中設定並從 %@ 拓製。
Sync aborted due to excessive errors.,error message,1.2,Sync afbrudt på grund af for mange fejl.,Sync wegen zu vieler Fehler abgebrochen.,因错误过多，同步已中止。,因錯誤過多，同步已中止。
Sync already in progress.,error message,1.2,Sync er allerede i gang.,Sync wird bereits ausgeführt.,同步已在进行中。,同步已在進行中。
Sync timed out,error message,1.2,Sync fik timeout,Sync-Zeitüberschreitung,同步超时,同步逾時
Syncing %@ %@,"progress title for bidirectional sync (fetch+push); args: repository name, remote server name",1.2,Synkroniserer %@ %@,Synchronisiere %@ %@,正在同步 %@ %@,正在同步 %@ %@
Unable to calculate fingerprint,error when SSH key fingerprint calculation fails,1.2,Kan ikke beregne fingeraftryk,Fingerabdruck kann nicht berechnet werden,无法计算指纹,無法計算指紋
Unable to create zip archive.,error when zip archive creation fails,1.2,Kan ikke oprette zip-arkiv.,ZIP-Archiv kann nicht erstellt werden.,无法创建 zip 归档。,無法建立 zip 歸檔。
"Unable to decode base64.

Workflow has problems passing large parameters with X-Callback URL. If you omit base64 and text parameters the clipboard content is written.",error for base64 decode failure when called from Workflow app,1.2,"Kan ikke dekode base64.

Workflow har problemer med at sende store parametre via X-Callback URL. Hvis du udelader base64- og tekstparametre skrives udklipsholderens indhold.","Base64 kann nicht dekodiert werden.

Workflow hat Probleme beim Übergeben großer Parameter über X-Callback URL. Wenn du die base64- und Textparameter weglässt, wird der Inhalt der Zwischenablage geschrieben.","无法解码 base64。

Workflow 在通过 X-Callback URL 传递大型参数时存在问题。如果你省略 base64 和 text 参数，则会写入剪贴板内容。","無法解碼 base64。

Workflow 在透過 X-Callback URL 傳遞大型參數時存在問題。如果你省略 base64 和 text 參數，則會寫入剪貼簿內容。"
Unable to decode key,Generic error shown when an SSH key cannot be decoded,1.2,Kan ikke dekode nøgle,Schlüssel kann nicht dekodiert werden,无法解码密钥,無法解碼金鑰
Unable to find commit %@,error during interactive rebase when commit cannot be located; %@ is the short commit hash,1.2,Kan ikke finde commit %@,Commit %@ kann nicht gefunden werden,无法找到提交 %@,無法找到提交 %@
Unable to generate signing key.,error when PGP key generation fails,1.2,Kan ikke generere signeringsnøgle.,Signaturschlüssel kann nicht generiert werden.,无法生成签名密钥。,無法產生簽名金鑰。
Unable to import %@. Only directories and zip archives can be imported as Git repositories.,"error when trying to import unsupported file type, arg: filename",1.2,Kan ikke importere %@. Kun mapper og zip-arkiver kan importeres som Git-repositories.,%@ kann nicht importiert werden. Nur Verzeichnisse und Zip-Archive können als Git-Repositories importiert werden.,无法导入 %@。只有目录和 zip 归档可以作为 Git 仓库导入。,無法匯入 %@。只有目錄和 zip 歸檔可以作為 Git 版本庫匯入。
Unable to parse SSH username and hostname.,error when SSH URL cannot be parsed into user and host components,1.2,Kan ikke fortolke SSH-brugernavn og værtsnavn.,SSH-Benutzername und Hostname können nicht geparst werden.,无法解析 SSH 用户名和主机名。,無法解析 SSH 使用者名稱和主機名稱。
Unable to read %@: %@,"error reading local file before upload, first %@ is filename, second %@ is error description",1.2,Kan ikke læse %@: %@,%@ kann nicht gelesen werden: %@,无法读取 %@：%@,無法讀取 %@：%@
Unable to read OpenSSH key type,Error when key type string cannot be parsed from OpenSSH key data,1.2,Kan ikke læse OpenSSH-nøgletype,OpenSSH-Schlüsseltyp kann nicht gelesen werden,无法读取 OpenSSH 密钥类型,無法讀取 OpenSSH 金鑰型別
Unable to reorder empty sequence of commits,error when no commits are selected for reordering,1.2,Kan ikke ændre rækkefølge på tom sekvens af commits,Leere Sequenz von Commits kann nicht umsortiert werden,无法对空的提交序列重新排序,無法對空的提交序列重新排序
Unable to run commands on server. Only file access allowed.,error when SSH server denies shell access and only permits SFTP file transfers,1.2,Kan ikke køre kommandoer på serveren. Kun filadgang er tilladt.,Befehle können nicht auf dem Server ausgeführt werden. Nur Dateizugriff ist erlaubt.,无法在服务器上运行命令。仅允许文件访问。,無法在伺服器上執行指令。僅允許檔案存取。
Unable to squash empty sequence of commits,error when no commits are selected for squashing,1.2,Kan ikke squashe tom sekvens af commits,Leere Sequenz von Commits kann nicht gesquasht werden,无法压缩空的提交序列,無法壓縮空的提交序列
Unable to zip temp directory,Shortcuts error when creating zip archive of repository files fails,1.2,Kan ikke zippe midlertidig mappe,Temporäres Verzeichnis kann nicht gezippt werden,无法压缩临时目录,無法壓縮臨時目錄
Unknown strategy for syncing %@,"sync error, arg: sync entry description",1.2,Ukendt strategi for synkronisering af %@,Unbekannte Strategie für die Synchronisierung von %@,同步 %@ 的策略未知,同步 %@ 的策略未知
Unknown x-callback-url command %@,"error for unrecognized callback command, arg: command name",1.2,Ukendt x-callback-url-kommando %@,Unbekannter x-callback-url-Befehl %@,未知的 x-callback-url 命令 %@,未知的 x-callback-url 指令 %@
Unknwówn SSH Key type,error for unrecognized SSH key type during verification,1.2,Ukendt SSH Key-type,Unbekannter SSH-Key-Typ,未知的 SSH 密钥类型,未知的 SSH 金鑰型別
Unsupported key type for signing,error when SSH key type does not support signing,1.2,Nøgletype ikke understøttet til signering,Nicht unterstützter Schlüsseltyp für die Signierung,不支持用于签名的密钥类型,不支援用於簽名的金鑰型別
Uploading from %@ to %@ will %@.,"status message summarizing upload; first %@ is local directory, second %@ is remote directory, third %@ is consequence description",1.2,Upload fra %@ til %@ vil %@.,Upload von %@ nach %@ wird %@.,从 %@ 上传到 %@ 将 %@。,從 %@ 上傳到 %@ 將 %@。
Username is required. This should be the SSH key ID for the AIM user.,credential prompt specific to AWS CodeCommit repositories,1.2,Brugernavn er påkrævet. Dette skal være SSH-nøgle-ID for AIM-brugeren.,Benutzername ist erforderlich. Dies sollte die SSH-Schlüssel-ID für den AIM-Benutzer sein.,需要用户名。此处应填写 IAM 用户的 SSH 密钥 ID。,需要使用者名稱。此處應填入 IAM 使用者的 SSH 金鑰 ID。
Verify of written SSH Keys in keychain failed. ,error when keychain write verification fails during SSH key storage,1.2,Bekræftelse af skrevne SSH-nøgler i nøglering mislykkedes. ,Überprüfung der geschriebenen SSH-Schlüssel in der Keychain fehlgeschlagen. ,验证写入钥匙串的 SSH 密钥失败。 ,驗證寫入鑰匙圈的 SSH 金鑰失敗。 
You need to complete or cancel branch editing before switching branches.,error when trying to switch branches while an interactive rebase rewrite is in progress,1.2,Du skal afslutte eller annullere branch-redigering inden du skifter branch.,"Du musst die Branch-Bearbeitung abschließen oder abbrechen, bevor du den Branch wechselst.",你需要在切换分支之前完成或取消分支编辑。,你需要在切換分支之前完成或取消分支編輯。
You opened '%@' that cannot be listed as a directory. Many Files app locations lack support for opening directories. Use iCloud Drive or the 'On My %@' location.,"error when directory contents cannot be listed, first %@ is name, second %@ is device model",1.2,Du åbnede '%@' som ikke kan vises som en mappe. Mange Arkiver-placeringer understøtter ikke åbning af mapper. Brug iCloud Drive eller 'On My %@'-placeringen.,"Du hast '%@' geöffnet, das nicht als Verzeichnis aufgelistet werden kann. Viele Dateien-App-Speicherorte unterstützen das Öffnen von Verzeichnissen nicht. Verwende iCloud Drive oder den 'On My %@'-Speicherort.",你打开的“%@”无法作为目录列出。许多“文件”App 位置不支持打开目录。请使用 iCloud Drive 或“我的 %@”位置。,你開啟的「%@」無法作為目錄列出。許多「檔案」App 位置不支援開啟目錄。請使用 iCloud Drive 或「我的 %@」位置。
You opened '%@' that doesn't look like a directory. Many Files app locations lack support for opening directories. Use iCloud Drive or the 'On My %@' location.,"error when picked URL is not a directory, first %@ is name, second %@ is device model",1.2,Du åbnede '%@' som ikke ligner en mappe. Mange Arkiver-placeringer understøtter ikke åbning af mapper. Brug iCloud Drive eller 'On My %@'-placeringen.,"Du hast '%@' geöffnet, das nicht wie ein Verzeichnis aussieht. Viele Dateien-App-Speicherorte unterstützen das Öffnen von Verzeichnissen nicht. Verwende iCloud Drive oder den 'On My %@'-Speicherort.",你打开的“%@”看起来不像一个目录。许多“文件”App 位置不支持打开目录。请使用 iCloud Drive 或“我的 %@”位置。,你開啟的「%@」看起來不像一個目錄。許多「檔案」App 位置不支援開啟目錄。請使用 iCloud Drive 或「我的 %@」位置。
"You picked a directory containing the Git repository %@. This isn't supported.

Syncing repositories through cloud storage can cause complications that Working Copy isn't able to handle. You should sync with a directory not managed by Git.","error when user picks a directory containing a Git repo, %@ is repo directory name",1.2,"Du valgte en mappe der indeholder Git-repositoriet %@. Dette understøttes ikke.

Synkronisering af repositories via cloud-lagring kan skabe komplikationer som Working Copy ikke kan håndtere. Du bør synkronisere med en mappe der ikke styres af Git.","Du hast ein Verzeichnis ausgewählt, das das Git-Repository %@ enthält. Dies wird nicht unterstützt.

Das Synchronisieren von Repositories über Cloud-Speicher kann zu Komplikationen führen, die Working Copy nicht handhaben kann. Du solltest mit einem Verzeichnis synchronisieren, das nicht von Git verwaltet wird.","你选择了一个包含 Git 仓库 %@ 的目录。此操作不受支持。

通过云存储同步仓库可能导致 Working Copy 无法处理的问题。你应该与非 Git 管理的目录进行同步。","你選擇了一個包含 Git 版本庫 %@ 的目錄。此操作不受支援。

透過雲端儲存同步版本庫可能導致 Working Copy 無法處理的問題。你應該與非 Git 管理的目錄進行同步。"
You will not be able to sign commits with this identity.,confirmation prompt when deleting a signing key,1.2,Du vil ikke kunne signere commits med denne identitet.,Du wirst mit dieser Identität keine Commits signieren können.,你将无法使用此身份签名提交。,你將無法使用此身分簽名提交。
cmd needs to be either start or stop,error for invalid WebDAV cmd parameter,1.2,cmd skal være enten start eller stop,cmd muss entweder start oder stop sein,cmd 必须是 start 或 stop,cmd 必須是 start 或 stop
create %ld missing directories,"upload consequence in status message, active voice; %ld is number of directories",1.2,opret %ld manglende mapper,%ld fehlende Verzeichnisse erstellen,创建 %ld 个缺失的目录,建立 %ld 個缺少的目錄
create one missing directory,"upload consequence in status message, active voice",1.2,opret én manglende mappe,ein fehlendes Verzeichnis erstellen,创建一个缺失的目录,建立一個缺少的目錄
"mode needs to be either dark, light or toggle",error for invalid color scheme mode parameter,1.2,"mode skal være enten dark, light eller toggle","Mode muss entweder dark, light oder toggle sein",mode 必须是 dark、light 或 toggle,mode 必須是 dark、light 或 toggle
one missing directory is created,"upload consequence in help text, passive voice",1.2,én manglende mappe er oprettet,ein fehlendes Verzeichnis wird erstellt,已创建一个缺失的目录,已建立一個缺少的目錄
one missing file is transferred,"upload consequence in help text, passive voice",1.2,én manglende fil er overført,eine fehlende Datei wird übertragen,已传输一个缺失的文件,已傳輸一個缺少的檔案
rebase,operation name inserted into push error message when pull is configured to rebase,1.2,rebase,Rebase,变基,重定基底
transfer %ld missing files,"upload consequence in status message, active voice; %ld is number of files",1.2,overfør %ld manglende filer,%ld fehlende Dateien übertragen,传输 %ld 个缺失的文件,傳輸 %ld 個缺少的檔案
transfer one missing file,"upload consequence in status message, active voice",1.2,overfør én manglende fil,eine fehlende Datei übertragen,传输一个缺失的文件,傳輸一個缺少的檔案
⚠️ Unable to locate submodule in working directory,warning shown when a configured submodule cannot be found on disk,1.2,⚠️ Kan ikke finde submodule i working directory,⚠️ Submodule im Arbeitsverzeichnis nicht gefunden,⚠️ 无法在工作目录中找到子模组,⚠️ 無法在工作目錄中找到子模組
"

GitHub Actions triggered by push. Tap to show.",appended to push status when GitHub Actions were triggered,1.1,"

GitHub Actions udløst af push. Tryk for at vise.","

GitHub Actions ausgelöst durch Push. Tippe zum Anzeigen.","

推送触发了 GitHub Actions。轻触查看。","

推送觸發了 GitHub Actions。點一下檢視。"
"

Tap to Fetch.",appended to fetch prompt as call-to-action,1.1,"

Tryk for at fetche.","

Tippe zum Fetchen.","

轻触以获取。","

點一下以抓取。"
 Tap for details.,"appended to commit success message, tapping shows commit details",1.1, Tryk for detaljer., Tippe für Details., 轻触查看详情。, 點一下檢視詳細資訊。
 Tap to show.,appended to message about existing PR as call-to-action,1.1, Tryk for at vise., Tippe zum Anzeigen., 轻触以查看。, 點一下以檢視。
"%@

Change 'Require Confirmation' to proceed automatically.",fallback confirmation for iOS 17. %@ is the confirmation message,1.1,"%@

Ændr 'Kræv bekræftelse' for at fortsætte automatisk.","%@

Ändere 'Bestätigung erforderlich', um automatisch fortzufahren.","%@

更改“需要确认”以自动继续。","%@

變更「需要確認」以自動繼續。"
%@ already exists,"alert message when a file with the same name exists, %@ is the filename",1.1,%@ findes allerede,%@ existiert bereits,%@ 已存在,%@ 已存在
%@ already exists.,"alert message when importing into an existing repository, %@ is the repository name",1.1,%@ findes allerede.,%@ existiert bereits.,%@ 已存在。,%@ 已存在。
%@ exists and has uncomitted changes,"alert message when a file exists and has unsaved modifications, %@ is the filename",1.1,%@ findes og har ikke-committede ændringer,%@ existiert und hat nicht-committete Änderungen,%@ 已存在且有未提交的更改,%@ 已存在且有未提交的變更
%@ has been rolled back to commit %@ from %@.,"success message after rolling back; first %@ is repo name, second %@ is short commit id, third %@ is relative date",1.1,%@ er blevet rullet tilbage til commit %@ fra %@.,%@ wurde auf Commit %@ von %@ zurückgesetzt.,%1$@ 已回滚到 %3$@ 的提交 %2$@。,%1$@ 已回滾到 %3$@ 的提交 %2$@。
"%@ has fingerprint %@

Only accept the new fingerprint if you are certain it is correct.","unknown host key alert body, first %@ is hostname, second %@ is fingerprint",1.1,"%@ har fingeraftryk %@

Acceptér kun det nye fingeraftryk, hvis du er sikker på, at det er korrekt.","%@ hat den Fingerabdruck %@

Akzeptiere den neuen Fingerabdruck nur, wenn du sicher bist, dass er korrekt ist.","%@ 的指纹为 %@

仅在你确定指纹正确时才接受新指纹。","%@ 的指紋為 %@

僅在你確定指紋正確時才接受新指紋。"
"%@ has fingerprint %@

Someone could be trying to make you connect to the wrong server or the host key could have changed.

Only accept the host key if you are certain it is correct.","host key changed alert body, first %@ is hostname, second %@ is fingerprint",1.1,"%@ har fingeraftryk %@

Nogen kan forsøge at få dig til at forbinde til den forkerte server, eller host-nøglen kan være ændret.

Acceptér kun host-nøglen, hvis du er sikker på, at den er korrekt.","%@ hat den Fingerabdruck %@

Jemand könnte versuchen, dich mit dem falschen Server zu verbinden, oder der Host-Schlüssel könnte sich geändert haben.

Akzeptiere den Host-Schlüssel nur, wenn du sicher bist, dass er korrekt ist.","%@ 的指纹为 %@

可能有人试图让你连接到错误的服务器，或者主机密钥已更改。

仅在你确定密钥正确时才接受主机密钥。","%@ 的指紋為 %@

可能有人試圖讓你連線到錯誤的伺服器，或者主機金鑰已變更。

僅在你確定金鑰正確時才接受主機金鑰。"
%@ has not been pushed and would be lost by deleting %@.,"warning when deleting branch with 1 unpushed commit, first %@ is commit description, second %@ is branch name",1.1,%@ er ikke blevet pushet og ville gå tabt ved sletning af %@.,%@ wurde nicht gepusht und würde beim Löschen von %@ verloren gehen.,%@ 尚未推送，删除 %@ 后将丢失。,%@ 尚未推送，刪除 %@ 後將遺失。
%@ has not been pushed to %@ and will be lost if you delete %@.,"warning when deleting branch with 1 unpushed commit, first %@ is commit description, second %@ is upstream name, third %@ is branch name",1.1,"%@ er ikke blevet pushet til %@ og vil gå tabt, hvis du sletter %@.","%@ wurde nicht zu %@ gepusht und geht verloren, wenn du %@ löschst.",%@ 尚未推送到 %@，删除 %@ 后将丢失。,%@ 尚未推送到 %@，刪除 %@ 後將遺失。
%@ have not been pushed and would be lost by deleting %@.,"warning when deleting branch with multiple unpushed commits, first %@ is commits description, second %@ is branch name",1.1,%@ er ikke blevet pushet og ville gå tabt ved sletning af %@.,%@ wurden nicht gepusht und würden beim Löschen von %@ verloren gehen.,%@ 尚未推送，删除 %@ 后将丢失。,%@ 尚未推送，刪除 %@ 後將遺失。
%@ have not been pushed to %@ and will be lost if you delete %@.,"warning when deleting branch with multiple unpushed commits, first %@ is commits description, second %@ is upstream name, third %@ is branch name",1.1,"%@ er ikke blevet pushet til %@ og vil gå tabt, hvis du sletter %@.","%@ wurden nicht zu %@ gepusht und gehen verloren, wenn du %@ löschst.",%@ 尚未推送到 %@，删除 %@ 后将丢失。,%@ 尚未推送到 %@，刪除 %@ 後將遺失。
%@ head successfully changed.,success message after hard reset; %@ is the branch name,1.1,%@ head blev ændret.,%@ Head erfolgreich geändert.,%@ head 已成功更改。,%@ head 已成功變更。
%@ is not merged to '%@' and will be lost with '%@'.,"warning for 1 unmerged local commit, first %@ is commit description, second %@ is closest branch, third %@ is branch being deleted",1.1,%@ er ikke merged til '%@' og vil gå tabt med '%@'.,%@ ist nicht zu '%@' gemergt und geht mit '%@' verloren.,%@ 未合并到“%@”，将随“%@”一起丢失。,%@ 未合併到「%@」，將隨「%@」一起遺失。
%@ is not merged to '%@' and would be lost with '%@' if deleted.,"conditional warning for 1 unmerged local commit, first %@ is commit description, second %@ is closest branch, third %@ is branch name",1.1,%@ er ikke merged til '%@' og ville gå tabt med '%@' ved sletning.,%@ ist nicht zu '%@' gemergt und würde beim Löschen mit '%@' verloren gehen.,%@ 未合并到“%@”，删除后将随“%@”一起丢失。,%@ 未合併到「%@」，刪除後將隨「%@」一起遺失。
%@ is working after adjusting server field.,Success message after auto-correcting Azure DevOps URL; %@ is the service title,1.1,%@ virker efter justering af serverfeltet.,%@ funktioniert nach Anpassung des Server-Feldes.,%@ 在调整服务器字段后正常工作。,%@ 在調整伺服器欄位後正常工作。
%@ is working.,"success message when SSH server verification passes, %@ is provider title",1.1,%@ virker.,%@ funktioniert.,%@ 正常工作。,%@ 正常工作。
%@ looks like a repository and will not be collapsed.,Warning when trying to collapse a folder that is itself a repository; %@ is folder name,1.1,%@ ligner et repository og vil ikke blive skjult.,%@ sieht wie ein Repository aus und wird nicht zugeklappt.,%@ 看起来像一个仓库，不会被折叠。,%@ 看起來像一個版本庫，不會被摺疊。
%@ recognised as %@.,"status message: first %@ is server URL, second %@ is provider type",1.1,%@ genkendt som %@.,%@ erkannt als %@.,%@ 被识别为 %@。,%@ 被識別為 %@。
%@ saved. Consider committing right away.,share extension prompt shown after a single file is saved; %@ is the filename,1.1,%@ gemt. Overvej at committe med det samme.,"%@ gespeichert. Erwäge, sofort zu committen.",%@ 已保存。建议立即提交。,%@ 已儲存。建議立即提交。
"%@ will be rewritten without changes made by %@.

This is a permanent change.","confirmation message for deleting a commit, first %@ is branch name, second %@ is short commit hash",1.1,"%@ vil blive omskrevet uden ændringer lavet af %@.

Dette er en permanent ændring.","%@ wird ohne die Änderungen von %@ umgeschrieben.

Dies ist eine dauerhafte Änderung.","%@ 将被重写，不包含 %@ 所做的更改。

这是一个永久性更改。","%@ 將被重寫，不包含 %@ 所做的變更。

這是一個永久性變更。"
%d%%,"indexing progress percentage, %d = percent complete",1.1,%d%%,%d%%,%d%%,%d%%
", modified %@","appended to backup detail showing modification date, arg: formatted date",1.1,", ændret %@",", geändert %@",，修改于 %@,，修改於 %@
", or sign in with your ChatGPT account.",suffix text appended after API key instructions offering ChatGPT sign-in as alternative,1.1,", eller log ind med din ChatGPT-konto.",", oder melde dich mit deinem ChatGPT-Konto an.",，或使用你的 ChatGPT 账户登录。,，或使用你的 ChatGPT 帳戶登入。
/month,"price suffix appended after dollar amount, e.g. $5/month",1.1,/måned,/Monat,/月,/月
"AI generated commit messages require sending staged differences and previous commit messages to OpenAI and should not be used on sensitive repositories.

Additional payment or limits to how much this feature can be used might be added at some point in the future if API costs get out of hand.",alert body explaining privacy and cost implications of AI commit message feature,1.1,"AI-genererede commit-beskeder kræver at stagede ændringer og tidligere commit-beskeder sendes til OpenAI og bør ikke bruges på følsomme repositories.

Yderligere betaling eller begrænsninger på hvor meget denne funktion kan bruges kan blive tilføjet på et tidspunkt i fremtiden, hvis API-omkostningerne løber løbsk.","AI-generierte Commit-Nachrichten erfordern das Senden von gestageten Änderungen und vorherigen Commit-Nachrichten an OpenAI und sollten nicht für sensible Repositories verwendet werden.

Zusätzliche Kosten oder Einschränkungen, wie häufig diese Funktion genutzt werden kann, könnten in Zukunft hinzugefügt werden, falls die API-Kosten außer Kontrolle geraten.","AI 生成的提交消息需要将暂存的差异和之前的提交消息发送到 OpenAI，不应在敏感仓库中使用。

如果 API 费用失控，将来可能会增加额外费用或使用限制。","AI 產生的提交訊息需要將暫存的差異和之前的提交訊息傳送到 OpenAI，不應在敏感版本庫中使用。

如果 API 費用失控，將來可能會增加額外費用或使用限制。"
AI generated commit messages require sending staged differences to your configured AI provider and should not be used on sensitive repositories.,alert body explaining privacy implications when using own AI service for commit messages,1.1,AI-genererede commit-beskeder kræver at staged ændringer sendes til din konfigurerede AI-udbyder og bør ikke bruges på følsomme repositories.,KI-generierte Commit-Nachrichten erfordern das Senden von Staged-Änderungen an deinen konfigurierten KI-Anbieter und sollten nicht für sensible Repositories verwendet werden.,AI 生成的提交消息需要将暂存的差异发送到你配置的 AI 提供商，不应在敏感仓库中使用。,AI 產生的提交訊息需要將暫存的差異傳送到你設定的 AI 服務商，不應在敏感版本庫中使用。
Added %d cookies.,Success message after importing multiple cookies; %d is the number of cookies added,1.1,Tilføjede %d cookies.,%d Cookies hinzugefügt.,已添加 %d 个 Cookie。,已新增 %d 個 Cookie。
Added %d new cookies.,Success message when some cookies were new and some duplicates; %d is the number of new cookies added,1.1,Tilføjede %d nye cookies.,%d neue Cookies hinzugefügt.,已添加 %d 个新 Cookie。,已新增 %d 個新 Cookie。
Added one cookie.,Success message after importing a single cookie,1.1,Tilføjede én cookie.,Ein Cookie hinzugefügt.,已添加一个 Cookie。,已新增一個 Cookie。
Added one new cookie.,Success message when one cookie was new out of several parsed,1.1,Tilføjede én ny cookie.,Ein neues Cookie hinzugefügt.,已添加一个新 Cookie。,已新增一個新 Cookie。
Are you sure you want to delete this branch.,default confirmation message when deleting a branch,1.1,"Er du sikker på, at du vil slette denne branch.","Bist du sicher, dass du diesen Branch löschen möchtest.",你确定要删除此分支吗？,你確定要刪除此分支嗎？
Ask before deleting unmerged branch.,detail for prompt delete mode,1.1,Spørg før sletning af ikke-merget branch.,Vor dem Löschen eines nicht gemergten Branches fragen.,删除未合并分支前询问。,刪除未合併分支前詢問。
Author changed,success message after changing commit author,1.1,Forfatter ændret,Autor geändert,作者已更改,作者已變更
Background Git operations with Live Activities,free feature: continuing Git operations in the background with progress shown as Live Activity,1.1,Git-operationer i baggrunden med Live Activities,Git-Operationen im Hintergrund mit Live Activities,通过实时活动进行后台 Git 操作,透過即時動態進行背景 Git 操作
Branch %@ checked out.,"success message after checkout, arg: branch name",1.1,Branch %@ checket ud.,Branch %@ ausgecheckt.,已检出分支 %@。,已簽出分支 %@。
Branch %@ deleted.,"success message after branch deletion, arg: branch name",1.1,Branch %@ slettet.,Branch %@ gelöscht.,已删除分支 %@。,已刪除分支 %@。
By enabling this SSH Hosting Provider you accept responsibility for any commands Working Copy runs on your behalf. Tap to learn more.,warning shown when user enables a detected SSH hosting provider,1.1,Ved at aktivere denne SSH Hosting Provider accepterer du ansvaret for alle kommandoer Working Copy kører på dine vegne. Tryk for at læse mere.,"Durch Aktivieren dieses SSH Hosting Providers übernimmst du die Verantwortung für alle Befehle, die Working Copy in deinem Namen ausführt. Tippe, um mehr zu erfahren.",启用此 SSH 托管提供商即表示你接受 Working Copy 代表你运行的所有命令的责任。轻触以了解更多。,啟用此 SSH 代管服務商即表示你接受 Working Copy 代表你執行的所有指令的責任。點一下以瞭解更多。
Change head of branch to this commit.,title for action sheet when choosing which branch head to reset,1.1,Flyt head af branch til dette commit.,Head des Branches auf diesen Commit verschieben.,将分支的 head 更改到此提交。,將分支的 head 變更到此提交。
Changes reversing commit %@ has been applied to files in %@.,"success message after reverting a commit; first %@ is the short commit id, second %@ is the repository name",1.1,Ændringer der tilbagefører commit %@ er blevet anvendt på filer i %@.,"Änderungen, die Commit %@ rückgängig machen, wurden auf Dateien in %@ angewendet.",还原提交 %@ 的更改已应用到 %@ 中的文件。,還原提交 %@ 的變更已應用到 %@ 中的檔案。
Choose Image from repository.,instruction text when picking an image file to insert,1.1,Vælg billede fra repository.,Bild aus Repository wählen.,从仓库中选择图片。,從版本庫中選擇圖片。
Choose file from repository.,instruction text when picking a file for content block inclusion,1.1,Vælg fil fra repository.,Datei aus Repository wählen.,从仓库中选择文件。,從版本庫中選擇檔案。
Choose what to do with %@.,share extension action sheet message for a zip file; %@ is the file type description,1.1,Vælg hvad der skal gøres med %@.,"Wähle, was mit %@ geschehen soll.",选择如何处理 %@。,選擇如何處理 %@。
Chunks to the left end up in the early commit and chunks to the right in the later. Centered chunks are pending your decision.,instruction for split commit mode explaining chunk placement,1.1,Chunks til venstre ender i det tidlige commit og chunks til højre i det senere. Centrerede chunks afventer din beslutning.,Chunks links landen im früheren Commit und Chunks rechts im späteren. Zentrierte Chunks warten auf deine Entscheidung.,左边的块将进入较早的提交，右边的块将进入较晚的提交。居中的块等待你决定。,左邊的塊將進入較早的提交，右邊的塊將進入較晚的提交。居中的塊等待你決定。
Collapsing will move %ld repositories out of %@.,"Confirmation when collapsing a folder; %ld is number of repositories, %@ is folder name",1.1,Sammenfoldning vil flytte %ld repositories ud af %@.,Zuklappen wird %ld Repositories aus %@ verschieben.,折叠将把 %ld 个仓库移出 %@。,摺疊將把 %ld 個版本庫移出 %@。
Commit %@ is not head of current branch.,Warning when a commit cannot be amended. %@ is a short commit identifier like 'a1b2c3d'.,1.1,Commit %@ er ikke head af den aktuelle branch.,Commit %@ ist nicht Head des aktuellen Branch.,提交 %@ 不是当前分支的 head。,提交 %@ 不是目前分支的 head。
Commit is deleted with changes kept in the working directory.,confirmation for soft reset: removes the commit but keeps file modifications,1.1,Commit er slettet med ændringer bevaret i working directory.,"Commit ist gelöscht, Änderungen bleiben im Arbeitsverzeichnis erhalten.",提交会被删除，更改会保留在工作目录中。,提交會被刪除，變更會保留在工作目錄中。
Connection made from %@:%d to %@:%d,"status message for port forwarding, first %@:%d is source host:port, second %@:%d is target host:port",1.1,Forbindelse oprettet fra %@:%d til %@:%d,Verbindung hergestellt von %@:%d zu %@:%d,已建立从 %@:%d 到 %@:%d 的连接,已建立從 %@:%d 到 %@:%d 的連線
Context will be lost,subtitle warning in agent service menu when switching would discard conversation history,1.1,Kontekst vil gå tabt,Kontext geht verloren,上下文将丢失,上下文將遺失
Create an SSH signature to verify key ownership.,alert message explaining the purpose of SSH text signing,1.1,Opret en SSH-signatur for at bekræfte nøgleejerskab.,"Erstelle eine SSH-Signatur, um den Schlüsselbesitz zu bestätigen.",创建 SSH 签名以验证密钥所有权。,建立 SSH 簽名以驗證金鑰所有權。
Create new branch with %@ as head commit.,"prompt when creating a branch from a commit, %@ is short commit hash",1.1,Opret ny branch med %@ som head-commit.,Erstelle neuen Branch mit %@ als Head-Commit.,以 %@ 作为 head 提交创建新分支。,以 %@ 作為 head 提交建立新分支。
Created %@ branch is current.,"success message after creating and checking out a branch, %@ is branch name",1.1,Oprettet %@ branch er aktuel.,Erstellter %@ Branch ist aktuell.,已创建的 %@ 分支是当前分支。,已建立的 %@ 分支是目前分支。
Created %@ branch.,"success message after creating a branch, %@ is branch name",1.1,Oprettet %@ branch.,Branch %@ erstellt.,已创建 %@ 分支。,已建立 %@ 分支。
Creating repository,progress title while creating GitHub activity repository,1.1,Opretter repository,Erstelle Repository,正在创建仓库,正在建立版本庫
Delete %@,"confirmation title for deleting tag, arg: tag name",1.1,Slet %@,Lösche %@,删除 %@,刪除 %@
Delete Provider,alert title for deleting a hosting provider,1.1,Slet udbyder,Anbieter löschen,删除服务商,刪除服務商
Directory saved. Consider committing right away.,share extension prompt shown after a directory is saved to a repository,1.1,Mappe gemt. Overvej at committe med det samme.,Verzeichnis gespeichert. Erwäge sofort zu committen.,目录已保存。建议立即提交。,目錄已儲存。建議立即提交。
Doing holiday commits,progress title while creating backdated commits for activity graph,1.1,Laver ferie-commits,Erstelle Ferien-Commits,正在创建假日提交,正在建立假日提交
Drag chunks to the left to put in early commit and right for later commit. Chunks in the middle are undecided.,instructions shown when splitting a commit into two,1.1,Træk chunks til venstre for at placere i tidligt commit og til højre for senere commit. Chunks i midten er ubestemte.,Ziehe Chunks nach links für den frühen Commit und nach rechts für den späteren Commit. Chunks in der Mitte sind unentschieden.,将块拖到左侧放入早期提交，拖到右侧放入后期提交。中间的块尚未决定。,將塊拖到左側放入早期提交，拖到右側放入後期提交。中間的塊尚未決定。
Edit Extra Header,Alert title when editing an existing extra HTTP header,1.1,Rediger ekstra header,Zusätzlichen Header bearbeiten,编辑额外标头,編輯額外標頭
Enter a passphrase to protect %@.,prompt when exporting private key; %@ is the key type description like 'ed25519 key',1.1,Indtast en adgangskode for at beskytte %@.,"Gib eine Passphrase ein, um %@ zu schützen.",输入密码短语以保护 %@。,輸入密碼短語以保護 %@。
Enter an API key from ,prefix text before the API provider name prompting user to enter their API key,1.1,Angiv en API-nøgle fra ,Geben Sie einen API-Schlüssel von ,输入以下服务提供的 API 密钥：,輸入以下服務提供的 API 金鑰：
Extracting %@,"progress description while unzipping, %@ is the entry filename",1.1,Udpakker %@,Entpacke %@,正在解压 %@,正在解壓 %@
Fetching most recent %d commits.,"progress loading commit history, arg is count",1.1,Henter de seneste %d commits.,Lade die neuesten %d Commits.,正在获取最近 %d 个提交。,正在抓取最近 %d 個提交。
Fetching next %d commits.,"progress loading more commit history, arg is count",1.1,Henter de næste %d commits.,Lade die nächsten %d Commits.,正在获取接下来 %d 个提交。,正在抓取接下來 %d 個提交。
Fetching next commits.,progress loading more commit history,1.1,Henter næste commits.,Lade nächste Commits.,正在获取接下来的提交。,正在抓取接下來的提交。
Files saved. Consider committing right away.,share extension prompt shown after multiple files are saved to a repository,1.1,Filer gemt. Overvej at committe med det samme.,Dateien gespeichert. Erwäge sofort zu committen.,文件已保存。建议立即提交。,檔案已儲存。建議立即提交。
Files will be lost beyond recovery.,delete warning for the welcome/sample repository,1.1,Filer vil gå tabt uden mulighed for gendannelse.,Dateien gehen unwiederbringlich verloren.,文件将永久丢失且无法恢复。,檔案將永久遺失且無法恢復。
For security reasons Shortcuts will ask before running imported shortcuts for the first time. You could run it now to get this out of the way.,notification shown after successfully installing a shortcut,1.1,Af sikkerhedshensyn vil Genveje spørge før importerede genveje køres første gang. Du kan køre den nu for at få det overstået.,"Aus Sicherheitsgründen fragt Kurzbefehle vor dem erstmaligen Ausführen importierter Kurzbefehle nach. Du kannst ihn jetzt ausführen, um das zu erledigen.",出于安全原因，快捷指令在首次运行导入的快捷指令前会询问确认。你可以现在运行它以完成此步骤。,出於安全原因，捷徑在首次執行匯入的捷徑前會詢問確認。你可以現在執行它以完成此步驟。
Host key accepted.,confirmation message after accepting an SSH host key,1.1,Værtsnøgle accepteret.,Host-Schlüssel akzeptiert.,主机密钥已接受。,主機金鑰已接受。
Host key mismatch,alert title when SSH host key differs from expected,1.1,Værtsnøgle passer ikke,Host-Schlüssel stimmt nicht überein,主机密钥不匹配,主機金鑰不符
Jump to line,alert message prompting user to enter a line number to jump to,1.1,Spring til linje,Zur Zeile springen,跳转到行,跳轉到行
Key was used on %@.,message in delete confirmation showing last use; %@ is a formatted date,1.1,Nøgle blev brugt den %@.,Schlüssel wurde am %@ verwendet.,密钥最后使用于 %@。,金鑰最後使用於 %@。
Move from %@ to %@ completed.,"success message after file move, args: source path, destination path",1.1,Flytning fra %@ til %@ fuldført.,Verschiebung von %@ nach %@ abgeschlossen.,从 %@ 移动到 %@ 完成。,從 %@ 移動到 %@ 完成。
Navigate to directory where you want to extract zip file.,share extension instruction shown after choosing to unzip a file,1.1,Naviger til mappen hvor du vil udpakke zip-filen.,"Navigiere zum Verzeichnis, in das du die Zip-Datei entpacken möchtest.",导航到你要解压缩 zip 文件的目录。,導航到你要解壓縮 zip 檔案的目錄。
Navigate to directory where you want to save %@.,share extension instruction when saving a directory; %@ is the file type description,1.1,Naviger til mappen hvor du vil gemme %@.,"Navigiere zum Verzeichnis, in dem du %@ speichern möchtest.",导航到你要保存 %@ 的目录。,導航到你要儲存 %@ 的目錄。
Navigate to directory where you want to write files.,share extension instruction shown when saving multiple files,1.1,Naviger til mappen hvor du vil skrive filer.,"Navigiere zum Verzeichnis, in das du Dateien schreiben möchtest.",导航到你要写入文件的目录。,導航到你要寫入檔案的目錄。
No existing packs,status message when repository has no pack files to repack,1.1,Ingen eksisterende packs,Keine vorhandenen Packs,没有现有的包,沒有現有的包
Package,action sheet option to link to a document package,1.1,Pakke,Paket,文稿包,文件套件
Perform actions manually to get matching callback examples.,footer hint encouraging users to perform actions to generate callback URLs,1.1,Udfør handlinger manuelt for at få matchende callback-eksempler.,"Führe Aktionen manuell aus, um passende Callback-Beispiele zu erhalten.",手动执行操作以获取匹配的回调示例。,手動執行操作以取得相符的回呼範例。
Pick %@ as current repository for this log.,"prompt to pick a repository for the log, arg: repository name",1.1,Vælg %@ som aktuelt repository for denne log.,Wähle %@ als aktuelles Repository für dieses Log.,选取 %@ 作为此日志的当前仓库。,選取 %@ 作為此日誌的目前版本庫。
Pick base branch to receive commits by pull request.,instruction when pull request mode is active,1.1,Vælg base branch til at modtage commits via pull request.,"Wähle den Basis-Branch, um Commits per Pull Request zu empfangen.",选取接收拉取请求提交的基础分支。,選取要接收 Pull Request 提交的基礎分支。
Pick branch that should be merged into %@.,"instruction when merge mode is active, arg: current branch name",1.1,Vælg branch der skal merges ind i %@.,"Wähle den Branch, der in %@ gemergt werden soll.",选取要合并到 %@ 的分支。,選取要合併到 %@ 的分支。
Pick file to read from.,prompt shown in file picker for read callback,1.1,Vælg fil at læse fra.,Wähle eine Datei zum Lesen.,选择要读取的文件。,選擇要讀取的檔案。
Please enter private key passphrase,Prompt shown when a PEM-encoded key requires a passphrase to decrypt,1.1,Indtast venligst adgangskode til privat nøgle,Bitte gib die Passphrase des privaten Schlüssels ein,请输入私钥密码短语,請輸入私鑰密碼短語
Previous Repository,title for alert asking to restore files from a previously opened repository,1.1,Forrige repository,Vorheriges Repository,上一个仓库,上一個版本庫
Prompt,delete mode: ask user for confirmation before deleting,1.1,Prompt,Prompt,提示,提示
Public key copied to clipboard,confirmation message after copying public key,1.1,Offentlig nøgle kopieret til udklipsholder,Öffentlicher Schlüssel in die Zwischenablage kopiert,公钥已复制到剪贴板,公開金鑰已複製到剪貼簿
Public key removed from %@.,success message after removing key; %@ is the provider name (e.g. GitHub),1.1,Offentlig nøgle fjernet fra %@.,Öffentlicher Schlüssel von %@ entfernt.,公钥已从 %@ 移除。,公開金鑰已從 %@ 移除。
Public key transferred to %@.,success message after uploading key; %@ is the provider name (e.g. GitHub),1.1,Offentlig nøgle overført til %@.,Öffentlicher Schlüssel an %@ übertragen.,公钥已传输到 %@。,公開金鑰已傳輸到 %@。
Pushing %@ %@,"progress message when uploading to server, args: repository name, branch name",1.1,Pusher %@ %@,Pushe %@ %@,正在推送 %@ %@,正在推送 %@ %@
Pushing to GitHub,progress title while uploading activity commits to GitHub,1.1,Pusher til GitHub,Pushe zu GitHub,正在推送到 GitHub,正在推送到 GitHub
Replace %@ as current repository for this log instead of %@.,"prompt to switch log repository, args: new repo name, current repo name",1.1,Erstat %@ som nuværende repository for denne log i stedet for %@.,Ersetze %@ als aktuelles Repository für dieses Log anstelle von %@.,将 %@ 替换为此日志的当前仓库，而非 %@。,將 %@ 替換為此日誌的目前版本庫，而非 %@。
"Repositories and settings have been transferred.

Switch back to Working Copy Enterprise to finalize the transfer.",success message after migration transfer completes,1.1,"Repositories og indstillinger er blevet overført.

Skift tilbage til Working Copy Enterprise for at afslutte overførslen.","Repositories und Einstellungen wurden übertragen.

Wechsle zurück zu Working Copy Enterprise, um die Übertragung abzuschließen.","仓库和设置已传输。

切换回 Working Copy Enterprise 以完成传输。","版本庫和設定已傳輸。

切換回 Working Copy Enterprise 以完成傳輸。"
Repository %@ initialized.,"success message after repository init, arg: repository name",1.1,Repository %@ initialiseret.,Repository %@ initialisiert.,仓库 %@ 已初始化。,版本庫 %@ 已初始化。
Repository %@ will be deleted from %@.,"delete warning when no data loss, first %@ is repository name, second %@ is the device type like iPhone/iPad",1.1,Repository %@ vil blive slettet fra %@.,Repository %@ wird aus %@ gelöscht.,仓库 %@ 将从 %@ 中删除。,版本庫 %@ 將從 %@ 中刪除。
Repository cloned to %@.,"success message after clone, arg: repository name",1.1,Repository klonet til %@.,Repository nach %@ geklont.,仓库已克隆到 %@。,版本庫已拓製到 %@。
Repository in %@ is copied but left unchanged.,confirmation title when importing a linked repo; %@ is the external storage location name,1.1,Repository i %@ er kopieret men efterladt uændret.,"Repository in %@ wurde kopiert, aber unverändert gelassen.",%@ 中的仓库已复制但保持不变。,%@ 中的版本庫已複製但保持不變。
Repository is pushed to GitHub.com and your commit activity should update within a few minutes.,success message after pushing activity commits to GitHub,1.1,Repository er pushet til GitHub.com og din commit-aktivitet bør opdatere inden for få minutter.,Repository wurde zu GitHub.com gepusht und deine Commit-Aktivität sollte sich innerhalb weniger Minuten aktualisieren.,仓库已推送到 GitHub.com，你的提交活动应在几分钟内更新。,版本庫已推送到 GitHub.com，你的提交活動應在幾分鐘內更新。
Repository reset to %@.,success message after reverting; %@ is the short commit hash,1.1,Repository nulstillet til %@.,Repository zurückgesetzt auf %@.,仓库已重置到 %@。,版本庫已重設到 %@。
Repository reset.,success message after reverting an empty repository with no commits,1.1,Repository nulstillet.,Repository zurückgesetzt.,仓库已重置。,版本庫已重設。
Repository successfully reset. Changes kept in working directory.,success message after resetting branch while preserving local file changes,1.1,Repository nulstillet. Ændringer beholdt i working directory.,Repository erfolgreich zurückgesetzt. Änderungen im Arbeitsverzeichnis behalten.,仓库已成功重置。更改保留在工作目录中。,版本庫已成功重設。變更保留在工作目錄中。
Repository successfully reset. Revert repository to discard changes.,"success message after soft reset, informing user changes are still in working directory",1.1,Repository nulstillet. Revert repository for at kassere ændringer.,"Repository erfolgreich zurückgesetzt. Reverte das Repository, um Änderungen zu verwerfen.",仓库已成功重置。还原仓库以丢弃更改。,版本庫已成功重設。還原版本庫以丟棄變更。
Repository will be deleted from %@.,"unnamed delete warning when no data loss, %@ is the device type like iPhone/iPad",1.1,Repository vil blive slettet fra %@.,Repository wird aus %@ gelöscht.,仓库将从 %@ 中删除。,版本庫將從 %@ 中刪除。
"RepositoryDispatch action triggered in %@.

Tap to view GitHub Actions.","status message after triggering GitHub Action, arg: repository name",1.1,"RepositoryDispatch-handling udløst i %@.

Tryk for at se GitHub Actions.","RepositoryDispatch-Aktion ausgelöst in %@.

Tippe, um GitHub Actions anzuzeigen.","已在 %@ 中触发 RepositoryDispatch 操作。

轻触以查看 GitHub Actions。","已在 %@ 中觸發 RepositoryDispatch 操作。

點一下以檢視 GitHub Actions。"
Reset of %@ will keep changes in working directory.,soft reset confirmation; %@ is branch name,1.1,Reset af %@ vil beholde ændringer i working directory.,Reset von %@ wird Änderungen im Arbeitsverzeichnis behalten.,重置 %@ 将保留工作目录中的更改。,重設 %@ 將保留工作目錄中的變更。
Restore %d files with unpushed modifications?,"alert asking whether to restore multiple files from previous repository state, %d is the file count",1.1,Gendan %d filer med ændringer der ikke er pushet?,%d Dateien mit nicht gepushten Änderungen wiederherstellen?,恢复 %d 个有未推送修改的文件？,恢復 %d 個有未推送修改的檔案？
Restore '%@' with unpushed modifications?,"alert asking whether to restore a single file from previous repository state, %@ is the filename",1.1,Gendan '%@' med ændringer der ikke er pushet?,'%@' mit nicht gepushten Änderungen wiederherstellen?,恢复有未推送修改的“%@”？,恢復有未推送修改的「%@」？
Restoring %@,"progress title when restoring a repository from backup, %@ = repository name",1.1,Gendanner %@,Stelle %@ wieder her,正在恢复 %@,正在恢復 %@
Reverted commit %@,success message after creating a commit that undoes changes; %@ is short commit identifier,1.1,Reverterede commit %@,Revertierte Commit %@,已还原提交 %@,已還原提交 %@
Reverting to commit %@ from %@ will lose some changes beyond recovery.,"warning when reverting, args: commit hash, date",1.1,At vende tilbage til commit %@ fra %@ vil miste nogle ændringer uden mulighed for gendannelse.,Das Zurücksetzen auf Commit %@ vom %@ wird einige Änderungen unwiderruflich verlieren.,还原到提交 %1$@（来自 %2$@）将丢失部分更改且无法恢复。,還原到提交 %1$@（來自 %2$@）將遺失部分變更且無法恢復。
Reverting will lose some changes beyond recovery.,warning when reverting without specific commit,1.1,Tilbageførsel vil miste nogle ændringer uden mulighed for gendannelse.,Das Zurücksetzen wird einige Änderungen unwiderruflich verlieren.,还原将不可恢复地丢失部分更改。,還原將不可恢復地遺失部分變更。
Secure your key with a passphrase.,prompt message when asking for passphrase during key generation,1.1,Beskyt din nøgle med en adgangskode.,Schütze deinen Schlüssel mit einer Passphrase.,使用密码短语保护你的密钥。,使用密碼短語保護你的金鑰。
Server is created at %@ but taking longer than expected to accept SSH connections.,warning when server is running but SSH is not yet available; %@ is the IP address,1.1,Server er oprettet på %@ men det tager længere end forventet at acceptere SSH-forbindelser.,"Server wurde unter %@ erstellt, braucht aber länger als erwartet, um SSH-Verbindungen anzunehmen.",服务器已在 %@ 创建，但接受 SSH 连接的时间超出预期。,伺服器已在 %@ 建立，但接受 SSH 連線的時間超出預期。
Server is created at %@ but taking longer than expected to boot.,warning when server is created but slow to boot; %@ is the IP address,1.1,Server er oprettet på %@ men det tager længere end forventet at starte.,"Server wurde unter %@ erstellt, braucht aber länger als erwartet zum Starten.",服务器已在 %@ 创建，但启动时间超出预期。,伺服器已在 %@ 建立，但啟動時間超出預期。
Server is created but taking longer than expected to boot.,warning when new server creation succeeds but boot takes too long,1.1,Server er oprettet men det tager længere end forventet at starte.,"Server wurde erstellt, braucht aber länger als erwartet zum Starten.",服务器已创建，但启动时间超出预期。,伺服器已建立，但啟動時間超出預期。
Server is ready at %@,success message after server creation. %@ is server IP address,1.1,Server er klar på %@,Server ist bereit unter %@,服务器已就绪，地址为 %@,伺服器已就緒，地址為 %@
Should Web Storage for pages in %@ be persisted in LocalStorage.json?,"alert asking user about persisting web storage, %@ is repository name",1.1,Skal Web Storage for sider i %@ gemmes i LocalStorage.json?,Soll Web Storage für Seiten in %@ in LocalStorage.json gespeichert werden?,是否应将 %@ 中页面的 Web Storage 持久化到 LocalStorage.json？,是否應將 %@ 中頁面的 Web Storage 持久化到 LocalStorage.json？
Signing with private key for %@ succeeded.,success message after signing test; %@ is the key user ID or email,1.1,Signering med privat nøgle for %@ lykkedes.,Signierung mit privatem Schlüssel für %@ erfolgreich.,使用 %@ 的私钥签名成功。,使用 %@ 的私鑰簽名成功。
Some repositories have just been fetched as Merge was not possible.,warning when multi-repo pull cannot merge some repos,1.1,"Nogle repositories er netop blevet fetchet, da merge ikke var muligt.","Einige Repositories wurden nur gefetcht, da ein Merge nicht möglich war.",部分仓库仅执行了获取操作，因为无法进行合并。,部分版本庫僅執行了抓取操作，因為無法進行合併。
Tag '%@' created for %@,"success message. first %@ is tag name, second %@ is short commit identifier",1.1,Tag '%@' oprettet for %@,Tag '%@' erstellt für %@,标签“%@”已为 %@ 创建,標籤「%@」已為 %@ 建立
Tap colored parts of URL to change values and drag entire URL into another app.,footer hint for callback URL list when drag is available,1.1,"Tryk på farvede dele af URL for at ændre værdier, og træk hele URL til en anden app.","Tippe auf farbige Teile der URL, um Werte zu ändern, und ziehe die gesamte URL in eine andere App.",轻触 URL 的彩色部分来更改值，并将整个 URL 拖放到另一个应用中。,點一下 URL 的彩色部分來變更值，並將整個 URL 拖放到另一個 App 中。
Tap to edit %@,"prompt to edit an SSH parameter: arg is parameter name like server, command, etc.",1.1,Tryk for at redigere %@,Tippe zum Bearbeiten von %@,轻触以编辑 %@,點一下以編輯 %@
Tap to edit branch,prompt to enter a branch name for checkout or delete,1.1,Tryk for at redigere branch,Tippe zum Bearbeiten des Branch,轻触以编辑分支,點一下以編輯分支
Tap to edit commit message,prompt to enter a Git commit message,1.1,Tryk for at redigere commit-besked,Tippe zum Bearbeiten der Commit-Nachricht,轻触以编辑提交消息,點一下以編輯提交訊息
Tap to edit depth,prompt to enter a custom directory depth value,1.1,Tryk for at redigere dybde,Tippe zum Bearbeiten der Tiefe,轻触以编辑深度,點一下以編輯深度
Tap to edit filename suggestion,prompt to enter a suggested filename for file write,1.1,Tryk for at redigere filnavnsforslag,Tippe zum Bearbeiten des Dateinamenvorschlags,轻触以编辑文件名建议,點一下以編輯檔名建議
Tap to edit limit,prompt to enter a custom file count limit for commit,1.1,Tryk for at redigere grænse,Tippe zum Bearbeiten des Limits,轻触以编辑限制,點一下以編輯限制
Tap to edit message,prompt to enter an annotation message for a Git tag,1.1,Tryk for at redigere besked,Tippe zum Bearbeiten der Nachricht,轻触以编辑标签说明,點一下以編輯標籤說明
Tap to edit name,prompt to enter a repository name for initialization,1.1,Tryk for at redigere navn,Tippe zum Bearbeiten des Namens,轻触以编辑名称,點一下以編輯名稱
Tap to edit path,prompt to enter a custom file path,1.1,Tryk for at redigere sti,Tippe zum Bearbeiten des Pfads,轻触以编辑路径,點一下以編輯路徑
Tap to edit tag name,prompt to enter a name for a Git tag,1.1,Tryk for at redigere tag-navn,Tippe zum Bearbeiten des Tag-Namens,轻触以编辑标签名称,點一下以編輯標籤名稱
Tap to edit type identifier,prompt to enter a Uniform Type Identifier for file type,1.1,Tryk for at redigere type-identifikator,Tippe zum Bearbeiten der Typkennung,轻触以编辑类型标识符,點一下以編輯型別識別符號
Terms of use,alert title for AI commit message terms acceptance,1.1,Brugsvilkår,Nutzungsbedingungen,使用条款,使用條款
Text written to %@,"success message after write callback, arg: file path",1.1,Tekst skrevet til %@,Text geschrieben nach %@,文本已写入 %@,文字已寫入 %@
Universal Link copied to clipboard. Tap to open in Safari.,status message after copying universal link,1.1,Universal Link kopieret til udklipsholder. Tryk for at åbne i Safari.,"Universal Link in die Zwischenablage kopiert. Tippe, um ihn in Safari zu öffnen.",Universal Link 已复制到剪贴板。轻触在 Safari 中打开。,Universal Link 已複製到剪貼簿。點一下在 Safari 中開啟。
Unknown host key,alert title for first-time SSH host connection,1.1,Ukendt værtsnøgle,Unbekannter Host-Schlüssel,未知的主机密钥,未知的主機金鑰
Warnings,console log filter showing only warning messages,1.1,Advarsler,Warnungen,警告,警告
Will you link to a folder or a document package?,action sheet message when relinking a working directory,1.1,Vil du linke til en mappe eller en dokumentpakke?,Möchtest du auf einen Ordner oder ein Dokumentpaket verlinken?,你要链接到文件夹还是文稿包？,你要連結到資料夾還是文件套件？
You are about to rewrite %@ to move %d commits above %@,"confirmation for reordering multiple commits, %@ is branch name, %d is number of commits, last %@ is target commit hash",1.1,Du er ved at omskrive %@ for at flytte %d commits over %@,"Du bist dabei, %@ umzuschreiben, um %d Commits über %@ zu verschieben",你即将重写 %@ 以将 %d 个提交移动到 %@ 之上,你即將重寫 %@ 以將 %d 個提交移動到 %@ 之上
You are about to rewrite %@ to move commit %@ above %@,"confirmation for reordering a single commit, first %@ is branch name, second %@ is commit hash being moved, third %@ is target commit hash",1.1,Du er ved at omskrive %@ for at flytte commit %@ over %@,"Du bist dabei, %@ umzuschreiben, um Commit %@ über %@ zu verschieben",你即将重写 %@ 以将提交 %@ 移动到 %@ 之上,你即將重寫 %@ 以將提交 %@ 移動到 %@ 之上
You have a newer version of Working Copy Enterprise installed and should delete this one.,alert when an older enterprise app version should be removed,1.1,Du har en nyere version af Working Copy Enterprise installeret og bør slette denne.,Du hast eine neuere Version von Working Copy Enterprise installiert und solltest diese löschen.,你已安装了更新版本的 Working Copy Enterprise，应删除此版本。,你已安裝了更新版本的 Working Copy Enterprise，應刪除此版本。
You have a newer version of Working Copy Enterprise installed and should delete this one. It has a ❌ on the icon.,"alert when an older enterprise app version should be removed, icon was marked",1.1,Du har en nyere version af Working Copy Enterprise installeret og bør slette denne. Den har et ❌ på ikonet.,Du hast eine neuere Version von Working Copy Enterprise installiert und solltest diese löschen. Sie hat ein ❌ auf dem Symbol.,你已安装了更新版本的 Working Copy Enterprise，应删除此版本。它的图标上有一个 ❌。,你已安裝了更新版本的 Working Copy Enterprise，應刪除此版本。它的圖示上有一個 ❌。
You have a older version of Working Copy Enterprise installed and should delete the other one.,alert when a newer enterprise version detects an older one still installed,1.1,Du har en ældre version af Working Copy Enterprise installeret og bør slette den anden.,Du hast eine ältere Version von Working Copy Enterprise installiert und solltest die andere löschen.,你已安装了旧版本的 Working Copy Enterprise，应删除另一个版本。,你已安裝了舊版本的 Working Copy Enterprise，應刪除另一個版本。
"You have commits on %@ that need to be pushed.

Tap to push and continue with pull request.","prompt to push before creating PR, %@ is branch name",1.1,"Du har commits på %@ der skal pushes.

Tryk for at pushe og fortsætte med pull request.","Du hast Commits auf %@, die gepusht werden müssen.

Tippe, um zu pushen und mit dem Pull Request fortzufahren.","你在 %@ 上有需要推送的提交。

轻触以推送并继续创建拉取请求。","你在 %@ 上有需要推送的提交。

點一下以推送並繼續建立 Pull Request。"
You might need to verify installation inside Workflow.,"hint after installing a Workflow action, user may need to confirm in the Workflow app",1.1,Du skal muligvis bekræfte installationen i Workflow.,Du musst die Installation möglicherweise in Workflow bestätigen.,你可能需要在 Workflow 中验证安装。,你可能需要在 Workflow 中驗證安裝。
You need to enable history rewriting for %@ to Change Author.,"warning when branch doesn't allow history rewriting, %@ is branch name",1.1,Du skal aktivere omskrivning af historik for %@ for at skifte forfatter.,"Du musst das Umschreiben der Historie für %@ aktivieren, um den Autor zu ändern.",你需要为 %@ 启用历史重写才能更改作者。,你需要為 %@ 啟用歷史重寫才能變更作者。
You need to pick a destination for writing.,prompt shown in file picker for write callback,1.1,Du skal vælge en destination til skrivning.,Du musst ein Ziel zum Schreiben auswählen.,你需要选择一个写入目标。,你需要選擇一個寫入目標。
You need to save or discard changes to %@.,"warning when navigating away with unsaved changes, %@ is the type of changes",1.1,Du skal gemme eller kassere ændringer i %@.,Du musst Änderungen an %@ speichern oder verwerfen.,你需要保存或丢弃对 %@ 的更改。,你需要儲存或丟棄對 %@ 的變更。
You need to specify the source reference to push from.,instruction when source reference field is empty in custom push,1.1,Du skal angive kildereferencen at pushe fra.,"Du musst die Quellreferenz angeben, von der gepusht werden soll.",你需要指定要从中推送的来源引用。,你需要指定要從中推送的來源引用。
You will loose all commits in '%@' when deleted.,"warning when deleting branch not merged to any other branch, %@ is branch name",1.1,Du mister alle commits i '%@' når den slettes.,"Du verlierst alle Commits in '%@', wenn gelöscht wird.",删除后你将丢失“%@”中的所有提交。,刪除後你將遺失「%@」中的所有提交。
You will not be able to undo this.,warning title in delete key confirmation alert,1.1,Du vil ikke kunne fortryde dette.,Du wirst dies nicht rückgängig machen können.,你将无法撤销此操作。,你將無法撤銷此操作。
You would loose all commits in '%@' by deleting it.,"warning when branch is disjoint from all others, %@ is branch name",1.1,Du ville miste alle commits i '%@' ved at slette den.,Du würdest alle Commits in '%@' durch das Löschen verlieren.,删除后你将丢失“%@”中的所有提交。,刪除後你將遺失「%@」中的所有提交。
changes to no files,fallback text when no files were changed in commits,1.1,ændringer til ingen filer,Änderungen an keinen Dateien,没有文件更改,沒有檔案變更
the server,fallback name when no server hostname is configured,1.1,serveren,der Server,服务器,伺服器
this,fallback name for a presented view controller that has no title,1.1,denne,dies,此项,此項
256 bit ECDSA,menu item to generate a 256-bit ECDSA SSH key,1.0,256 bit ECDSA,256 Bit ECDSA,256 位 ECDSA,256 位元 ECDSA
256 bit ED25519,menu item to generate a 256-bit ED25519 SSH key,1.0,256 bit ED25519,256 Bit ED25519,256 位 ED25519,256 位元 ED25519
4096 bit RSA,menu item to generate a 4096-bit RSA SSH key,1.0,4096 bit RSA,4096 Bit RSA,4096 位 RSA,4096 位元 RSA
App receipt had unexpected bundle identifier.,receipt validation failure reason,1.0,App-kvittering havde uventet bundle-id.,App-Quittung hatte unerwartete Bundle-ID.,应用收据包含意外的 Bundle 标识符。,App 收據包含意外的 Bundle 識別符號。
Archive files,callback title for creating a zip archive of repository files,1.0,Arkivfiler,Archivdateien,归档文件,歸檔檔案
Beanstalk,short name for Beanstalk hosting provider,1.0,Beanstalk,Beanstalk,Beanstalk,Beanstalk
Beanstalk server,title for Beanstalk hosting provider configuration,1.0,Beanstalk-server,Beanstalk-Server,Beanstalk 服务器,Beanstalk 伺服器
Change Color Scheme,callback title for switching between dark and light appearance,1.0,Skift farveskema,Farbschema ändern,更改配色方案,變更配色方案
Confirm,button to confirm adding submodule,1.0,Bekræft,Bestätigen,确认,確認
Created by Working Copy for nbviewer.jupyter.org,description text for gist created on GitHub,1.0,Oprettet af Working Copy til nbviewer.jupyter.org,Erstellt von Working Copy für nbviewer.jupyter.org,由 Working Copy 为 nbviewer.jupyter.org 创建,由 Working Copy 為 nbviewer.jupyter.org 建立
Dark Scheme,activity title for switching to dark color scheme,1.0,Mørkt skema,Dunkles Schema,深色方案,深色方案
Edit in Editorial,share sheet activity: open file in the Editorial app,1.0,Rediger i Editorial,In Editorial bearbeiten,在 Editorial 中编辑,在 Editorial 中編輯
Generate,button to confirm generating a new signing key,1.0,Generer,Generieren,生成,產生
Generate Key,submenu title for SSH key generation options,1.0,Generer nøgle,Schlüssel generieren,生成密钥,產生金鑰
Gerrit Code Review,storyboard string for Gerrit Code Review,1.0,Gerrit Code Review,Gerrit Code Review,Gerrit Code Review,Gerrit Code Review
Import Key,submenu title for SSH key import options,1.0,Importér nøgle,Schlüssel importieren,导入密钥,匯入金鑰
Impressive Python environment for iOS.,short description of the Pythonista app integration,1.0,Imponerende Python-miljø til iOS.,Beeindruckende Python-Umgebung für iOS.,令人印象深刻的 iOS Python 环境。,令人印象深刻的 iOS Python 環境。
Jupyter Notebook preview,free feature: rendering Jupyter Notebook files,1.0,Jupyter Notebook-forhåndsvisning,Jupyter-Notebook-Vorschau,Jupyter Notebook 预览,Jupyter Notebook 預覽
Light Scheme,activity title for switching to light color scheme,1.0,Lyst farveskema,Helles Farbschema,浅色方案,淺色方案
Markdown and plain-text editor with powerful automation features.,short description of the Editorial app integration,1.0,Markdown- og ren tekst-editor med kraftfulde automatiseringsfunktioner.,Markdown- und Klartext-Editor mit leistungsstarken Automatisierungsfunktionen.,具有强大自动化功能的 Markdown 和纯文本编辑器。,具有強大自動化功能的 Markdown 和純文字編輯器。
Not Available,disabled menu item shown when file revert is not possible,1.0,Ikke tilgængelig,Nicht verfügbar,不可用,不可用
Private Key,menu item to export the private SSH key,1.0,Privat nøgle,Privater Schlüssel,私钥,私鑰
Public Key,menu item to export the public SSH key,1.0,Offentlig nøgle,Öffentlicher Schlüssel,公钥,公開金鑰
Resolve Pull Request,name of the Pythonista script for resolving pull requests,1.0,Resolve pull request,Pull Request resolven,解决 Pull Request,解決 Pull Request
Secure Enclave Key,default title for a Secure Enclave key when no comment is set,1.0,Secure Enclave-nøgle,Secure Enclave-Schlüssel,Secure Enclave 密钥,Secure Enclave 金鑰
Setup Folder Sync,activity title for configuring folder syncing,1.0,Opsæt mappesynkronisering,Ordnersynchronisierung einrichten,设置文件夹同步,設定資料夾同步
Setup Package Sync,activity title for configuring package syncing,1.0,Opsæt pakkesynkronisering,Paketsynchronisierung einrichten,设置文稿包同步,設定文件套件同步
Share Zip Archive,activity title for sharing a directory as a zip archive,1.0,Del zip-arkiv,Zip-Archiv teilen,共享 Zip 归档,分享 Zip 歸檔
Show Details,context menu action to view SSH key details,1.0,Vis detaljer,Details anzeigen,显示详情,顯示詳細資訊
Stop WebDAV,activity title for stopping the WebDAV file server,1.0,Stop WebDAV,WebDAV stoppen,停止 WebDAV,停止 WebDAV
Test Shortcut,debug-only action title for testing Shortcuts integration,1.0,Test genvej,Kurzbefehl testen,测试快捷指令,測試捷徑
Toggle Debug Info,,1.0,Skift fejlsøgningsinfo,Debug-Info umschalten,切换调试信息,切換偵錯資訊
Toggle Scheme,activity title for toggling between dark and light color schemes,1.0,Skift farveskema,Farbschema umschalten,切换配色方案,切換配色方案
Truncate,button to truncate the TestFlight log,1.0,Afkort,Kürzen,截断,截斷
"You can configure GitHub Enterprise servers, Beanstalk, Gitea, and GitLab.

Regular SSH servers are supported through Secure Shell commands.",footer text for custom hosting provider configuration,1.0,"Du kan konfigurere GitHub Enterprise-servere, Beanstalk, Gitea og GitLab.

Almindelige SSH-servere understøttes via Secure Shell-kommandoer.","Du kannst GitHub Enterprise-Server, Beanstalk, Gitea und GitLab konfigurieren.

Normale SSH-Server werden über Secure Shell-Befehle unterstützt.","你可以配置 GitHub Enterprise 服务器、Beanstalk、Gitea 和 GitLab。

常规 SSH 服务器通过 Secure Shell 命令支持。","你可以設定 GitHub Enterprise 伺服器、Beanstalk、Gitea 和 GitLab。

常規 SSH 伺服器透過 Secure Shell 指令支援。"
"%@

Working Copy workflow needs to be installed in Editorial and URL Callbacks enabled. Tap to install workflow and enable URL Callbacks.","prompt when Editorial workflow and URL callbacks both need setup, %@ is the error message",0.9,"%@

Working Copy-workflow skal installeres i Editorial, og URL Callbacks skal aktiveres. Tryk for at installere workflow og aktivere URL Callbacks.","%@

Der Working Copy-Workflow muss in Editorial installiert und URL Callbacks aktiviert werden. Tippe, um den Workflow zu installieren und URL Callbacks zu aktivieren.","%@

Working Copy 工作流需要安装到 Editorial 中并启用 URL Callbacks。轻触以安装工作流并启用 URL Callbacks。","%@

Working Copy 工作流程需要安裝到 Editorial 中並啟用 URL Callbacks。點一下以安裝工作流程並啟用 URL Callbacks。"
 Open PR from list of branches to include changes in upstream repository.,hint appended to push result when a fork was created,0.8, Åbn PR fra listen af branches for at inkludere ændringer i upstream-repository.," Öffne PR aus der Branch-Liste, um Änderungen ins Upstream-Repository zu übernehmen.", 从分支列表打开 PR 以将更改包含到上游仓库。, 從分支清單開啟 PR 以將變更包含到上游版本庫。
 You can use Split Screen View to keep both apps in the foreground.,appended to WebDAV stopped notification on iPad suggesting split screen,0.8, Du kan bruge Split Screen View til at holde begge apps i forgrunden.," Du kannst die geteilte Bildschirmansicht nutzen, um beide Apps im Vordergrund zu halten.", 你可以使用分屏视图来保持两个应用在前台运行。, 你可以使用分割顯示來保持兩個 App 在前景執行。
%@ is working and your SSH Key has been transferred allowing SSH transfers. Tap to configure this.,"hosting provider test success message, %@ is provider name",0.8,"%@ virker, og din SSH-nøgle er blevet overført, hvilket tillader SSH-overførsler. Tryk for at konfigurere dette.","%@ funktioniert, und dein SSH-Schlüssel wurde übertragen, was SSH-Übertragungen ermöglicht. Tippe, um dies zu konfigurieren.",%@ 正常工作，你的 SSH 密钥已传输，允许 SSH 传输。轻触以进行配置。,%@ 正常工作，你的 SSH 金鑰已傳輸，允許 SSH 傳輸。點一下以進行設定。
%@ isn't empty. Add inner directory name or pick another directory.,"warning when chosen directory has contents, %@ is directory name",0.8,%@ er ikke tom. Tilføj et indre mappenavn eller vælg en anden mappe.,%@ ist nicht leer. Füge einen inneren Verzeichnisnamen hinzu oder wähle ein anderes Verzeichnis.,%@ 不为空。请添加子目录名称或选择其他目录。,%@ 不為空。請新增子目錄名稱或選擇其他目錄。
All modified and untracked files will be stashed.,explanation in stash confirmation dialog,0.8,Alle ændrede og usporede filer vil blive stashet.,Alle geänderten und unverfolgten Dateien werden gestasht.,所有已修改和未跟踪的文件将被储藏。,所有已修改和未追蹤的檔案將被貯存。
Archive unzipped. Consider committing right away.,share extension prompt shown after a zip archive is extracted to a repository,0.8,Arkiv udpakket. Overvej at committe med det samme.,Archiv entpackt. Erwäge sofort zu committen.,压缩包已解压。建议立即提交。,壓縮檔已解壓縮。建議立即提交。
Droplet will be configured to allow access with all SSH keys currently configured on your Digital Ocean account. Backups can be enabled from digitalocean.com,instructions shown when creating a new Digital Ocean droplet,0.8,Droplet konfigureres til at tillade adgang med alle SSH-nøgler der er konfigureret på din Digital Ocean-konto. Sikkerhedskopier kan aktiveres fra digitalocean.com,"Das Droplet wird so konfiguriert, dass der Zugriff mit allen SSH-Schlüsseln möglich ist, die aktuell in deinem Digital Ocean-Konto eingerichtet sind. Backups können über digitalocean.com aktiviert werden",Droplet 将配置为允许使用你 Digital Ocean 账户中当前配置的所有 SSH 密钥进行访问。可以从 digitalocean.com 启用备份,Droplet 將設定為允許使用你 Digital Ocean 帳戶中目前設定的所有 SSH 金鑰進行存取。可以從 digitalocean.com 啟用備份
Enter or pick the Local directory for submodule.,instruction when directory field is empty,0.8,Indtast eller vælg den lokale sti for submodule.,Gib das lokale Verzeichnis für das Submodule ein oder wähle es aus.,输入或选择子模组的本地目录。,輸入或選擇子模組的本機目錄。
Enter passphrase for SSH Key.,alert message prompting user to enter passphrase for encrypted SSH key,0.8,Indtast adgangskode for SSH-nøgle.,Passphrase für SSH-Schlüssel eingeben.,输入 SSH 密钥的密码短语。,輸入 SSH 金鑰的密碼短語。
"Fast-Forward when possible, otherwise Rebase.",merge strategy description for rebase fallback,0.8,"Fast-forward når det er muligt, ellers rebase.","Fast-Forward wenn möglich, sonst Rebase.",尽可能快进，否则变基。,儘可能快轉，否則重定基底。
Fast-forward merge,status message: merge completed by moving branch pointer forward,0.8,Fast-forward merge,Fast-Forward-Merge,快进合并,快轉合併
Git history is deleted but working directory is kept in %@.,"delete warning for external repository with internal .git folder, %@ is the external location name",0.8,"Git-historik er slettet, men working directory beholdes i %@.","Git-Verlauf ist gelöscht, aber das Arbeitsverzeichnis wird in %@ beibehalten.",Git 历史已删除，但工作目录保留在 %@ 中。,Git 歷史已刪除，但工作目錄保留在 %@ 中。
Merge not needed,status message: branches are already up to date,0.8,Merge ikke nødvendigt,Merge nicht nötig,无需合并,無需合併
Modifications inside %@ are lost when you purge.,"warning before purging a submodule with local changes, %@ is submodule name",0.8,Ændringer i %@ går tabt når du rydder.,"Änderungen in %@ gehen verloren, wenn du bereinigst.",清除时 %@ 中的修改将丢失。,清除時 %@ 中的修改將遺失。
Modifications inside %@ are lost when you update.,"warning before updating a submodule with local changes, %@ is submodule name",0.8,Ændringer i %@ går tabt når du opdaterer.,"Änderungen in %@ gehen verloren, wenn du aktualisierst.",更新时 %@ 中的修改将丢失。,更新時 %@ 中的修改將遺失。
No longer watching changes in %@ as this requires %@ to run in the foreground unless you enable Server Persistence.,"notification when file watching stops in background, first %@ is repository name, second %@ is app name",0.8,Overvåger ikke længere ændringer i %@ da dette kræver at %@ kører i forgrunden medmindre du aktiverer Server Persistence.,"Änderungen in %@ werden nicht mehr überwacht, da dies erfordert, dass %@ im Vordergrund läuft, es sei denn du aktivierst Server Persistence.",不再监视 %@ 中的更改，因为这需要 %@ 在前台运行，除非你启用服务器持续运行。,不再監視 %@ 中的變更，因為這需要 %@ 在前景執行，除非你啟用伺服器持續執行。
Open .gitconfig to grant Working Copy access.,prompt asking user to select their .gitconfig file so the app can read it (macOS),0.8,Åbn .gitconfig for at give Working Copy adgang.,"Öffne .gitconfig, um Working Copy Zugriff zu gewähren.",打开 .gitconfig 以授予 Working Copy 访问权限。,開啟 .gitconfig 以提供 Working Copy 存取權限。
Pick branch with commits you want to include in %@ and rebase on top of.,"instruction when rebase mode is active, arg: current branch name",0.8,Vælg branch med commits du vil inkludere i %@ og rebase oven på.,"Wähle den Branch mit Commits, die du in %@ einbeziehen und darauf rebasen möchtest.",选取包含你想要纳入 %@ 并在其上变基的提交的分支。,選取包含你想要納入 %@ 並在其上重定基底的提交的分支。
Rebase %ld/%ld,"progress during rebase operation that replays commits, args: current step number, total steps",0.8,Rebase %ld/%ld,Rebase %ld/%ld,变基 %ld/%ld,重定基底 %ld/%ld
Removed %@ configuration,"success message after removing a submodule, %@ is the submodule name",0.8,Fjernede %@-konfiguration,%@-Konfiguration entfernt,已移除 %@ 配置,已移除 %@ 設定
Repository is removed from Working Copy but kept in %@.,"delete warning for external repository without internal .git folder, %@ is the external location name",0.8,Repository er fjernet fra Working Copy men beholdt i %@.,"Repository wurde aus Working Copy entfernt, aber in %@ behalten.",仓库已从 Working Copy 移除，但保留在 %@ 中。,版本庫已從 Working Copy 移除，但保留在 %@ 中。
Repository reset and autostash applied.,success message after reverting when a stash was automatically reapplied,0.8,Repository nulstillet og autostash anvendt.,Repository zurückgesetzt und Autostash angewendet.,仓库已重置并已应用自动储藏。,版本庫已重設並已應用自動貯存。
Restart,notification action button to restart the WebDAV server,0.8,Genstart,Neustart,重新启动,重新啟動
SSH connection to %@ stopped. It requires %@ to run in the foreground unless you enable Server Persistence.,"notification when SSH stops in background, first %@ is hostname, second %@ is app name",0.8,SSH-forbindelse til %@ stoppede. Det kræver at %@ kører i forgrunden medmindre du aktiverer Server Persistence.,"SSH-Verbindung zu %@ gestoppt. Es erfordert, dass %@ im Vordergrund läuft, es sei denn, du aktivierst Server Persistence.",到 %@ 的 SSH 连接已停止。除非你启用服务器持续运行，否则需要 %@ 在前台运行。,到 %@ 的 SSH 連線已停止。除非你啟用伺服器持續執行，否則需要 %@ 在前景執行。
Server has been created but no SSH key is configured to authenticate.,warning after server creation when SSH key was not configured,0.8,"Server er oprettet, men ingen SSH-nøgle er konfigureret til godkendelse.","Server wurde erstellt, aber es ist kein SSH-Schlüssel zur Authentifizierung konfiguriert.",服务器已创建，但未配置用于认证的 SSH 密钥。,伺服器已建立，但未設定用於認證的 SSH 金鑰。
Signing key configured for %@ on GitHub.,success message after uploading signing key to GitHub; %@ is the GitHub username,0.8,Signeringsnøgle konfigureret for %@ på GitHub.,Signierungsschlüssel für %@ auf GitHub konfiguriert.,已在 GitHub 上为 %@ 配置签名密钥。,已在 GitHub 上為 %@ 設定簽名金鑰。
Signing key for %@ imported.,success message after key import; %@ is the PGP user ID like 'Name <email>',0.8,Signeringsnøgle for %@ importeret.,Signierungsschlüssel für %@ importiert.,已导入 %@ 的签名密钥。,已匯入 %@ 的簽名金鑰。
Submodule %@ cloned.,"success message after cloning a submodule, %@ is submodule name",0.8,Submodule %@ klonet.,Submodule %@ geklont.,子模组 %@ 已克隆。,子模組 %@ 已拓製。
Submodule %@ purged from repository.,"success message after purging a submodule, %@ is submodule name",0.8,Submodule %@ fjernet fra repository.,Submodule %@ aus Repository entfernt.,子模组 %@ 已从仓库中清除。,子模組 %@ 已從版本庫中清除。
Submodule will be removed from device but can be cloned again.,warning before purging a submodule with no data loss,0.8,"Submodule fjernes fra enheden, men kan klones igen.","Submodule wird vom Gerät entfernt, kann aber erneut geklont werden.",子模组将从设备中移除，但可以重新克隆。,子模組將從裝置中移除，但可以重新拓製。
Synchronizing %@ with %@ %@ ago.,"progress, args: repo name, sync target, time",0.8,Synkroniserer %@ med %@ for %@ siden.,Synchronisiere %@ mit %@ vor %@.,正在同步 %@ 与 %@，上次于 %@ 前。,正在同步 %@ 與 %@，上次於 %@ 前。
Synchronizing %@ with %@ just now.,"progress, args: repo name, sync target",0.8,Synkroniserer %@ med %@ lige nu.,Synchronisiere %@ mit %@ gerade eben.,正在同步 %@ 与 %@，刚刚开始。,正在同步 %@ 與 %@，剛剛開始。
Synchronizing %@ with %@.,"progress, args: repo name, sync target",0.8,Synkroniserer %@ med %@.,Synchronisiere %@ mit %@.,正在同步 %@ 与 %@。,正在同步 %@ 與 %@。
Tap to replace the existing '%@/.git' with the one from Working Copy?,confirmation prompt when moving .git externally and one already exists; %@ is the directory name,0.8,Tryk for at erstatte den eksisterende '%@/.git' med den fra Working Copy?,"Tippe, um die vorhandene '%@/.git' durch die von Working Copy zu ersetzen?",轻触以用 Working Copy 中的 .git 替换现有的“%@/.git”？,點一下以用 Working Copy 中的「.git」取代現有的「%@/.git」？
Updating %@,"progress title while updating or cloning a submodule, %@ is submodule name",0.8,Opdaterer %@,Aktualisiere %@,正在更新 %@,正在更新 %@
WebDAV Server stopped. It requires %@ to run in the foreground unless you enable Server Persistence.,"notification when WebDAV server stops in background, arg: app name",0.8,WebDAV-server stoppet. Den kræver at %@ kører i forgrunden medmindre du aktiverer serverpersistens.,"WebDAV-Server gestoppt. Er erfordert, dass %@ im Vordergrund läuft, es sei denn, du aktivierst Serverpersistenz.",WebDAV 服务器已停止。除非你启用服务器持续运行，否则需要 %@ 在前台运行。,WebDAV 伺服器已停止。除非你啟用伺服器持續執行，否則需要 %@ 在前景執行。
WebDAV server stopped.,status message after stopping the WebDAV server,0.8,WebDAV-server stoppet.,WebDAV-Server gestoppt.,WebDAV 服务器已停止。,WebDAV 伺服器已停止。
When syncing stops you will no longer be able to restore files overwritten or deleted by Sync.,confirmation message when deleting a sync configuration,0.8,Når synkronisering stopper vil du ikke længere kunne gendanne filer overskrevet eller slettet af Sync.,"Wenn die Synchronisierung stoppt, kannst du keine Dateien mehr wiederherstellen, die von Sync überschrieben oder gelöscht wurden.",当同步停止后，你将无法再恢复被同步覆盖或删除的文件。,當同步停止後，你將無法再恢復被同步覆蓋或刪除的檔案。
"When syncing stops you will no longer be able to restore files overwritten or deleted by Sync.

Any sync operations marked with ⚠️ are restored for manual review.",confirmation message when deleting sync with controversial operations,0.8,"Når synkronisering stopper vil du ikke længere kunne gendanne filer overskrevet eller slettet af Sync.

Synkroniseringshandlinger markeret med ⚠️ gendannes til manuel gennemgang.","Wenn die Synchronisierung stoppt, kannst du keine Dateien mehr wiederherstellen, die von Sync überschrieben oder gelöscht wurden.

Synchronisierungsvorgänge, die mit ⚠️ markiert sind, werden zur manuellen Überprüfung wiederhergestellt.","当同步停止后，你将无法再恢复被同步覆盖或删除的文件。

标记为 ⚠️ 的同步操作将被恢复以供手动审查。","當同步停止後，你將無法再恢復被同步覆蓋或刪除的檔案。

標記為 ⚠️ 的同步操作將被恢復以供手動審查。"
Working directory in %@ is copied but left unchanged.,confirmation title when importing a linked repo with internal .git; %@ is the external storage location name,0.8,Working directory i %@ kopieres men efterlades uændret.,"Arbeitsverzeichnis in %@ wird kopiert, aber unverändert gelassen.",%@ 中的工作目录已复制但保持不变。,%@ 中的工作目錄已複製但保持不變。
You have no SSH public keys configured on %@. Pick one for authenticating to your new server.,prompt when no SSH keys exist on the cloud provider. %@ is provider name,0.8,Du har ingen offentlige SSH-nøgler konfigureret på %@. Vælg en til godkendelse på din nye server.,Du hast keine öffentlichen SSH-Schlüssel auf %@ konfiguriert. Wähle einen zur Authentifizierung bei deinem neuen Server.,你在 %@ 上没有配置 SSH 公钥。请选择一个用于向新服务器认证。,你在 %@ 上沒有設定 SSH 公開金鑰。請選擇一個用於向新伺服器認證。
Your Working Copy SSH key isn't known by %@. Configure public key for authenticating to your new server.,prompt when SSH key needs to be added to cloud provider. %@ is provider name,0.8,Din Working Copy SSH-nøgle er ikke kendt af %@. Konfigurer offentlig nøgle til godkendelse på din nye server.,Dein Working Copy SSH-Schlüssel ist %@ nicht bekannt. Konfiguriere den öffentlichen Schlüssel zur Authentifizierung bei deinem neuen Server.,你的 Working Copy SSH 密钥未被 %@ 识别。请配置公钥以向新服务器认证。,你的 Working Copy SSH 金鑰未被 %@ 識別。請設定公開金鑰以向新伺服器認證。
parent,fallback label for a commit's parent when identifier is empty,0.8,forælder,übergeordnet,父提交,父提交
update %ld files on server,"upload consequence in status message, active voice; %ld is number of files",0.8,opdater %ld filer på serveren,%ld Dateien auf Server aktualisieren,更新服务器上的 %ld 个文件,更新伺服器上的 %ld 個檔案
update one file on server,"upload consequence in status message, active voice",0.8,opdater én fil på serveren,eine Datei auf Server aktualisieren,更新服务器上的一个文件,更新伺服器上的一個檔案
Secure Enclave Keys,feature name for SSH keys protected by the device secure enclave,0.7,Secure Enclave-nøgler,Secure Enclave-Schlüssel,Secure Enclave 密钥,Secure Enclave 金鑰
App failed receipt validation.,receipt validation failure reason,0.6,App bestod ikke kvitteringsvalidering.,App hat die Quittungsvalidierung nicht bestanden.,应用未通过收据验证。,App 未通過收據驗證。
Authenticate Git operation,Face ID / Touch ID prompt when signing with Secure Enclave key,0.6,Autentificér Git-operation,Git-Operation authentifizieren,验证 Git 操作,驗證 Git 操作
"Data size mismatch: received %zu bytes, expected %zu","LFS SSH download error, args: actual bytes received, expected byte count",0.6,"Datastørrelse stemmer ikke: modtog %zu bytes, forventede %zu","Datengröße stimmt nicht überein: %zu Bytes empfangen, %zu erwartet",数据大小不匹配：收到 %zu 字节，预期 %zu 字节,資料大小不符：收到 %zu 位元組，預期 %zu 位元組
Enter username and authentication token.,prompt in authentication dialog for Overleaf which uses tokens instead of passwords,0.6,Indtast brugernavn og autentificeringstoken.,Benutzername und Authentifizierungstoken eingeben.,输入用户名和认证令牌。,輸入使用者名稱和驗證權杖。
Expected Git version not: %@,"error when SSH command output does not start with git version, %@ is the unexpected line",0.6,Forventede Git-version ikke: %@,Erwartete Git-Version nicht: %@,预期 Git 版本而非：%@,預期 Git 版本而非：%@
Failed to retrieve Secure Enclave key,error when the private key cannot be found in the Secure Enclave for signing,0.6,Kunne ikke hente Secure Enclave-nøgle,Secure Enclave-Schlüssel konnte nicht abgerufen werden,无法获取 Secure Enclave 密钥,無法取得 Secure Enclave 金鑰
Invalid URL %@,"error for malformed proxy URL, arg: the invalid URL string",0.6,Ugyldig URL %@,Ungültige URL %@,无效的 URL %@,無效的 URL %@
It looks like Editorial is not installed.,error when Editorial app cannot be opened,0.6,"Det ser ud til, at Editorial ikke er installeret.","Es sieht so aus, als wäre Editorial nicht installiert.",看起来未安装 Editorial。,看起來未安裝 Editorial。
Missing SecureShellKeyKind in generateAndStoreKey,internal error when key generation called with unknown key type,0.6,Manglende SecureShellKeyKind i generateAndStoreKey,Fehlender SecureShellKeyKind in generateAndStoreKey,generateAndStoreKey 中缺少 SecureShellKeyKind,generateAndStoreKey 中缺少 SecureShellKeyKind
Missing branch to checkout. This error should never happen and you are very welcome to report this through 'Report Feedback' in settings.,internal error message when branch object is unexpectedly nil during checkout,0.6,"Manglende branch til checkout. Denne fejl burde aldrig ske, og du er meget velkommen til at rapportere den via 'Rapportér feedback' i indstillinger.","Fehlender Branch zum Auschecken. Dieser Fehler sollte niemals auftreten, und du bist herzlich eingeladen, ihn über 'Feedback melden' in den Einstellungen zu melden.",缺少要检出的分支。此错误不应发生，欢迎你通过设置中的“报告反馈”来报告此问题。,缺少要簽出的分支。此錯誤不應發生，歡迎你透過設定中的「報告回饋」來報告此問題。
No status code in version response,error when LFS SSH version response lacks status code,0.6,Ingen statuskode i versionssvar,Kein Statuscode in der Versionsantwort,版本响应中没有状态码,版本回應中沒有狀態碼
Server did not provide mandatory size argument,error when LFS SSH server omits required size in get-object response,0.6,Server leverede ikke obligatorisk størrelsesargument,Server hat das erforderliche Größenargument nicht bereitgestellt,服务器未提供必需的大小参数,伺服器未提供必需的大小參數
"Server size mismatch: expected %zu, server reports %zu","LFS SSH download error, args: expected byte count, server-reported byte count",0.6,"Serverstørrelsesafvigelse: forventede %zu, server rapporterer %zu","Servergrößenabweichung: erwartet %zu, Server meldet %zu",服务器大小不匹配：预期 %zu，服务器报告 %zu,伺服器大小不符：預期 %zu，伺服器報告 %zu
Student Developer Pack verification API returned unexpected result,error when GitHub student verification response is malformed,0.6,Student Developer Pack-verifikations-API returnerede uventet resultat,Student Developer Pack-Verifizierungs-API hat ein unerwartetes Ergebnis zurückgegeben,Student Developer Pack 验证 API 返回了意外结果,Student Developer Pack 驗證 API 回傳非預期結果
Unable to get public key from Secure Enclave,error when extracting the public key after generating a Secure Enclave key pair,0.6,Kan ikke hente offentlig nøgle fra Secure Enclave,Öffentlicher Schlüssel kann nicht aus Secure Enclave abgerufen werden,无法从 Secure Enclave 获取公钥,無法從 Secure Enclave 取得公開金鑰
Unable to launch Pythonista. Perhaps it is not installed.,error when Pythonista app cannot be opened,0.6,Kan ikke starte Pythonista. Måske er den ikke installeret.,Pythonista kann nicht gestartet werden. Möglicherweise ist es nicht installiert.,无法启动 Pythonista。可能尚未安装。,無法啟動 Pythonista。可能尚未安裝。
Unable to parse chained command,error when chain callback URL is malformed,0.6,Kan ikke fortolke kædet kommando,Verketteter Befehl kann nicht geparst werden,无法解析链式命令,無法解析鏈式指令
Unable to parse endpoint URL,error when LLM API endpoint URL is malformed,0.6,Kan ikke fortolke endpoint-URL,Endpoint-URL kann nicht geparst werden,无法解析端点 URL,無法解析端點 URL
Unable to prompt for Gerrit ,error when the Gerrit push dialog cannot be shown,0.6,Kan ikke vise Gerrit-prompt ,Gerrit-Eingabeaufforderung kann nicht angezeigt werden ,无法显示 Gerrit 对话框,無法顯示 Gerrit 對話方塊
Unexpected Beanstalk response,error message when Beanstalk API returns unexpected data,0.6,Uventet Beanstalk-svar,Unerwartete Beanstalk-Antwort,意外的 Beanstalk 响应,意外的 Beanstalk 回應
Unexpected BitBucket response.,error when BitBucket API returns data in an unexpected format,0.6,Uventet BitBucket-svar.,Unerwartete BitBucket-Antwort.,意外的 BitBucket 响应。,意外的 BitBucket 回應。
Unexpected auth magic header: $HEADER,"Error with unexpected OpenSSH magic header, $HEADER is replaced with the actual header value",0.6,Uventet autentificerings-magic-header: $HEADER,Unerwarteter Authentifizierungs-Magic-Header: $HEADER,意外的认证魔数标头：$HEADER,意外的認證魔數標頭：$HEADER
Unexpected response when creating repository.,error when GitLab API returns unexpected data during repo creation,0.6,Uventet svar ved oprettelse af repository.,Unerwartete Antwort beim Erstellen des Repositorys.,创建仓库时收到意外响应。,建立版本庫時收到意外回應。
Unsupported value class for drop,error message when a drag-and-drop operation provides an unexpected data type,0.6,Værdiklasse ikke understøttet til drop,Nicht unterstützte Wertklasse für Drop,不支持的拖放值类型,不支援的拖放值型別
Version negotiation timeout (3s),error when LFS SSH version handshake exceeds 3 seconds,0.6,Timeout ved versionsforhandling (3s),Zeitüberschreitung bei Versionsaushandlung (3s),版本协商超时（3s）,版本協商逾時（3 秒）
Version response read failed,error when reading LFS SSH version response fails,0.6,Læsning af versionssvar mislykkedes,Lesen der Versionsantwort fehlgeschlagen,读取版本响应失败,讀取版本回應失敗
bad message,SFTP error: malformed message received from server,0.6,ugyldig besked,ungültige Nachricht,无效消息,無效訊息
"

Tap to open Pythonista.",appended instruction telling user to tap to launch Pythonista,0.5,"

Tryk for at åbne Pythonista.","

Tippe, um Pythonista zu öffnen.","

轻触以打开 Pythonista。","

點一下以開啟 Pythonista。"
%@ has been copied to clipboard with your secret URL Callbacks Key filled out. You should create a new script with the contents of the clipboard and configure this as a Share Extension Shortcut.,instructions after copying a Pythonista script to clipboard; %@ is the script filename,0.5,%@ er blevet kopieret til udklipsholder med din hemmelige URL Callbacks-nøgle udfyldt. Du bør oprette et nyt script med indholdet af udklipsholderen og konfigurere dette som en Share Extension Shortcut.,%@ wurde mit deinem geheimen URL-Callbacks-Schlüssel in die Zwischenablage kopiert. Du solltest ein neues Skript mit dem Inhalt der Zwischenablage erstellen und als Share Extension Shortcut konfigurieren.,%@ 已连同你的 URL Callbacks 密钥复制到剪贴板。你应该用剪贴板内容创建一个新脚本，并将其配置为共享扩展快捷指令。,已將你的秘密 URL Callbacks 金鑰填入 %@，並將其複製到剪貼簿。你應該用剪貼簿內容建立一個新指令碼，並將其設定為分享延伸功能捷徑。
Delete Content,Title for alert confirming deletion of folder contents,0.5,Slet indhold,Inhalt löschen,删除内容,刪除內容
Jump Debug,keyboard shortcut label for debug navigation,0.5,Jump Debug,Jump Debug,跳转调试,跳轉偵錯
Repository has modified files such as '%@' after stash which is unexpected.,"warning when files remain modified after stashing, arg: file path",0.5,"Repository har ændrede filer som '%@' efter stash, hvilket er uventet.","Repository hat geänderte Dateien wie '%@' nach Stash, was unerwartet ist.",储藏后仓库仍有已修改文件（如“%@”），这不符合预期。,貯存後版本庫仍有已修改檔案（如「%@」），這不符合預期。
Secure Enclave key not found,error when the Secure Enclave signing key cannot be located,0.5,Secure Enclave-nøgle ikke fundet,Secure Enclave-Schlüssel nicht gefunden,未找到 Secure Enclave 密钥,未找到 Secure Enclave 金鑰
Send to nbviewer,activity title for sending notebook to nbviewer.jupyter.org,0.5,Send til nbviewer,An nbviewer senden,发送到 nbviewer,傳送到 nbviewer
Shows branch picker popup,accessibility hint for the branch switcher button,0.5,Viser branch-vælger popup,Zeigt Branch-Auswahl-Popup an,显示分支选择弹窗,顯示分支選擇彈出式視窗
Sign commit as %@,"Secure Enclave biometric prompt when signing a commit, %@ is the email address",0.5,Signér commit som %@,Commit signieren als %@,以 %@ 身份签名提交,以 %@ 身分簽名提交
Sign text with SSH key,biometric prompt reason when signing with Secure Enclave key,0.5,Signér tekst med SSH-nøgle,Text mit SSH-Schlüssel signieren,使用 SSH 密钥签名文本,使用 SSH 金鑰簽名文字
Sync strategy %d not yet implemented,"error, arg: strategy number",0.5,Sync-strategi %d endnu ikke implementeret,Sync-Strategie %d noch nicht implementiert,同步策略 %d 尚未实现,同步策略 %d 尚未實作
TestS Shortcut activated,debug-only confirmation message when test shortcut runs,0.5,TestS-genvej aktiveret,TestS-Kurzbefehl aktiviert,TestS 快捷指令已激活,TestS 捷徑已啟用
Toggles commit staging,accessibility hint for tapping a file cell to toggle staging,0.5,Skifter commit-staging,Schaltet Commit-Staging um,切换提交暂存状态,切換提交暫存狀態
Trying to use asynchronous method %@ in synchronous mode.,"SSH internal error, %@ is method name",0.5,Forsøger at bruge asynkron metode %@ i synkron tilstand.,"Versuch, asynchrone Methode %@ im synchronen Modus zu verwenden.",正在尝试在同步模式下使用异步方法 %@。,正在嘗試在同步模式下使用非同步方法 %@。
Trying to use synchronous method %@ in asynchronous mode.,"SSH internal error, %@ is method name",0.5,Forsøger at bruge synkron metode %@ i asynkron tilstand.,"Versuch, synchrone Methode %@ im asynchronen Modus zu verwenden.",正在尝试在异步模式下使用同步方法 %@。,正在嘗試在非同步模式下使用同步方法 %@。
Unable to configure access control for Secure Enclave key,error when setting up biometric access control for SSH key generation fails,0.5,Kan ikke konfigurere adgangskontrol for Secure Enclave-nøgle,Zugriffskontrolle für Secure Enclave-Schlüssel kann nicht konfiguriert werden,无法为 Secure Enclave 密钥配置访问控制,無法為 Secure Enclave 金鑰設定存取控制
Unexpected cipher: $CIPHER,"Error with unsupported encryption cipher in OpenSSH key, $CIPHER is replaced with the cipher name",0.5,Uventet cipher: $CIPHER,Unerwartete Cipher: $CIPHER,意外的加密算法：$CIPHER,意外的加密演算法：$CIPHER
"You are about to delete %ld entries inside %@.

There is no way to undo this. Enter the number of entries to confirm deletion.","Destructive confirmation message; %ld is number of entries, %@ is folder name",0.5,"Du er ved at slette %ld poster inde i %@.

Dette kan ikke fortrydes. Indtast antallet af poster for at bekræfte sletning.","Du bist dabei, %ld Einträge in %@ zu löschen.

Dies kann nicht rückgängig gemacht werden. Gib die Anzahl der Einträge ein, um das Löschen zu bestätigen.","你即将删除 %2$@ 中的 %1$ld 个条目。

此操作无法撤销。请输入条目数量以确认删除。","你即將刪除 %2$@ 中的 %1$ld 個項目。

此操作無法撤銷。請輸入項目數量以確認刪除。"
"Your Jupyter notebook will be stored as a private gist on GitHub.com and opened on nbviewer.jupyter.org

Tap to allow this.",confirmation prompt before uploading notebook to nbviewer,0.5,"Din Jupyter-notebook gemmes som en privat gist på GitHub.com og åbnes på nbviewer.jupyter.org

Tryk for at tillade dette.","Dein Jupyter-Notebook wird als privates Gist auf GitHub.com gespeichert und auf nbviewer.jupyter.org geöffnet.

Tippe, um dies zu erlauben.","你的 Jupyter 笔记本将作为私有 gist 存储在 GitHub.com 上并在 nbviewer.jupyter.org 上打开

轻触以允许此操作。","你的 Jupyter Notebook 將儲存為 GitHub.com 上的私密 gist，並在 nbviewer.jupyter.org 上開啟

點一下以允許此操作。"
relativePathOfUrl: expected %@ to be inside %@,"debug error, args: file path and directory path",0.5,relativePathOfUrl: forventede %@ at være inde i %@,"relativePathOfUrl: erwartet, dass %@ in %@ enthalten ist",relativePathOfUrl: 期望 %@ 在 %@ 内,relativePathOfUrl: 預期 %@ 位於 %@ 內
